2026-07-24 12:27:00,708 INFO httpx HTTP Request: GET https://fapi.binance.com/fapi/v1/openInterest?symbol=ETHUSDT "HTTP/1.1 451 "
2026-07-24 12:27:00,712 WARNING trader_dost_arun.data.base.binance.ETHUSDT binance OI poll failed: Client error '451 ' for url 'https://fapi.binance.com/fapi/v1/openInterest?symbol=ETHUSDT'
For more information check: https://developer.mozilla.org/en-US/docs/Web/HTTP/Status/451
2026-07-24 12:27:00,713 INFO httpx HTTP Request: GET https://fapi.binance.com/fapi/v1/openInterest?symbol=DOGEUSDT "HTTP/1.1 451 "
2026-07-24 12:27:00,713 INFO httpx HTTP Request: GET https://fapi.binance.com/fapi/v1/openInterest?symbol=LINKUSDT "HTTP/1.1 451 "
2026-07-24 12:27:00,714 INFO httpx HTTP Request: GET https://fapi.binance.com/fapi/v1/openInterest?symbol=AVAXUSDT "HTTP/1.1 451 "
2026-07-24 12:27:00,714 INFO httpx HTTP Request: GET https://fapi.binance.com/fapi/v1/openInterest?symbol=XRPUSDT "HTTP/1.1 451 "
2026-07-24 12:27:00,715 INFO httpx HTTP Request: GET https://fapi.binance.com/fapi/v1/openInterest?symbol=ARBUSDT "HTTP/1.1 451 "
2026-07-24 12:27:00,715 INFO httpx HTTP Request: GET https://fapi.binance.com/fapi/v1/openInterest?symbol=ADAUSDT "HTTP/1.1 451 "
2026-07-24 12:27:00,716 INFO httpx HTTP Request: GET https://fapi.binance.com/fapi/v1/openInterest?symbol=BTCUSDT "HTTP/1.1 451 "
2026-07-24 12:27:00,717 WARNING trader_dost_arun.data.base.binance.DOGEUSDT binance OI poll failed: Client error '451 ' for url 'https://fapi.binance.com/fapi/v1/openInterest?symbol=DOGEUSDT'
For more information check: https://developer.mozilla.org/en-US/docs/Web/HTTP/Status/451
2026-07-24 12:27:00,718 WARNING trader_dost_arun.data.base.binance.LINKUSDT binance OI poll failed: Client error '451 ' for url 'https://fapi.binance.com/fapi/v1/openInterest?symbol=LINKUSDT'
For more information check: https://developer.mozilla.org/en-US/docs/Web/HTTP/Status/451
2026-07-24 12:27:00,718 WARNING trader_dost_arun.data.base.binance.AVAXUSDT binance OI poll failed: Client error '451 ' for url 'https://fapi.binance.com/fapi/v1/openInterest?symbol=AVAXUSDT'
For more information check: https://developer.mozilla.org/en-US/docs/Web/HTTP/Status/451
2026-07-24 12:27:00,718 WARNING trader_dost_arun.data.base.binance.XRPUSDT binance OI poll failed: Client error '451 ' for url 'https://fapi.binance.com/fapi/v1/openInterest?symbol=XRPUSDT'
For more information check: https://developer.mozilla.org/en-US/docs/Web/HTTP/Status/451
2026-07-24 12:27:00,718 WARNING trader_dost_arun.data.base.binance.ARBUSDT binance OI poll failed: Client error '451 ' for url 'https://fapi.binance.com/fapi/v1/openInterest?symbol=ARBUSDT'
For more information check: https://developer.mozilla.org/en-US/docs/Web/HTTP/Status/451
2026-07-24 12:27:00,719 WARNING trader_dost_arun.data.base.binance.ADAUSDT binance OI poll failed: Client error '451 ' for url 'https://fapi.binance.com/fapi/v1/openInterest?symbol=ADAUSDT'
For more information check: https://developer.mozilla.org/en-US/docs/Web/HTTP/Status/451
2026-07-24 12:27:00,719 WARNING trader_dost_arun.data.base.binance.BTCUSDT binance OI poll failed: Client error '451 ' for url 'https://fapi.binance.com/fapi/v1/openInterest?symbol=BTCUSDT'
For more information check: https://developer.mozilla.org/en-US/docs/Web/HTTP/Status/451
2026-07-24 12:27:00,720 INFO trader_dost_arun.data.base.binance.LINKUSDT connected
2026-07-24 12:27:00,720 INFO trader_dost_arun.data.base.binance.ARBUSDT connected
2026-07-24 12:27:00,721 INFO trader_dost_arun.data.base.binance.DOGEUSDT connected
2026-07-24 12:27:00,721 INFO trader_dost_arun.data.base.binance.ETHUSDT connected
2026-07-24 12:27:00,721 INFO trader_dost_arun.data.base.binance.BNBUSDT connected
2026-07-24 12:27:00,722 INFO trader_dost_arun.data.base.binance.AVAXUSDT connected
2026-07-24 12:27:00,722 INFO trader_dost_arun.data.base.binance.SOLUSDT connected
2026-07-24 12:27:00,722 INFO httpx HTTP Request: GET https://fapi.binance.com/fapi/v1/openInterest?symbol=SOLUSDT "HTTP/1.1 451 "
2026-07-24 12:27:00,723 INFO httpx HTTP Request: GET https://fapi.binance.com/fapi/v1/openInterest?symbol=BNBUSDT "HTTP/1.1 451 "
2026-07-24 12:27:00,723 INFO trader_dost_arun.data.base.binance.ADAUSDT connected
2026-07-24 12:27:00,724 INFO trader_dost_arun.data.base.binance.XRPUSDT connected
2026-07-24 12:27:00,724 INFO trader_dost_arun.data.base.binance.BTCUSDT connected
2026-07-24 12:27:00,724 WARNING trader_dost_arun.data.base.binance.SOLUSDT binance OI poll failed: Client error '451 ' for url 'https://fapi.binance.com/fapi/v1/openInterest?symbol=SOLUSDT'
For more information check: https://developer.mozilla.org/en-US/docs/Web/HTTP/Status/451
2026-07-24 12:27:00,724 WARNING trader_dost_arun.data.base.binance.BNBUSDT binance OI poll failed: Client error '451 ' for url 'https://fapi.binance.com/fapi/v1/openInterest?symbol=BNBUSDT'
For more information check: https://developer.mozilla.org/en-US/docs/Web/HTTP/Status/451
2026-07-24 12:27:00,778 INFO httpx HTTP Request: POST https://api.hyperliquid.xyz/info "HTTP/1.1 200 OK"
2026-07-24 12:27:00,793 INFO httpx HTTP Request: POST https://api.hyperliquid.xyz/info "HTTP/1.1 200 OK"
2026-07-24 12:27:00,802 INFO trader_dost_arun.data.base.hyperliquid.BTC-PERP connected
2026-07-24 12:27:00,805 INFO trader_dost_arun.data.base.hyperliquid.AVAX-PERP connected
2026-07-24 12:27:00,809 INFO trader_dost_arun.data.base.hyperliquid.BNB-PERP connected
2026-07-24 12:27:00,810 INFO trader_dost_arun.data.base.hyperliquid.LINK-PERP connected
2026-07-24 12:27:00,811 INFO httpx HTTP Request: POST https://api.hyperliquid.xyz/info "HTTP/1.1 200 OK"
2026-07-24 12:27:00,812 INFO trader_dost_arun.data.base.hyperliquid.ETH-PERP connected
2026-07-24 12:27:00,813 INFO httpx HTTP Request: POST https://api.hyperliquid.xyz/info "HTTP/1.1 200 OK"
2026-07-24 12:27:00,814 INFO httpx HTTP Request: POST https://api.hyperliquid.xyz/info "HTTP/1.1 200 OK"
2026-07-24 12:27:00,815 INFO httpx HTTP Request: POST https://api.hyperliquid.xyz/info "HTTP/1.1 200 OK"
2026-07-24 12:27:00,816 INFO trader_dost_arun.data.base.hyperliquid.XRP-PERP connected
2026-07-24 12:27:00,817 INFO httpx HTTP Request: POST https://api.hyperliquid.xyz/info "HTTP/1.1 200 OK"
2026-07-24 12:27:00,818 INFO httpx HTTP Request: POST https://api.hyperliquid.xyz/info "HTTP/1.1 200 OK"
2026-07-24 12:27:00,820 INFO trader_dost_arun.data.base.hyperliquid.ADA-PERP connected
2026-07-24 12:27:00,820 INFO httpx HTTP Request: POST https://api.hyperliquid.xyz/info "HTTP/1.1 200 OK"
2026-07-24 12:27:00,822 INFO trader_dost_arun.data.base.hyperliquid.ARB-PERP connected
2026-07-24 12:27:00,823 INFO trader_dost_arun.data.base.hyperliquid.SOL-PERP connected
2026-07-24 12:27:00,823 INFO httpx HTTP Request: POST https://api.hyperliquid.xyz/info "HTTP/1.1 200 OK"
2026-07-24 12:27:00,828 INFO trader_dost_arun.data.base.hyperliquid.DOGE-PERP connected
2026-07-24 12:27:00,846 INFO httpx HTTP Request: GET https://api.coingecko.com/api/v3/simple/price?ids=bitcoin%2Cethereum%2Ctether%2Cusd-coin&vs_currencies=usd&include_24hr_change=true "HTTP/1.1 200 OK"
2026-07-24 12:27:00,869 INFO httpx HTTP Request: GET https://www.deribit.com/api/v2/public/get_book_summary_by_currency?currency=ETH&kind=option "HTTP/1.1 200 OK"
2026-07-24 12:27:00,871 INFO httpx HTTP Request: GET https://www.okx.com/api/v5/public/open-interest?instType=SWAP&instId=ETH-USDT-SWAP "HTTP/1.1 200 OK"
2026-07-24 12:27:00,874 INFO httpx HTTP Request: GET https://www.okx.com/api/v5/public/open-interest?instType=SWAP&instId=ADA-USDT-SWAP "HTTP/1.1 200 OK"
2026-07-24 12:27:00,876 INFO httpx HTTP Request: GET https://www.okx.com/api/v5/public/open-interest?instType=SWAP&instId=SOL-USDT-SWAP "HTTP/1.1 200 OK"
2026-07-24 12:27:00,882 INFO httpx HTTP Request: GET https://www.okx.com/api/v5/public/open-interest?instType=SWAP&instId=LINK-USDT-SWAP "HTTP/1.1 200 OK"
2026-07-24 12:27:00,889 INFO httpx HTTP Request: GET https://www.deribit.com/api/v2/public/get_book_summary_by_currency?currency=BTC&kind=option "HTTP/1.1 200 OK"
2026-07-24 12:27:00,890 INFO httpx HTTP Request: GET https://www.okx.com/api/v5/public/open-interest?instType=SWAP&instId=DOGE-USDT-SWAP "HTTP/1.1 200 OK"
2026-07-24 12:27:00,892 INFO httpx HTTP Request: GET https://www.okx.com/api/v5/public/open-interest?instType=SWAP&instId=AVAX-USDT-SWAP "HTTP/1.1 200 OK"
2026-07-24 12:27:00,894 INFO httpx HTTP Request: GET https://www.okx.com/api/v5/public/open-interest?instType=SWAP&instId=BNB-USDT-SWAP "HTTP/1.1 200 OK"
2026-07-24 12:27:00,895 INFO httpx HTTP Request: GET https://www.okx.com/api/v5/public/open-interest?instType=SWAP&instId=BTC-USDT-SWAP "HTTP/1.1 200 OK"
2026-07-24 12:27:00,896 INFO httpx HTTP Request: GET https://www.okx.com/api/v5/public/open-interest?instType=SWAP&instId=ARB-USDT-SWAP "HTTP/1.1 200 OK"
2026-07-24 12:27:00,904 INFO httpx HTTP Request: GET https://stablecoins.llama.fi/stablecoins?includePrices=true "HTTP/1.1 200 OK"
2026-07-24 12:27:00,937 INFO httpx HTTP Request: GET https://www.okx.com/api/v5/public/open-interest?instType=SWAP&instId=XRP-USDT-SWAP "HTTP/1.1 200 OK"
2026-07-24 12:27:00,975 INFO httpx HTTP Request: GET https://www.sec.gov/news/pressreleases.rss "HTTP/1.1 200 OK"
2026-07-24 12:27:01,000 INFO httpx HTTP Request: GET https://www.sec.gov/news/pressreleases.rss "HTTP/1.1 200 OK"
2026-07-24 12:27:01,004 INFO httpx HTTP Request: GET https://api.coingecko.com/api/v3/simple/price?ids=bitcoin%2Cethereum%2Ctether%2Cusd-coin&vs_currencies=usd&include_24hr_change=true "HTTP/1.1 200 OK"
2026-07-24 12:27:01,020 INFO httpx HTTP Request: GET https://stablecoins.llama.fi/stablecoins?includePrices=true "HTTP/1.1 200 OK"
2026-07-24 12:27:01,033 INFO httpx HTTP Request: GET https://www.sec.gov/news/pressreleases.rss "HTTP/1.1 200 OK"
2026-07-24 12:27:01,049 INFO httpx HTTP Request: GET https://www.sec.gov/news/pressreleases.rss "HTTP/1.1 200 OK"
2026-07-24 12:27:01,065 INFO trader_dost_arun.data.base.deribit.ETH-PERPETUAL connected
2026-07-24 12:27:01,066 INFO trader_dost_arun.data.base.deribit.BTC-PERPETUAL connected
2026-07-24 12:27:01,110 INFO trader_dost_arun.data.base.bybit.ARBUSDT connected
2026-07-24 12:27:01,124 INFO trader_dost_arun.data.base.bybit.AVAXUSDT connected
2026-07-24 12:27:01,128 INFO trader_dost_arun.data.base.bybit.LINKUSDT connected
2026-07-24 12:27:01,133 INFO trader_dost_arun.data.base.okx.ARB-USDT-SWAP connected
2026-07-24 12:27:01,136 INFO trader_dost_arun.data.base.bybit.BNBUSDT connected
2026-07-24 12:27:01,152 INFO trader_dost_arun.data.base.bybit.ADAUSDT connected
2026-07-24 12:27:01,156 INFO trader_dost_arun.data.base.okx.BTC-USDT-SWAP connected
2026-07-24 12:27:01,161 INFO trader_dost_arun.data.base.okx.SOL-USDT-SWAP connected
2026-07-24 12:27:01,164 INFO trader_dost_arun.data.base.okx.BNB-USDT-SWAP connected
2026-07-24 12:27:01,171 INFO trader_dost_arun.data.base.okx.ADA-USDT-SWAP connected
2026-07-24 12:27:01,172 INFO trader_dost_arun.data.base.bybit.ETHUSDT connected
2026-07-24 12:27:01,177 INFO trader_dost_arun.data.base.okx.AVAX-USDT-SWAP connected
2026-07-24 12:27:01,184 INFO trader_dost_arun.data.base.bybit.DOGEUSDT connected
2026-07-24 12:27:01,186 WARNING trader_dost_arun.data.base.okx.XRP-USDT-SWAP connector error: server rejected WebSocket connection: HTTP 503
2026-07-24 12:27:01,218 INFO trader_dost_arun.data.base.bybit.BTCUSDT connected
2026-07-24 12:27:01,218 INFO trader_dost_arun.data.base.bybit.SOLUSDT connected
2026-07-24 12:27:01,220 INFO httpx HTTP Request: GET https://www.coindesk.com/arc/outboundfeeds/rss/ "HTTP/1.1 308 Permanent Redirect"
2026-07-24 12:27:01,230 INFO trader_dost_arun.data.base.bybit.XRPUSDT connected
2026-07-24 12:27:01,284 INFO trader_dost_arun.data.base.okx.ETH-USDT-SWAP connected
2026-07-24 12:27:01,291 INFO trader_dost_arun.data.base.okx.LINK-USDT-SWAP connected
2026-07-24 12:27:01,313 INFO httpx HTTP Request: GET https://www.coindesk.com/arc/outboundfeeds/rss "HTTP/1.1 200 OK"
2026-07-24 12:27:01,380 INFO trader_dost_arun.data.base.okx.DOGE-USDT-SWAP connected
2026-07-24 12:27:01,404 INFO httpx HTTP Request: GET https://cointelegraph.com/rss "HTTP/1.1 200 OK"
2026-07-24 12:27:01,471 INFO httpx HTTP Request: GET https://www.coindesk.com/arc/outboundfeeds/rss/ "HTTP/1.1 308 Permanent Redirect"
2026-07-24 12:27:01,554 INFO httpx HTTP Request: GET https://www.coindesk.com/arc/outboundfeeds/rss "HTTP/1.1 200 OK"
2026-07-24 12:27:01,594 INFO httpx HTTP Request: GET https://cointelegraph.com/rss "HTTP/1.1 200 OK"
2026-07-24 12:27:01,728 INFO httpx HTTP Request: GET https://feeds.bloomberg.com/crypto/news.rss "HTTP/1.1 301 Moved Permanently"
2026-07-24 12:27:01,853 INFO httpx HTTP Request: GET https://feeds.bloomberg.com/crypto/news.rss "HTTP/1.1 301 Moved Permanently"
2026-07-24 12:27:01,960 INFO httpx HTTP Request: GET https://www.bloomberg.com/feeds/crypto/news.rss "HTTP/1.1 200 OK"
2026-07-24 12:27:01,964 INFO httpx HTTP Request: GET https://www.bloomberg.com/feeds/crypto/news.rss "HTTP/1.1 200 OK"
2026-07-24 12:27:02,023 INFO httpx HTTP Request: GET https://www.theblock.co/rss.xml "HTTP/1.1 200 OK"
2026-07-24 12:27:02,122 INFO httpx HTTP Request: GET https://www.theblock.co/rss.xml "HTTP/1.1 200 OK"
2026-07-24 12:27:02,644 INFO httpx HTTP Request: GET https://nitter.net/binance/rss "HTTP/1.1 200 OK"
2026-07-24 12:27:02,645 WARNING trader_dost_arun.newsguard.sources rss source binance_status_x failed: no element found: line 1, column 0
2026-07-24 12:27:02,646 INFO httpx HTTP Request: GET https://nitter.net/binance/rss "HTTP/1.1 200 OK"
2026-07-24 12:27:02,647 WARNING trader_dost_arun.newsguard.sources rss source binance_status_x failed: no element found: line 1, column 0
2026-07-24 12:27:02,782 INFO httpx HTTP Request: GET https://nitter.net/okx/rss "HTTP/1.1 200 OK"
2026-07-24 12:27:02,784 WARNING trader_dost_arun.newsguard.sources rss source okx_x failed: no element found: line 1, column 0
2026-07-24 12:27:02,785 INFO httpx HTTP Request: GET https://nitter.net/okx/rss "HTTP/1.1 200 OK"
2026-07-24 12:27:02,787 WARNING trader_dost_arun.newsguard.sources rss source okx_x failed: no element found: line 1, column 0
2026-07-24 12:27:03,110 INFO trader_dost_arun.data.base.okx.XRP-USDT-SWAP connected
2026-07-24 12:27:03,327 INFO httpx HTTP Request: GET https://t.me/s/BinanceAnnouncements "HTTP/1.1 200 OK"
2026-07-24 12:27:03,363 INFO httpx HTTP Request: GET https://t.me/s/BinanceAnnouncements "HTTP/1.1 200 OK"
2026-07-24 12:27:03,518 INFO httpx HTTP Request: GET https://t.me/s/hyperliquidx "HTTP/1.1 302 Found"
2026-07-24 12:27:03,559 INFO httpx HTTP Request: GET https://t.me/s/hyperliquidx "HTTP/1.1 302 Found"
2026-07-24 12:27:03,681 INFO httpx HTTP Request: GET https://t.me/hyperliquidx "HTTP/1.1 200 OK"
/home/user/downloads/trader_fix/trader_dost_arun_signal_bot-main/trader_dost_arun/features/calculations.py:85: RuntimeWarning: divide by zero encountered in log
  returns = np.diff(np.log(np.array(closes)))
/usr/local/lib/python3.13/site-packages/numpy/lib/_function_base_impl.py:1518: RuntimeWarning: invalid value encountered in subtract
  a = op(a[slice1], a[slice2])
/usr/local/lib/python3.13/site-packages/numpy/_core/_methods.py:170: RuntimeWarning: invalid value encountered in reduce
  arrmean = umr_sum(arr, axis, dtype, keepdims=True, where=where)
/usr/local/lib/python3.13/site-packages/numpy/_core/_methods.py:190: RuntimeWarning: invalid value encountered in subtract
  x = asanyarray(arr - arrmean)
2026-07-24 12:27:11,507 INFO trader_dost_arun.ops.alerts telegram disabled: ⚠️ <b>Health warning</b> okx: score=59.6, p95=177.3ms, stale=7.8s, reconnects=1
2026-07-24 12:27:11,542 INFO trader_dost_arun.ops.alerts telegram disabled: ⚠️ <b>Health warning</b> okx: score=59.5, p95=177.3ms, stale=7.9s, reconnects=1
2026-07-24 12:27:11,585 INFO trader_dost_arun.ops.alerts telegram disabled: ⚠️ <b>Health warning</b> okx: score=59.4, p95=177.3ms, stale=7.9s, reconnects=1
2026-07-24 12:27:11,747 INFO trader_dost_arun.ops.alerts telegram disabled: ⚠️ <b>Health warning</b> okx: score=59.1, p95=177.3ms, stale=8.1s, reconnects=1
2026-07-24 12:27:11,749 INFO trader_dost_arun.ops.alerts telegram disabled: ⚠️ <b>Health warning</b> okx: score=59.1, p95=177.3ms, stale=8.1s, reconnects=1
2026-07-24 12:27:11,874 INFO trader_dost_arun.ops.alerts telegram disabled: ⚠️ <b>Health warning</b> okx: score=58.8, p95=177.3ms, stale=8.2s, reconnects=1
2026-07-24 12:27:11,909 INFO trader_dost_arun.ops.alerts telegram disabled: ⚠️ <b>Health warning</b> okx: score=58.8, p95=177.3ms, stale=8.2s, reconnects=1
2026-07-24 12:27:11,960 INFO trader_dost_arun.ops.alerts telegram disabled: ⚠️ <b>Health warning</b> okx: score=58.7, p95=177.3ms, stale=8.3s, reconnects=1
2026-07-24 12:27:12,078 INFO trader_dost_arun.ops.alerts telegram disabled: ⚠️ <b>Health warning</b> okx: score=58.4, p95=177.3ms, stale=8.4s, reconnects=1
2026-07-24 12:27:12,181 INFO trader_dost_arun.ops.alerts telegram disabled: ⚠️ <b>Health warning</b> okx: score=58.2, p95=177.3ms, stale=8.5s, reconnects=1
2026-07-24 12:27:12,200 INFO trader_dost_arun.ops.alerts telegram disabled: ⚠️ <b>Health warning</b> okx: score=58.2, p95=177.3ms, stale=8.5s, reconnects=1
2026-07-24 12:27:12,246 INFO trader_dost_arun.ops.alerts telegram disabled: ⚠️ <b>Health warning</b> okx: score=58.1, p95=177.3ms, stale=8.6s, reconnects=1
2026-07-24 12:27:12,398 INFO trader_dost_arun.ops.alerts telegram disabled: ⚠️ <b>Health warning</b> okx: score=57.8, p95=177.3ms, stale=8.7s, reconnects=1
2026-07-24 12:27:12,422 INFO trader_dost_arun.ops.alerts telegram disabled: ⚠️ <b>Health warning</b> okx: score=57.7, p95=177.3ms, stale=8.7s, reconnects=1
2026-07-24 12:27:12,461 INFO trader_dost_arun.ops.alerts telegram disabled: ⚠️ <b>Health warning</b> okx: score=57.7, p95=177.3ms, stale=8.8s, reconnects=1
2026-07-24 12:27:12,498 INFO trader_dost_arun.ops.alerts telegram disabled: ⚠️ <b>Health warning</b> okx: score=57.6, p95=177.3ms, stale=8.8s, reconnects=1
2026-07-24 12:27:12,516 INFO trader_dost_arun.ops.alerts telegram disabled: ⚠️ <b>Health warning</b> okx: score=57.5, p95=177.3ms, stale=8.8s, reconnects=1
2026-07-24 12:27:12,518 INFO trader_dost_arun.ops.alerts telegram disabled: ⚠️ <b>Health warning</b> okx: score=57.5, p95=177.3ms, stale=8.8s, reconnects=1
2026-07-24 12:27:12,530 INFO trader_dost_arun.ops.alerts telegram disabled: ⚠️ <b>Health warning</b> okx: score=57.5, p95=177.3ms, stale=8.9s, reconnects=1
2026-07-24 12:27:12,553 INFO trader_dost_arun.ops.alerts telegram disabled: ⚠️ <b>Health warning</b> okx: score=57.5, p95=177.3ms, stale=8.9s, reconnects=1
2026-07-24 12:27:12,556 INFO trader_dost_arun.ops.alerts telegram disabled: ⚠️ <b>Health warning</b> okx: score=57.5, p95=177.3ms, stale=8.9s, reconnects=1
2026-07-24 12:27:12,594 INFO trader_dost_arun.ops.alerts telegram disabled: ⚠️ <b>Health warning</b> okx: score=57.4, p95=177.3ms, stale=8.9s, reconnects=1
2026-07-24 12:27:12,622 INFO trader_dost_arun.ops.alerts telegram disabled: ⚠️ <b>Health warning</b> okx: score=57.3, p95=177.3ms, stale=8.9s, reconnects=1
2026-07-24 12:27:12,624 INFO trader_dost_arun.ops.alerts telegram disabled: ⚠️ <b>Health warning</b> okx: score=57.3, p95=177.3ms, stale=8.9s, reconnects=1
2026-07-24 12:27:12,627 INFO trader_dost_arun.ops.alerts telegram disabled: ⚠️ <b>Health warning</b> okx: score=57.3, p95=177.3ms, stale=9.0s, reconnects=1
2026-07-24 12:27:12,804 INFO trader_dost_arun.ops.alerts telegram disabled: ⚠️ <b>Health warning</b> okx: score=57.0, p95=177.3ms, stale=9.1s, reconnects=1
2026-07-24 12:27:12,813 INFO trader_dost_arun.ops.alerts telegram disabled: ⚠️ <b>Health warning</b> okx: score=56.9, p95=177.3ms, stale=9.1s, reconnects=1
2026-07-24 12:27:12,833 INFO trader_dost_arun.ops.alerts telegram disabled: ⚠️ <b>Health warning</b> okx: score=56.9, p95=177.3ms, stale=9.2s, reconnects=1
2026-07-24 12:27:12,837 INFO trader_dost_arun.ops.alerts telegram disabled: ⚠️ <b>Health warning</b> okx: score=56.9, p95=177.3ms, stale=9.2s, reconnects=1
2026-07-24 12:27:13,018 INFO httpx HTTP Request: GET https://t.me/hyperliquidx "HTTP/1.1 200 OK"
2026-07-24 12:27:13,104 INFO trader_dost_arun.ops.alerts telegram disabled: ⚠️ <b>Health warning</b> binance: score=54.9, p95=9080.2ms, stale=0.0s, reconnects=0
2026-07-24 12:27:13,120 INFO trader_dost_arun.ops.alerts telegram disabled: ⚠️ <b>Health warning</b> binance: score=54.9, p95=9080.2ms, stale=0.0s, reconnects=0
2026-07-24 12:27:13,135 INFO trader_dost_arun.ops.alerts telegram disabled: ⚠️ <b>Health warning</b> binance: score=54.9, p95=9080.2ms, stale=0.1s, reconnects=0
2026-07-24 12:27:13,150 INFO trader_dost_arun.ops.alerts telegram disabled: ⚠️ <b>Health warning</b> binance: score=54.9, p95=9080.2ms, stale=0.1s, reconnects=0
2026-07-24 12:27:13,167 INFO trader_dost_arun.ops.alerts telegram disabled: ⚠️ <b>Health warning</b> binance: score=54.8, p95=9080.2ms, stale=0.1s, reconnects=0
2026-07-24 12:27:13,183 INFO trader_dost_arun.ops.alerts telegram disabled: ⚠️ <b>Health warning</b> binance: score=54.8, p95=9080.2ms, stale=0.1s, reconnects=0
2026-07-24 12:27:13,200 INFO trader_dost_arun.ops.alerts telegram disabled: ⚠️ <b>Health warning</b> binance: score=54.8, p95=9080.2ms, stale=0.1s, reconnects=0
2026-07-24 12:27:13,216 INFO trader_dost_arun.ops.alerts telegram disabled: ⚠️ <b>Health warning</b> binance: score=54.7, p95=9080.2ms, stale=0.1s, reconnects=0
2026-07-24 12:27:13,232 INFO trader_dost_arun.ops.alerts telegram disabled: ⚠️ <b>Health warning</b> binance: score=54.7, p95=9080.2ms, stale=0.2s, reconnects=0
2026-07-24 12:27:13,248 INFO trader_dost_arun.ops.alerts telegram disabled: ⚠️ <b>Health warning</b> binance: score=54.7, p95=9080.2ms, stale=0.2s, reconnects=0
2026-07-24 12:27:13,266 INFO trader_dost_arun.ops.alerts telegram disabled: ⚠️ <b>Health warning</b> binance: score=54.6, p95=9080.2ms, stale=0.2s, reconnects=0
2026-07-24 12:27:13,282 INFO trader_dost_arun.ops.alerts telegram disabled: ⚠️ <b>Health warning</b> binance: score=54.6, p95=9080.2ms, stale=0.2s, reconnects=0
2026-07-24 12:27:13,297 INFO trader_dost_arun.ops.alerts telegram disabled: ⚠️ <b>Health warning</b> binance: score=54.6, p95=9080.2ms, stale=0.2s, reconnects=0
2026-07-24 12:27:13,313 INFO trader_dost_arun.ops.alerts telegram disabled: ⚠️ <b>Health warning</b> binance: score=54.5, p95=9080.2ms, stale=0.2s, reconnects=0
2026-07-24 12:27:13,331 INFO trader_dost_arun.ops.alerts telegram disabled: ⚠️ <b>Health warning</b> binance: score=54.5, p95=9080.2ms, stale=0.3s, reconnects=0
2026-07-24 12:27:13,348 INFO trader_dost_arun.ops.alerts telegram disabled: ⚠️ <b>Health warning</b> binance: score=54.5, p95=9080.2ms, stale=0.3s, reconnects=0
2026-07-24 12:27:13,365 INFO trader_dost_arun.ops.alerts telegram disabled: ⚠️ <b>Health warning</b> binance: score=54.4, p95=9080.2ms, stale=0.3s, reconnects=0
2026-07-24 12:27:13,381 INFO trader_dost_arun.ops.alerts telegram disabled: ⚠️ <b>Health warning</b> binance: score=54.4, p95=9080.2ms, stale=0.3s, reconnects=0
2026-07-24 12:27:13,403 INFO trader_dost_arun.ops.alerts telegram disabled: ⚠️ <b>Health warning</b> binance: score=54.3, p95=9080.2ms, stale=0.3s, reconnects=0
2026-07-24 12:27:13,419 INFO trader_dost_arun.ops.alerts telegram disabled: ⚠️ <b>Health warning</b> binance: score=54.3, p95=9080.2ms, stale=0.3s, reconnects=0
2026-07-24 12:27:13,435 INFO trader_dost_arun.ops.alerts telegram disabled: ⚠️ <b>Health warning</b> binance: score=54.3, p95=9080.2ms, stale=0.4s, reconnects=0
2026-07-24 12:27:13,450 INFO trader_dost_arun.ops.alerts telegram disabled: ⚠️ <b>Health warning</b> binance: score=54.3, p95=9080.2ms, stale=0.4s, reconnects=0
2026-07-24 12:27:13,467 INFO trader_dost_arun.ops.alerts telegram disabled: ⚠️ <b>Health warning</b> binance: score=54.2, p95=9080.2ms, stale=0.4s, reconnects=0
2026-07-24 12:27:13,485 INFO trader_dost_arun.ops.alerts telegram disabled: ⚠️ <b>Health warning</b> binance: score=54.2, p95=9080.2ms, stale=0.4s, reconnects=0
2026-07-24 12:27:13,501 INFO trader_dost_arun.ops.alerts telegram disabled: ⚠️ <b>Health warning</b> binance: score=54.2, p95=9080.2ms, stale=0.4s, reconnects=0
2026-07-24 12:27:13,515 INFO trader_dost_arun.ops.alerts telegram disabled: ⚠️ <b>Health warning</b> binance: score=54.1, p95=9080.2ms, stale=0.4s, reconnects=0
2026-07-24 12:27:13,529 INFO trader_dost_arun.ops.alerts telegram disabled: ⚠️ <b>Health warning</b> binance: score=54.1, p95=9080.2ms, stale=0.5s, reconnects=0
2026-07-24 12:27:13,545 INFO trader_dost_arun.ops.alerts telegram disabled: ⚠️ <b>Health warning</b> binance: score=54.1, p95=9080.2ms, stale=0.5s, reconnects=0
2026-07-24 12:27:13,561 INFO trader_dost_arun.ops.alerts telegram disabled: ⚠️ <b>Health warning</b> binance: score=54.0, p95=9080.2ms, stale=0.5s, reconnects=0
2026-07-24 12:27:13,579 INFO trader_dost_arun.ops.alerts telegram disabled: ⚠️ <b>Health warning</b> binance: score=54.0, p95=9080.2ms, stale=0.5s, reconnects=0
2026-07-24 12:27:13,595 INFO trader_dost_arun.ops.alerts telegram disabled: ⚠️ <b>Health warning</b> binance: score=54.0, p95=9080.2ms, stale=0.5s, reconnects=0
2026-07-24 12:27:13,611 INFO trader_dost_arun.ops.alerts telegram disabled: ⚠️ <b>Health warning</b> binance: score=53.9, p95=9080.2ms, stale=0.5s, reconnects=0
2026-07-24 12:27:13,628 INFO trader_dost_arun.ops.alerts telegram disabled: ⚠️ <b>Health warning</b> binance: score=53.9, p95=9080.2ms, stale=0.6s, reconnects=0
2026-07-24 12:27:13,647 INFO trader_dost_arun.ops.alerts telegram disabled: ⚠️ <b>Health warning</b> binance: score=53.9, p95=9080.2ms, stale=0.6s, reconnects=0
2026-07-24 12:27:13,664 INFO trader_dost_arun.ops.alerts telegram disabled: ⚠️ <b>Health warning</b> binance: score=53.8, p95=9080.2ms, stale=0.6s, reconnects=0
2026-07-24 12:27:13,682 INFO trader_dost_arun.ops.alerts telegram disabled: ⚠️ <b>Health warning</b> binance: score=53.8, p95=9080.2ms, stale=0.6s, reconnects=0
2026-07-24 12:27:13,699 INFO trader_dost_arun.ops.alerts telegram disabled: ⚠️ <b>Health warning</b> binance: score=53.8, p95=9080.2ms, stale=0.6s, reconnects=0
2026-07-24 12:27:13,721 INFO trader_dost_arun.ops.alerts telegram disabled: ⚠️ <b>Health warning</b> binance: score=53.7, p95=9080.2ms, stale=0.6s, reconnects=0
2026-07-24 12:27:13,738 INFO trader_dost_arun.ops.alerts telegram disabled: ⚠️ <b>Health warning</b> binance: score=53.7, p95=9080.2ms, stale=0.7s, reconnects=0
2026-07-24 12:27:13,754 INFO trader_dost_arun.ops.alerts telegram disabled: ⚠️ <b>Health warning</b> binance: score=53.6, p95=9080.2ms, stale=0.7s, reconnects=0
2026-07-24 12:27:13,772 INFO trader_dost_arun.ops.alerts telegram disabled: ⚠️ <b>Health warning</b> binance: score=53.6, p95=9080.2ms, stale=0.7s, reconnects=0
2026-07-24 12:27:13,790 INFO trader_dost_arun.ops.alerts telegram disabled: ⚠️ <b>Health warning</b> binance: score=53.6, p95=9080.2ms, stale=0.7s, reconnects=0
2026-07-24 12:27:13,805 INFO trader_dost_arun.ops.alerts telegram disabled: ⚠️ <b>Health warning</b> binance: score=53.5, p95=9080.2ms, stale=0.7s, reconnects=0
2026-07-24 12:27:13,824 INFO trader_dost_arun.ops.alerts telegram disabled: ⚠️ <b>Health warning</b> binance: score=53.5, p95=9080.2ms, stale=0.7s, reconnects=0
2026-07-24 12:27:13,840 INFO trader_dost_arun.ops.alerts telegram disabled: ⚠️ <b>Health warning</b> binance: score=53.5, p95=9080.2ms, stale=0.8s, reconnects=0
2026-07-24 12:27:13,857 INFO trader_dost_arun.ops.alerts telegram disabled: ⚠️ <b>Health warning</b> binance: score=53.4, p95=9080.2ms, stale=0.8s, reconnects=0
2026-07-24 12:27:13,877 INFO trader_dost_arun.ops.alerts telegram disabled: ⚠️ <b>Health warning</b> binance: score=53.4, p95=9080.2ms, stale=0.8s, reconnects=0
2026-07-24 12:27:13,893 INFO trader_dost_arun.ops.alerts telegram disabled: ⚠️ <b>Health warning</b> binance: score=53.4, p95=9080.2ms, stale=0.8s, reconnects=0
2026-07-24 12:27:13,910 INFO trader_dost_arun.ops.alerts telegram disabled: ⚠️ <b>Health warning</b> binance: score=53.3, p95=9080.2ms, stale=0.8s, reconnects=0
2026-07-24 12:27:13,924 INFO trader_dost_arun.ops.alerts telegram disabled: ⚠️ <b>Health warning</b> binance: score=53.3, p95=9080.2ms, stale=0.8s, reconnects=0
2026-07-24 12:27:13,940 INFO trader_dost_arun.ops.alerts telegram disabled: ⚠️ <b>Health warning</b> binance: score=53.3, p95=9080.2ms, stale=0.9s, reconnects=0
2026-07-24 12:27:13,956 INFO trader_dost_arun.ops.alerts telegram disabled: ⚠️ <b>Health warning</b> binance: score=53.2, p95=9080.2ms, stale=0.9s, reconnects=0
2026-07-24 12:27:13,975 INFO trader_dost_arun.ops.alerts telegram disabled: ⚠️ <b>Health warning</b> binance: score=53.2, p95=9080.2ms, stale=0.9s, reconnects=0
2026-07-24 12:27:13,991 INFO trader_dost_arun.ops.alerts telegram disabled: ⚠️ <b>Health warning</b> binance: score=53.2, p95=9080.2ms, stale=0.9s, reconnects=0
2026-07-24 12:27:14,007 INFO trader_dost_arun.ops.alerts telegram disabled: ⚠️ <b>Health warning</b> binance: score=53.1, p95=9080.2ms, stale=0.9s, reconnects=0
2026-07-24 12:27:14,030 INFO trader_dost_arun.ops.alerts telegram disabled: ⚠️ <b>Health warning</b> binance: score=53.1, p95=9080.2ms, stale=1.0s, reconnects=0
2026-07-24 12:27:14,046 INFO trader_dost_arun.ops.alerts telegram disabled: ⚠️ <b>Health warning</b> binance: score=53.1, p95=9080.2ms, stale=1.0s, reconnects=0
2026-07-24 12:27:14,065 INFO trader_dost_arun.ops.alerts telegram disabled: ⚠️ <b>Health warning</b> binance: score=53.0, p95=9080.2ms, stale=1.0s, reconnects=0
2026-07-24 12:27:14,082 INFO trader_dost_arun.ops.alerts telegram disabled: ⚠️ <b>Health warning</b> binance: score=53.0, p95=9080.2ms, stale=1.0s, reconnects=0
2026-07-24 12:27:14,099 INFO trader_dost_arun.ops.alerts telegram disabled: ⚠️ <b>Health warning</b> binance: score=53.0, p95=9080.2ms, stale=1.0s, reconnects=0
2026-07-24 12:27:14,115 INFO trader_dost_arun.ops.alerts telegram disabled: ⚠️ <b>Health warning</b> binance: score=52.9, p95=9080.2ms, stale=1.0s, reconnects=0
2026-07-24 12:27:14,130 INFO trader_dost_arun.ops.alerts telegram disabled: ⚠️ <b>Health warning</b> binance: score=52.9, p95=9080.2ms, stale=1.1s, reconnects=0
2026-07-24 12:27:14,146 INFO trader_dost_arun.ops.alerts telegram disabled: ⚠️ <b>Health warning</b> binance: score=52.9, p95=9080.2ms, stale=1.1s, reconnects=0
2026-07-24 12:27:14,162 INFO trader_dost_arun.ops.alerts telegram disabled: ⚠️ <b>Health warning</b> binance: score=52.8, p95=9080.2ms, stale=1.1s, reconnects=0
2026-07-24 12:27:14,178 INFO trader_dost_arun.ops.alerts telegram disabled: ⚠️ <b>Health warning</b> binance: score=52.8, p95=9080.2ms, stale=1.1s, reconnects=0
2026-07-24 12:27:14,193 INFO trader_dost_arun.ops.alerts telegram disabled: ⚠️ <b>Health warning</b> binance: score=52.8, p95=9080.2ms, stale=1.1s, reconnects=0
2026-07-24 12:27:14,211 INFO trader_dost_arun.ops.alerts telegram disabled: ⚠️ <b>Health warning</b> binance: score=52.7, p95=9080.2ms, stale=1.1s, reconnects=0
2026-07-24 12:27:14,227 INFO trader_dost_arun.ops.alerts telegram disabled: ⚠️ <b>Health warning</b> binance: score=52.7, p95=9080.2ms, stale=1.2s, reconnects=0
2026-07-24 12:27:14,242 INFO trader_dost_arun.ops.alerts telegram disabled: ⚠️ <b>Health warning</b> binance: score=52.7, p95=9080.2ms, stale=1.2s, reconnects=0
2026-07-24 12:27:14,257 INFO trader_dost_arun.ops.alerts telegram disabled: ⚠️ <b>Health warning</b> binance: score=52.6, p95=9080.2ms, stale=1.2s, reconnects=0
2026-07-24 12:27:14,274 INFO trader_dost_arun.ops.alerts telegram disabled: ⚠️ <b>Health warning</b> binance: score=52.6, p95=9080.2ms, stale=1.2s, reconnects=0
2026-07-24 12:27:14,291 INFO trader_dost_arun.ops.alerts telegram disabled: ⚠️ <b>Health warning</b> binance: score=52.6, p95=9080.2ms, stale=1.2s, reconnects=0
2026-07-24 12:27:14,307 INFO trader_dost_arun.ops.alerts telegram disabled: ⚠️ <b>Health warning</b> binance: score=52.5, p95=9080.2ms, stale=1.2s, reconnects=0
2026-07-24 12:27:14,323 INFO trader_dost_arun.ops.alerts telegram disabled: ⚠️ <b>Health warning</b> binance: score=52.5, p95=9080.2ms, stale=1.2s, reconnects=0
2026-07-24 12:27:14,346 INFO trader_dost_arun.ops.alerts telegram disabled: ⚠️ <b>Health warning</b> binance: score=52.5, p95=9080.2ms, stale=1.3s, reconnects=0
2026-07-24 12:27:14,362 INFO trader_dost_arun.ops.alerts telegram disabled: ⚠️ <b>Health warning</b> binance: score=52.4, p95=9080.2ms, stale=1.3s, reconnects=0
2026-07-24 12:27:14,379 INFO trader_dost_arun.ops.alerts telegram disabled: ⚠️ <b>Health warning</b> binance: score=52.4, p95=9080.2ms, stale=1.3s, reconnects=0
2026-07-24 12:27:14,395 INFO trader_dost_arun.ops.alerts telegram disabled: ⚠️ <b>Health warning</b> binance: score=52.4, p95=9080.2ms, stale=1.3s, reconnects=0
2026-07-24 12:27:14,410 INFO trader_dost_arun.ops.alerts telegram disabled: ⚠️ <b>Health warning</b> binance: score=52.3, p95=9080.2ms, stale=1.3s, reconnects=0
2026-07-24 12:27:14,427 INFO trader_dost_arun.ops.alerts telegram disabled: ⚠️ <b>Health warning</b> binance: score=52.3, p95=9080.2ms, stale=1.4s, reconnects=0
2026-07-24 12:27:14,443 INFO trader_dost_arun.ops.alerts telegram disabled: ⚠️ <b>Health warning</b> binance: score=52.3, p95=9080.2ms, stale=1.4s, reconnects=0
2026-07-24 12:27:14,459 INFO trader_dost_arun.ops.alerts telegram disabled: ⚠️ <b>Health warning</b> binance: score=52.2, p95=9080.2ms, stale=1.4s, reconnects=0
2026-07-24 12:27:14,475 INFO trader_dost_arun.ops.alerts telegram disabled: ⚠️ <b>Health warning</b> binance: score=52.2, p95=9080.2ms, stale=1.4s, reconnects=0
2026-07-24 12:27:14,493 INFO trader_dost_arun.ops.alerts telegram disabled: ⚠️ <b>Health warning</b> binance: score=52.2, p95=9080.2ms, stale=1.4s, reconnects=0
2026-07-24 12:27:14,509 INFO trader_dost_arun.ops.alerts telegram disabled: ⚠️ <b>Health warning</b> binance: score=52.1, p95=9080.2ms, stale=1.4s, reconnects=0
2026-07-24 12:27:14,525 INFO trader_dost_arun.ops.alerts telegram disabled: ⚠️ <b>Health warning</b> binance: score=52.1, p95=9080.2ms, stale=1.4s, reconnects=0
2026-07-24 12:27:14,541 INFO trader_dost_arun.ops.alerts telegram disabled: ⚠️ <b>Health warning</b> binance: score=52.1, p95=9080.2ms, stale=1.5s, reconnects=0
2026-07-24 12:27:14,557 INFO trader_dost_arun.ops.alerts telegram disabled: ⚠️ <b>Health warning</b> binance: score=52.0, p95=9080.2ms, stale=1.5s, reconnects=0
2026-07-24 12:27:14,574 INFO trader_dost_arun.ops.alerts telegram disabled: ⚠️ <b>Health warning</b> binance: score=52.0, p95=9080.2ms, stale=1.5s, reconnects=0
2026-07-24 12:27:14,591 INFO trader_dost_arun.ops.alerts telegram disabled: ⚠️ <b>Health warning</b> binance: score=52.0, p95=9080.2ms, stale=1.5s, reconnects=0
2026-07-24 12:27:14,607 INFO trader_dost_arun.ops.alerts telegram disabled: ⚠️ <b>Health warning</b> binance: score=51.9, p95=9080.2ms, stale=1.5s, reconnects=0
2026-07-24 12:27:14,623 INFO trader_dost_arun.ops.alerts telegram disabled: ⚠️ <b>Health warning</b> binance: score=51.9, p95=9080.2ms, stale=1.5s, reconnects=0
2026-07-24 12:27:14,639 INFO trader_dost_arun.ops.alerts telegram disabled: ⚠️ <b>Health warning</b> binance: score=51.9, p95=9080.2ms, stale=1.6s, reconnects=0
2026-07-24 12:27:14,662 INFO trader_dost_arun.ops.alerts telegram disabled: ⚠️ <b>Health warning</b> binance: score=51.8, p95=9080.2ms, stale=1.6s, reconnects=0
2026-07-24 12:27:14,678 INFO trader_dost_arun.ops.alerts telegram disabled: ⚠️ <b>Health warning</b> binance: score=51.8, p95=9080.2ms, stale=1.6s, reconnects=0
2026-07-24 12:27:14,694 INFO trader_dost_arun.ops.alerts telegram disabled: ⚠️ <b>Health warning</b> binance: score=51.8, p95=9080.2ms, stale=1.6s, reconnects=0
2026-07-24 12:27:14,710 INFO trader_dost_arun.ops.alerts telegram disabled: ⚠️ <b>Health warning</b> binance: score=51.7, p95=9080.2ms, stale=1.6s, reconnects=0
2026-07-24 12:27:14,726 INFO trader_dost_arun.ops.alerts telegram disabled: ⚠️ <b>Health warning</b> binance: score=51.7, p95=9080.2ms, stale=1.7s, reconnects=0
2026-07-24 12:27:14,742 INFO trader_dost_arun.ops.alerts telegram disabled: ⚠️ <b>Health warning</b> binance: score=51.7, p95=9080.2ms, stale=1.7s, reconnects=0
2026-07-24 12:27:14,759 INFO trader_dost_arun.ops.alerts telegram disabled: ⚠️ <b>Health warning</b> binance: score=51.6, p95=9080.2ms, stale=1.7s, reconnects=0
2026-07-24 12:27:14,778 INFO trader_dost_arun.ops.alerts telegram disabled: ⚠️ <b>Health warning</b> binance: score=51.6, p95=9080.2ms, stale=1.7s, reconnects=0
2026-07-24 12:27:14,795 INFO trader_dost_arun.ops.alerts telegram disabled: ⚠️ <b>Health warning</b> binance: score=51.6, p95=9080.2ms, stale=1.7s, reconnects=0
2026-07-24 12:27:14,812 INFO trader_dost_arun.ops.alerts telegram disabled: ⚠️ <b>Health warning</b> binance: score=51.5, p95=9080.2ms, stale=1.7s, reconnects=0
2026-07-24 12:27:14,830 INFO trader_dost_arun.ops.alerts telegram disabled: ⚠️ <b>Health warning</b> binance: score=51.5, p95=9080.2ms, stale=1.8s, reconnects=0
2026-07-24 12:27:14,848 INFO trader_dost_arun.ops.alerts telegram disabled: ⚠️ <b>Health warning</b> binance: score=51.5, p95=9080.2ms, stale=1.8s, reconnects=0
2026-07-24 12:27:14,865 INFO trader_dost_arun.ops.alerts telegram disabled: ⚠️ <b>Health warning</b> binance: score=51.4, p95=9080.2ms, stale=1.8s, reconnects=0
2026-07-24 12:27:14,884 INFO trader_dost_arun.ops.alerts telegram disabled: ⚠️ <b>Health warning</b> binance: score=51.4, p95=9080.2ms, stale=1.8s, reconnects=0
2026-07-24 12:27:14,901 INFO trader_dost_arun.ops.alerts telegram disabled: ⚠️ <b>Health warning</b> binance: score=51.4, p95=9080.2ms, stale=1.8s, reconnects=0
2026-07-24 12:27:14,919 INFO trader_dost_arun.ops.alerts telegram disabled: ⚠️ <b>Health warning</b> binance: score=51.3, p95=9080.2ms, stale=1.8s, reconnects=0
2026-07-24 12:27:14,936 INFO trader_dost_arun.ops.alerts telegram disabled: ⚠️ <b>Health warning</b> binance: score=51.3, p95=9080.2ms, stale=1.9s, reconnects=0
2026-07-24 12:27:14,954 INFO trader_dost_arun.ops.alerts telegram disabled: ⚠️ <b>Health warning</b> binance: score=51.2, p95=9080.2ms, stale=1.9s, reconnects=0
2026-07-24 12:27:14,972 INFO trader_dost_arun.ops.alerts telegram disabled: ⚠️ <b>Health warning</b> binance: score=51.2, p95=9080.2ms, stale=1.9s, reconnects=0
2026-07-24 12:27:14,996 INFO trader_dost_arun.ops.alerts telegram disabled: ⚠️ <b>Health warning</b> binance: score=51.2, p95=9080.2ms, stale=1.9s, reconnects=0
2026-07-24 12:27:15,015 INFO trader_dost_arun.ops.alerts telegram disabled: ⚠️ <b>Health warning</b> binance: score=51.1, p95=9080.2ms, stale=1.9s, reconnects=0
2026-07-24 12:27:15,032 INFO trader_dost_arun.ops.alerts telegram disabled: ⚠️ <b>Health warning</b> binance: score=51.1, p95=9080.2ms, stale=2.0s, reconnects=0
2026-07-24 12:27:15,051 INFO trader_dost_arun.ops.alerts telegram disabled: ⚠️ <b>Health warning</b> binance: score=51.1, p95=9080.2ms, stale=2.0s, reconnects=0
2026-07-24 12:27:15,068 INFO trader_dost_arun.ops.alerts telegram disabled: ⚠️ <b>Health warning</b> binance: score=51.0, p95=9080.2ms, stale=2.0s, reconnects=0
2026-07-24 12:27:15,086 INFO trader_dost_arun.ops.alerts telegram disabled: ⚠️ <b>Health warning</b> binance: score=51.0, p95=9080.2ms, stale=2.0s, reconnects=0
2026-07-24 12:27:15,102 INFO trader_dost_arun.ops.alerts telegram disabled: ⚠️ <b>Health warning</b> binance: score=50.9, p95=9080.2ms, stale=2.0s, reconnects=0
2026-07-24 12:27:15,118 INFO trader_dost_arun.ops.alerts telegram disabled: ⚠️ <b>Health warning</b> binance: score=50.9, p95=9080.2ms, stale=2.0s, reconnects=0
2026-07-24 12:27:15,135 INFO trader_dost_arun.ops.alerts telegram disabled: ⚠️ <b>Health warning</b> binance: score=50.9, p95=9080.2ms, stale=2.1s, reconnects=0
2026-07-24 12:27:15,151 INFO trader_dost_arun.ops.alerts telegram disabled: ⚠️ <b>Health warning</b> binance: score=50.9, p95=9080.2ms, stale=2.1s, reconnects=0
2026-07-24 12:27:15,167 INFO trader_dost_arun.ops.alerts telegram disabled: ⚠️ <b>Health warning</b> binance: score=50.8, p95=9080.2ms, stale=2.1s, reconnects=0
2026-07-24 12:27:15,184 INFO trader_dost_arun.ops.alerts telegram disabled: ⚠️ <b>Health warning</b> binance: score=50.8, p95=9080.2ms, stale=2.1s, reconnects=0
2026-07-24 12:27:15,200 INFO trader_dost_arun.ops.alerts telegram disabled: ⚠️ <b>Health warning</b> binance: score=50.8, p95=9080.2ms, stale=2.1s, reconnects=0
2026-07-24 12:27:15,217 INFO trader_dost_arun.ops.alerts telegram disabled: ⚠️ <b>Health warning</b> binance: score=50.7, p95=9080.2ms, stale=2.1s, reconnects=0
2026-07-24 12:27:15,233 INFO trader_dost_arun.ops.alerts telegram disabled: ⚠️ <b>Health warning</b> binance: score=50.7, p95=9080.2ms, stale=2.2s, reconnects=0
2026-07-24 12:27:15,250 INFO trader_dost_arun.ops.alerts telegram disabled: ⚠️ <b>Health warning</b> binance: score=50.7, p95=9080.2ms, stale=2.2s, reconnects=0
2026-07-24 12:27:15,267 INFO trader_dost_arun.ops.alerts telegram disabled: ⚠️ <b>Health warning</b> binance: score=50.6, p95=9080.2ms, stale=2.2s, reconnects=0
2026-07-24 12:27:15,283 INFO trader_dost_arun.ops.alerts telegram disabled: ⚠️ <b>Health warning</b> binance: score=50.6, p95=9080.2ms, stale=2.2s, reconnects=0
2026-07-24 12:27:15,300 INFO trader_dost_arun.ops.alerts telegram disabled: ⚠️ <b>Health warning</b> binance: score=50.6, p95=9080.2ms, stale=2.2s, reconnects=0
2026-07-24 12:27:15,322 INFO trader_dost_arun.ops.alerts telegram disabled: ⚠️ <b>Health warning</b> binance: score=50.5, p95=9080.2ms, stale=2.2s, reconnects=0
2026-07-24 12:27:15,340 INFO trader_dost_arun.ops.alerts telegram disabled: ⚠️ <b>Health warning</b> binance: score=50.5, p95=9080.2ms, stale=2.3s, reconnects=0
2026-07-24 12:27:15,357 INFO trader_dost_arun.ops.alerts telegram disabled: ⚠️ <b>Health warning</b> binance: score=50.4, p95=9080.2ms, stale=2.3s, reconnects=0
2026-07-24 12:27:15,374 INFO trader_dost_arun.ops.alerts telegram disabled: ⚠️ <b>Health warning</b> binance: score=50.4, p95=9080.2ms, stale=2.3s, reconnects=0
2026-07-24 12:27:15,391 INFO trader_dost_arun.ops.alerts telegram disabled: ⚠️ <b>Health warning</b> binance: score=50.4, p95=9080.2ms, stale=2.3s, reconnects=0
2026-07-24 12:27:15,409 INFO trader_dost_arun.ops.alerts telegram disabled: ⚠️ <b>Health warning</b> binance: score=50.3, p95=9080.2ms, stale=2.3s, reconnects=0
2026-07-24 12:27:15,426 INFO trader_dost_arun.ops.alerts telegram disabled: ⚠️ <b>Health warning</b> binance: score=50.3, p95=9080.2ms, stale=2.4s, reconnects=0
2026-07-24 12:27:15,444 INFO trader_dost_arun.ops.alerts telegram disabled: ⚠️ <b>Health warning</b> binance: score=50.3, p95=9080.2ms, stale=2.4s, reconnects=0
2026-07-24 12:27:15,460 INFO trader_dost_arun.ops.alerts telegram disabled: ⚠️ <b>Health warning</b> binance: score=50.2, p95=9080.2ms, stale=2.4s, reconnects=0
2026-07-24 12:27:15,476 INFO trader_dost_arun.ops.alerts telegram disabled: ⚠️ <b>Health warning</b> binance: score=50.2, p95=9080.2ms, stale=2.4s, reconnects=0
2026-07-24 12:27:15,495 INFO trader_dost_arun.ops.alerts telegram disabled: ⚠️ <b>Health warning</b> binance: score=50.2, p95=9080.2ms, stale=2.4s, reconnects=0
2026-07-24 12:27:15,512 INFO trader_dost_arun.ops.alerts telegram disabled: ⚠️ <b>Health warning</b> binance: score=50.1, p95=9080.2ms, stale=2.4s, reconnects=0
2026-07-24 12:27:15,529 INFO trader_dost_arun.ops.alerts telegram disabled: ⚠️ <b>Health warning</b> binance: score=50.1, p95=9080.2ms, stale=2.5s, reconnects=0
2026-07-24 12:27:15,545 INFO trader_dost_arun.ops.alerts telegram disabled: ⚠️ <b>Health warning</b> binance: score=50.1, p95=9080.2ms, stale=2.5s, reconnects=0
2026-07-24 12:27:15,561 INFO trader_dost_arun.ops.alerts telegram disabled: ⚠️ <b>Health warning</b> binance: score=50.0, p95=9080.2ms, stale=2.5s, reconnects=0
2026-07-24 12:27:15,577 INFO trader_dost_arun.ops.alerts telegram disabled: ⚠️ <b>Health warning</b> binance: score=50.0, p95=9080.2ms, stale=2.5s, reconnects=0
2026-07-24 12:27:15,593 INFO trader_dost_arun.ops.alerts telegram disabled: ⚠️ <b>Health warning</b> binance: score=50.0, p95=9080.2ms, stale=2.5s, reconnects=0
2026-07-24 12:27:15,610 INFO trader_dost_arun.ops.alerts telegram disabled: ⚠️ <b>Health warning</b> binance: score=49.9, p95=9080.2ms, stale=2.5s, reconnects=0
2026-07-24 12:27:15,632 INFO trader_dost_arun.ops.alerts telegram disabled: ⚠️ <b>Health warning</b> binance: score=49.9, p95=9080.2ms, stale=2.6s, reconnects=0
2026-07-24 12:27:15,650 INFO trader_dost_arun.ops.alerts telegram disabled: ⚠️ <b>Health warning</b> binance: score=49.9, p95=9080.2ms, stale=2.6s, reconnects=0
2026-07-24 12:27:15,666 INFO trader_dost_arun.ops.alerts telegram disabled: ⚠️ <b>Health warning</b> binance: score=49.8, p95=9080.2ms, stale=2.6s, reconnects=0
2026-07-24 12:27:15,683 INFO trader_dost_arun.ops.alerts telegram disabled: ⚠️ <b>Health warning</b> binance: score=49.8, p95=9080.2ms, stale=2.6s, reconnects=0
2026-07-24 12:27:15,701 INFO trader_dost_arun.ops.alerts telegram disabled: ⚠️ <b>Health warning</b> binance: score=49.8, p95=9080.2ms, stale=2.6s, reconnects=0
2026-07-24 12:27:15,718 INFO trader_dost_arun.ops.alerts telegram disabled: ⚠️ <b>Health warning</b> binance: score=49.7, p95=9080.2ms, stale=2.6s, reconnects=0
2026-07-24 12:27:15,734 INFO trader_dost_arun.ops.alerts telegram disabled: ⚠️ <b>Health warning</b> binance: score=49.7, p95=9080.2ms, stale=2.7s, reconnects=0
2026-07-24 12:27:15,751 INFO trader_dost_arun.ops.alerts telegram disabled: ⚠️ <b>Health warning</b> binance: score=49.7, p95=9080.2ms, stale=2.7s, reconnects=0
2026-07-24 12:27:15,767 INFO trader_dost_arun.ops.alerts telegram disabled: ⚠️ <b>Health warning</b> binance: score=49.6, p95=9080.2ms, stale=2.7s, reconnects=0
2026-07-24 12:27:15,783 INFO trader_dost_arun.ops.alerts telegram disabled: ⚠️ <b>Health warning</b> binance: score=49.6, p95=9080.2ms, stale=2.7s, reconnects=0
2026-07-24 12:27:15,800 INFO trader_dost_arun.ops.alerts telegram disabled: ⚠️ <b>Health warning</b> binance: score=49.6, p95=9080.2ms, stale=2.7s, reconnects=0
2026-07-24 12:27:15,816 INFO trader_dost_arun.ops.alerts telegram disabled: ⚠️ <b>Health warning</b> binance: score=49.5, p95=9080.2ms, stale=2.7s, reconnects=0
2026-07-24 12:27:15,832 INFO trader_dost_arun.ops.alerts telegram disabled: ⚠️ <b>Health warning</b> binance: score=49.5, p95=9080.2ms, stale=2.8s, reconnects=0
2026-07-24 12:27:15,848 INFO trader_dost_arun.ops.alerts telegram disabled: ⚠️ <b>Health warning</b> binance: score=49.5, p95=9080.2ms, stale=2.8s, reconnects=0
2026-07-24 12:27:15,864 INFO trader_dost_arun.ops.alerts telegram disabled: ⚠️ <b>Health warning</b> binance: score=49.4, p95=9080.2ms, stale=2.8s, reconnects=0
2026-07-24 12:27:15,880 INFO trader_dost_arun.ops.alerts telegram disabled: ⚠️ <b>Health warning</b> binance: score=49.4, p95=9080.2ms, stale=2.8s, reconnects=0
2026-07-24 12:27:15,895 INFO trader_dost_arun.ops.alerts telegram disabled: ⚠️ <b>Health warning</b> binance: score=49.4, p95=9080.2ms, stale=2.8s, reconnects=0
2026-07-24 12:27:15,911 INFO trader_dost_arun.ops.alerts telegram disabled: ⚠️ <b>Health warning</b> binance: score=49.3, p95=9080.2ms, stale=2.8s, reconnects=0
2026-07-24 12:27:15,928 INFO trader_dost_arun.ops.alerts telegram disabled: ⚠️ <b>Health warning</b> binance: score=49.3, p95=9080.2ms, stale=2.9s, reconnects=0
2026-07-24 12:27:15,950 INFO trader_dost_arun.ops.alerts telegram disabled: ⚠️ <b>Health warning</b> binance: score=49.3, p95=9080.2ms, stale=2.9s, reconnects=0
2026-07-24 12:27:15,967 INFO trader_dost_arun.ops.alerts telegram disabled: ⚠️ <b>Health warning</b> binance: score=49.2, p95=9080.2ms, stale=2.9s, reconnects=0
2026-07-24 12:27:15,985 INFO trader_dost_arun.ops.alerts telegram disabled: ⚠️ <b>Health warning</b> binance: score=49.2, p95=9080.2ms, stale=2.9s, reconnects=0
2026-07-24 12:27:16,002 INFO trader_dost_arun.ops.alerts telegram disabled: ⚠️ <b>Health warning</b> binance: score=49.1, p95=9080.2ms, stale=2.9s, reconnects=0
2026-07-24 12:27:16,018 INFO trader_dost_arun.ops.alerts telegram disabled: ⚠️ <b>Health warning</b> binance: score=49.1, p95=9080.2ms, stale=2.9s, reconnects=0
2026-07-24 12:27:16,035 INFO trader_dost_arun.ops.alerts telegram disabled: ⚠️ <b>Health warning</b> binance: score=49.1, p95=9080.2ms, stale=3.0s, reconnects=0
2026-07-24 12:27:16,053 INFO trader_dost_arun.ops.alerts telegram disabled: ⚠️ <b>Health warning</b> binance: score=49.0, p95=9080.2ms, stale=3.0s, reconnects=0
2026-07-24 12:27:16,071 INFO trader_dost_arun.ops.alerts telegram disabled: ⚠️ <b>Health warning</b> binance: score=49.0, p95=9080.2ms, stale=3.0s, reconnects=0
2026-07-24 12:27:16,088 INFO trader_dost_arun.ops.alerts telegram disabled: ⚠️ <b>Health warning</b> binance: score=49.0, p95=9080.2ms, stale=3.0s, reconnects=0
2026-07-24 12:27:16,105 INFO trader_dost_arun.ops.alerts telegram disabled: ⚠️ <b>Health warning</b> binance: score=48.9, p95=9080.2ms, stale=3.0s, reconnects=0
2026-07-24 12:27:16,122 INFO trader_dost_arun.ops.alerts telegram disabled: ⚠️ <b>Health warning</b> binance: score=48.9, p95=9080.2ms, stale=3.0s, reconnects=0
2026-07-24 12:27:16,139 INFO trader_dost_arun.ops.alerts telegram disabled: ⚠️ <b>Health warning</b> binance: score=48.9, p95=9080.2ms, stale=3.1s, reconnects=0
2026-07-24 12:27:16,155 INFO trader_dost_arun.ops.alerts telegram disabled: ⚠️ <b>Health warning</b> binance: score=48.8, p95=9080.2ms, stale=3.1s, reconnects=0
2026-07-24 12:27:16,172 INFO trader_dost_arun.ops.alerts telegram disabled: ⚠️ <b>Health warning</b> binance: score=48.8, p95=9080.2ms, stale=3.1s, reconnects=0
2026-07-24 12:27:16,187 INFO trader_dost_arun.ops.alerts telegram disabled: ⚠️ <b>Health warning</b> binance: score=48.8, p95=9080.2ms, stale=3.1s, reconnects=0
2026-07-24 12:27:16,204 INFO trader_dost_arun.ops.alerts telegram disabled: ⚠️ <b>Health warning</b> binance: score=48.7, p95=9080.2ms, stale=3.1s, reconnects=0
2026-07-24 12:27:16,219 INFO trader_dost_arun.ops.alerts telegram disabled: ⚠️ <b>Health warning</b> binance: score=48.7, p95=9080.2ms, stale=3.1s, reconnects=0
2026-07-24 12:27:16,237 INFO trader_dost_arun.ops.alerts telegram disabled: ⚠️ <b>Health warning</b> binance: score=48.7, p95=9080.2ms, stale=3.2s, reconnects=0
2026-07-24 12:27:16,253 INFO trader_dost_arun.ops.alerts telegram disabled: ⚠️ <b>Health warning</b> binance: score=48.6, p95=9080.2ms, stale=3.2s, reconnects=0
2026-07-24 12:27:16,276 INFO trader_dost_arun.ops.alerts telegram disabled: ⚠️ <b>Health warning</b> binance: score=48.6, p95=9080.2ms, stale=3.2s, reconnects=0
2026-07-24 12:27:16,293 INFO trader_dost_arun.ops.alerts telegram disabled: ⚠️ <b>Health warning</b> binance: score=48.6, p95=9080.2ms, stale=3.2s, reconnects=0
2026-07-24 12:27:16,309 INFO trader_dost_arun.ops.alerts telegram disabled: ⚠️ <b>Health warning</b> binance: score=48.5, p95=9080.2ms, stale=3.2s, reconnects=0
2026-07-24 12:27:16,326 INFO trader_dost_arun.ops.alerts telegram disabled: ⚠️ <b>Health warning</b> binance: score=48.5, p95=9080.2ms, stale=3.2s, reconnects=0
2026-07-24 12:27:16,342 INFO trader_dost_arun.ops.alerts telegram disabled: ⚠️ <b>Health warning</b> binance: score=48.5, p95=9080.2ms, stale=3.3s, reconnects=0
2026-07-24 12:27:16,358 INFO trader_dost_arun.ops.alerts telegram disabled: ⚠️ <b>Health warning</b> binance: score=48.4, p95=9080.2ms, stale=3.3s, reconnects=0
2026-07-24 12:27:16,375 INFO trader_dost_arun.ops.alerts telegram disabled: ⚠️ <b>Health warning</b> binance: score=48.4, p95=9080.2ms, stale=3.3s, reconnects=0
2026-07-24 12:27:16,391 INFO trader_dost_arun.ops.alerts telegram disabled: ⚠️ <b>Health warning</b> binance: score=48.4, p95=9080.2ms, stale=3.3s, reconnects=0
2026-07-24 12:27:16,409 INFO trader_dost_arun.ops.alerts telegram disabled: ⚠️ <b>Health warning</b> binance: score=48.3, p95=9080.2ms, stale=3.3s, reconnects=0
2026-07-24 12:27:16,427 INFO trader_dost_arun.ops.alerts telegram disabled: ⚠️ <b>Health warning</b> binance: score=48.3, p95=9080.2ms, stale=3.4s, reconnects=0
2026-07-24 12:27:16,444 INFO trader_dost_arun.ops.alerts telegram disabled: ⚠️ <b>Health warning</b> binance: score=48.3, p95=9080.2ms, stale=3.4s, reconnects=0
2026-07-24 12:27:16,462 INFO trader_dost_arun.ops.alerts telegram disabled: ⚠️ <b>Health warning</b> binance: score=48.2, p95=9080.2ms, stale=3.4s, reconnects=0
2026-07-24 12:27:16,479 INFO trader_dost_arun.ops.alerts telegram disabled: ⚠️ <b>Health warning</b> binance: score=48.2, p95=9080.2ms, stale=3.4s, reconnects=0
2026-07-24 12:27:16,496 INFO trader_dost_arun.ops.alerts telegram disabled: ⚠️ <b>Health warning</b> binance: score=48.2, p95=9080.2ms, stale=3.4s, reconnects=0
2026-07-24 12:27:16,514 INFO trader_dost_arun.ops.alerts telegram disabled: ⚠️ <b>Health warning</b> binance: score=48.1, p95=9080.2ms, stale=3.4s, reconnects=0
2026-07-24 12:27:16,531 INFO trader_dost_arun.ops.alerts telegram disabled: ⚠️ <b>Health warning</b> binance: score=48.1, p95=9080.2ms, stale=3.5s, reconnects=0
2026-07-24 12:27:16,547 INFO trader_dost_arun.ops.alerts telegram disabled: ⚠️ <b>Health warning</b> binance: score=48.1, p95=9080.2ms, stale=3.5s, reconnects=0
2026-07-24 12:27:16,566 INFO trader_dost_arun.ops.alerts telegram disabled: ⚠️ <b>Health warning</b> binance: score=48.0, p95=9080.2ms, stale=3.5s, reconnects=0
2026-07-24 12:27:16,583 INFO trader_dost_arun.ops.alerts telegram disabled: ⚠️ <b>Health warning</b> binance: score=48.0, p95=9080.2ms, stale=3.5s, reconnects=0
2026-07-24 12:27:16,606 INFO trader_dost_arun.ops.alerts telegram disabled: ⚠️ <b>Health warning</b> binance: score=47.9, p95=9080.2ms, stale=3.5s, reconnects=0
2026-07-24 12:27:16,622 INFO trader_dost_arun.ops.alerts telegram disabled: ⚠️ <b>Health warning</b> binance: score=47.9, p95=9080.2ms, stale=3.5s, reconnects=0
2026-07-24 12:27:16,640 INFO trader_dost_arun.ops.alerts telegram disabled: ⚠️ <b>Health warning</b> binance: score=47.9, p95=9080.2ms, stale=3.6s, reconnects=0
2026-07-24 12:27:16,658 INFO trader_dost_arun.ops.alerts telegram disabled: ⚠️ <b>Health warning</b> binance: score=47.8, p95=9080.2ms, stale=3.6s, reconnects=0
2026-07-24 12:27:16,675 INFO trader_dost_arun.ops.alerts telegram disabled: ⚠️ <b>Health warning</b> binance: score=47.8, p95=9080.2ms, stale=3.6s, reconnects=0
2026-07-24 12:27:16,693 INFO trader_dost_arun.ops.alerts telegram disabled: ⚠️ <b>Health warning</b> binance: score=47.8, p95=9080.2ms, stale=3.6s, reconnects=0
2026-07-24 12:27:16,710 INFO trader_dost_arun.ops.alerts telegram disabled: ⚠️ <b>Health warning</b> binance: score=47.7, p95=9080.2ms, stale=3.6s, reconnects=0
2026-07-24 12:27:16,728 INFO trader_dost_arun.ops.alerts telegram disabled: ⚠️ <b>Health warning</b> binance: score=47.7, p95=9080.2ms, stale=3.7s, reconnects=0
2026-07-24 12:27:16,745 INFO trader_dost_arun.ops.alerts telegram disabled: ⚠️ <b>Health warning</b> binance: score=47.7, p95=9080.2ms, stale=3.7s, reconnects=0
2026-07-24 12:27:16,765 INFO trader_dost_arun.ops.alerts telegram disabled: ⚠️ <b>Health warning</b> binance: score=47.6, p95=9080.2ms, stale=3.7s, reconnects=0
2026-07-24 12:27:16,783 INFO trader_dost_arun.ops.alerts telegram disabled: ⚠️ <b>Health warning</b> binance: score=47.6, p95=9080.2ms, stale=3.7s, reconnects=0
2026-07-24 12:27:16,800 INFO trader_dost_arun.ops.alerts telegram disabled: ⚠️ <b>Health warning</b> binance: score=47.6, p95=9080.2ms, stale=3.7s, reconnects=0
2026-07-24 12:27:16,819 INFO trader_dost_arun.ops.alerts telegram disabled: ⚠️ <b>Health warning</b> binance: score=47.5, p95=9080.2ms, stale=3.7s, reconnects=0
2026-07-24 12:27:16,836 INFO trader_dost_arun.ops.alerts telegram disabled: ⚠️ <b>Health warning</b> binance: score=47.5, p95=9080.2ms, stale=3.8s, reconnects=0
2026-07-24 12:27:16,853 INFO trader_dost_arun.ops.alerts telegram disabled: ⚠️ <b>Health warning</b> binance: score=47.4, p95=9080.2ms, stale=3.8s, reconnects=0
2026-07-24 12:27:16,871 INFO trader_dost_arun.ops.alerts telegram disabled: ⚠️ <b>Health warning</b> binance: score=47.4, p95=9080.2ms, stale=3.8s, reconnects=0
2026-07-24 12:27:16,889 INFO trader_dost_arun.ops.alerts telegram disabled: ⚠️ <b>Health warning</b> binance: score=47.4, p95=9080.2ms, stale=3.8s, reconnects=0
2026-07-24 12:27:16,905 INFO trader_dost_arun.ops.alerts telegram disabled: ⚠️ <b>Health warning</b> binance: score=47.3, p95=9080.2ms, stale=3.8s, reconnects=0
2026-07-24 12:27:16,927 INFO trader_dost_arun.ops.alerts telegram disabled: ⚠️ <b>Health warning</b> binance: score=47.3, p95=9080.2ms, stale=3.9s, reconnects=0
2026-07-24 12:27:16,944 INFO trader_dost_arun.ops.alerts telegram disabled: ⚠️ <b>Health warning</b> binance: score=47.3, p95=9080.2ms, stale=3.9s, reconnects=0
2026-07-24 12:27:16,963 INFO trader_dost_arun.ops.alerts telegram disabled: ⚠️ <b>Health warning</b> binance: score=47.2, p95=9080.2ms, stale=3.9s, reconnects=0
2026-07-24 12:27:16,982 INFO trader_dost_arun.ops.alerts telegram disabled: ⚠️ <b>Health warning</b> binance: score=47.2, p95=9080.2ms, stale=3.9s, reconnects=0
2026-07-24 12:27:16,999 INFO trader_dost_arun.ops.alerts telegram disabled: ⚠️ <b>Health warning</b> binance: score=47.2, p95=9080.2ms, stale=3.9s, reconnects=0
2026-07-24 12:27:17,016 INFO trader_dost_arun.ops.alerts telegram disabled: ⚠️ <b>Health warning</b> binance: score=47.1, p95=9080.2ms, stale=3.9s, reconnects=0
2026-07-24 12:27:17,033 INFO trader_dost_arun.ops.alerts telegram disabled: ⚠️ <b>Health warning</b> binance: score=47.1, p95=9080.2ms, stale=4.0s, reconnects=0
2026-07-24 12:27:17,051 INFO trader_dost_arun.ops.alerts telegram disabled: ⚠️ <b>Health warning</b> binance: score=47.1, p95=9080.2ms, stale=4.0s, reconnects=0
2026-07-24 12:27:17,070 INFO trader_dost_arun.ops.alerts telegram disabled: ⚠️ <b>Health warning</b> binance: score=47.0, p95=9080.2ms, stale=4.0s, reconnects=0
2026-07-24 12:27:17,089 INFO trader_dost_arun.ops.alerts telegram disabled: ⚠️ <b>Health warning</b> binance: score=47.0, p95=9080.2ms, stale=4.0s, reconnects=0
2026-07-24 12:27:17,106 INFO trader_dost_arun.ops.alerts telegram disabled: ⚠️ <b>Health warning</b> binance: score=46.9, p95=9080.2ms, stale=4.0s, reconnects=0
2026-07-24 12:27:17,124 INFO trader_dost_arun.ops.alerts telegram disabled: ⚠️ <b>Health warning</b> binance: score=46.9, p95=9080.2ms, stale=4.0s, reconnects=0
2026-07-24 12:27:17,142 INFO trader_dost_arun.ops.alerts telegram disabled: ⚠️ <b>Health warning</b> binance: score=46.9, p95=9080.2ms, stale=4.1s, reconnects=0
2026-07-24 12:27:17,163 INFO trader_dost_arun.ops.alerts telegram disabled: ⚠️ <b>Health warning</b> binance: score=46.8, p95=9080.2ms, stale=4.1s, reconnects=0
2026-07-24 12:27:17,181 INFO trader_dost_arun.ops.alerts telegram disabled: ⚠️ <b>Health warning</b> binance: score=46.8, p95=9080.2ms, stale=4.1s, reconnects=0
2026-07-24 12:27:17,198 INFO trader_dost_arun.ops.alerts telegram disabled: ⚠️ <b>Health warning</b> binance: score=46.8, p95=9080.2ms, stale=4.1s, reconnects=0
2026-07-24 12:27:17,216 INFO trader_dost_arun.ops.alerts telegram disabled: ⚠️ <b>Health warning</b> binance: score=46.7, p95=9080.2ms, stale=4.1s, reconnects=0
2026-07-24 12:27:17,233 INFO trader_dost_arun.ops.alerts telegram disabled: ⚠️ <b>Health warning</b> binance: score=46.7, p95=9080.2ms, stale=4.2s, reconnects=0
2026-07-24 12:27:17,250 INFO trader_dost_arun.ops.alerts telegram disabled: ⚠️ <b>Health warning</b> binance: score=46.7, p95=9080.2ms, stale=4.2s, reconnects=0
2026-07-24 12:27:17,275 INFO trader_dost_arun.ops.alerts telegram disabled: ⚠️ <b>Health warning</b> binance: score=46.6, p95=9080.2ms, stale=4.2s, reconnects=0
2026-07-24 12:27:17,295 INFO trader_dost_arun.ops.alerts telegram disabled: ⚠️ <b>Health warning</b> binance: score=46.6, p95=9080.2ms, stale=4.2s, reconnects=0
2026-07-24 12:27:17,313 INFO trader_dost_arun.ops.alerts telegram disabled: ⚠️ <b>Health warning</b> binance: score=46.5, p95=9080.2ms, stale=4.2s, reconnects=0
2026-07-24 12:27:17,330 INFO trader_dost_arun.ops.alerts telegram disabled: ⚠️ <b>Health warning</b> binance: score=46.5, p95=9080.2ms, stale=4.3s, reconnects=0
2026-07-24 12:27:17,348 INFO trader_dost_arun.ops.alerts telegram disabled: ⚠️ <b>Health warning</b> binance: score=46.5, p95=9080.2ms, stale=4.3s, reconnects=0
2026-07-24 12:27:17,370 INFO trader_dost_arun.ops.alerts telegram disabled: ⚠️ <b>Health warning</b> binance: score=46.4, p95=9080.2ms, stale=4.3s, reconnects=0
2026-07-24 12:27:17,388 INFO trader_dost_arun.ops.alerts telegram disabled: ⚠️ <b>Health warning</b> binance: score=46.4, p95=9080.2ms, stale=4.3s, reconnects=0
2026-07-24 12:27:17,405 INFO trader_dost_arun.ops.alerts telegram disabled: ⚠️ <b>Health warning</b> binance: score=46.3, p95=9080.2ms, stale=4.3s, reconnects=0
2026-07-24 12:27:17,424 INFO trader_dost_arun.ops.alerts telegram disabled: ⚠️ <b>Health warning</b> binance: score=46.3, p95=9080.2ms, stale=4.3s, reconnects=0
2026-07-24 12:27:17,443 INFO trader_dost_arun.ops.alerts telegram disabled: ⚠️ <b>Health warning</b> binance: score=46.3, p95=9080.2ms, stale=4.4s, reconnects=0
2026-07-24 12:27:17,464 INFO trader_dost_arun.ops.alerts telegram disabled: ⚠️ <b>Health warning</b> binance: score=46.2, p95=9080.2ms, stale=4.4s, reconnects=0
2026-07-24 12:27:17,482 INFO trader_dost_arun.ops.alerts telegram disabled: ⚠️ <b>Health warning</b> binance: score=46.2, p95=9080.2ms, stale=4.4s, reconnects=0
2026-07-24 12:27:17,499 INFO trader_dost_arun.ops.alerts telegram disabled: ⚠️ <b>Health warning</b> binance: score=46.2, p95=9080.2ms, stale=4.4s, reconnects=0
2026-07-24 12:27:17,520 INFO trader_dost_arun.ops.alerts telegram disabled: ⚠️ <b>Health warning</b> binance: score=46.1, p95=9080.2ms, stale=4.4s, reconnects=0
2026-07-24 12:27:17,538 INFO trader_dost_arun.ops.alerts telegram disabled: ⚠️ <b>Health warning</b> binance: score=46.1, p95=9080.2ms, stale=4.5s, reconnects=0
2026-07-24 12:27:17,556 INFO trader_dost_arun.ops.alerts telegram disabled: ⚠️ <b>Health warning</b> binance: score=46.0, p95=9080.2ms, stale=4.5s, reconnects=0
2026-07-24 12:27:17,573 INFO trader_dost_arun.ops.alerts telegram disabled: ⚠️ <b>Health warning</b> binance: score=46.0, p95=9080.2ms, stale=4.5s, reconnects=0
2026-07-24 12:27:17,591 INFO trader_dost_arun.ops.alerts telegram disabled: ⚠️ <b>Health warning</b> binance: score=46.0, p95=9080.2ms, stale=4.5s, reconnects=0
2026-07-24 12:27:17,608 INFO trader_dost_arun.ops.alerts telegram disabled: ⚠️ <b>Health warning</b> binance: score=45.9, p95=9080.2ms, stale=4.5s, reconnects=0
2026-07-24 12:27:17,631 INFO trader_dost_arun.ops.alerts telegram disabled: ⚠️ <b>Health warning</b> binance: score=45.9, p95=9080.2ms, stale=4.6s, reconnects=0
2026-07-24 12:27:17,648 INFO trader_dost_arun.ops.alerts telegram disabled: ⚠️ <b>Health warning</b> binance: score=45.9, p95=9080.2ms, stale=4.6s, reconnects=0
2026-07-24 12:27:17,666 INFO trader_dost_arun.ops.alerts telegram disabled: ⚠️ <b>Health warning</b> binance: score=45.8, p95=9080.2ms, stale=4.6s, reconnects=0
2026-07-24 12:27:17,684 INFO trader_dost_arun.ops.alerts telegram disabled: ⚠️ <b>Health warning</b> binance: score=45.8, p95=9080.2ms, stale=4.6s, reconnects=0
2026-07-24 12:27:17,702 INFO trader_dost_arun.ops.alerts telegram disabled: ⚠️ <b>Health warning</b> binance: score=45.7, p95=9080.2ms, stale=4.6s, reconnects=0
2026-07-24 12:27:17,722 INFO trader_dost_arun.ops.alerts telegram disabled: ⚠️ <b>Health warning</b> binance: score=45.7, p95=9080.2ms, stale=4.6s, reconnects=0
2026-07-24 12:27:17,739 INFO trader_dost_arun.ops.alerts telegram disabled: ⚠️ <b>Health warning</b> binance: score=45.7, p95=9080.2ms, stale=4.7s, reconnects=0
2026-07-24 12:27:17,753 INFO trader_dost_arun.ops.alerts telegram disabled: ⚠️ <b>Health warning</b> binance: score=45.6, p95=9080.2ms, stale=4.7s, reconnects=0
2026-07-24 12:27:17,768 INFO trader_dost_arun.ops.alerts telegram disabled: ⚠️ <b>Health warning</b> binance: score=45.6, p95=9080.2ms, stale=4.7s, reconnects=0
2026-07-24 12:27:17,783 INFO trader_dost_arun.ops.alerts telegram disabled: ⚠️ <b>Health warning</b> binance: score=45.6, p95=9080.2ms, stale=4.7s, reconnects=0
2026-07-24 12:27:17,799 INFO trader_dost_arun.ops.alerts telegram disabled: ⚠️ <b>Health warning</b> binance: score=45.6, p95=9080.2ms, stale=4.7s, reconnects=0
2026-07-24 12:27:17,814 INFO trader_dost_arun.ops.alerts telegram disabled: ⚠️ <b>Health warning</b> binance: score=45.5, p95=9080.2ms, stale=4.7s, reconnects=0
2026-07-24 12:27:17,829 INFO trader_dost_arun.ops.alerts telegram disabled: ⚠️ <b>Health warning</b> binance: score=45.5, p95=9080.2ms, stale=4.8s, reconnects=0
2026-07-24 12:27:17,844 INFO trader_dost_arun.ops.alerts telegram disabled: ⚠️ <b>Health warning</b> binance: score=45.5, p95=9080.2ms, stale=4.8s, reconnects=0
2026-07-24 12:27:17,859 INFO trader_dost_arun.ops.alerts telegram disabled: ⚠️ <b>Health warning</b> binance: score=45.4, p95=9080.2ms, stale=4.8s, reconnects=0
2026-07-24 12:27:17,874 INFO trader_dost_arun.ops.alerts telegram disabled: ⚠️ <b>Health warning</b> binance: score=45.4, p95=9080.2ms, stale=4.8s, reconnects=0
2026-07-24 12:27:17,889 INFO trader_dost_arun.ops.alerts telegram disabled: ⚠️ <b>Health warning</b> binance: score=45.4, p95=9080.2ms, stale=4.8s, reconnects=0
2026-07-24 12:27:17,903 INFO trader_dost_arun.ops.alerts telegram disabled: ⚠️ <b>Health warning</b> binance: score=45.3, p95=9080.2ms, stale=4.8s, reconnects=0
2026-07-24 12:27:17,920 INFO trader_dost_arun.ops.alerts telegram disabled: ⚠️ <b>Health warning</b> binance: score=45.3, p95=9080.2ms, stale=4.8s, reconnects=0
2026-07-24 12:27:17,937 INFO trader_dost_arun.ops.alerts telegram disabled: ⚠️ <b>Health warning</b> binance: score=45.3, p95=9080.2ms, stale=4.9s, reconnects=0
2026-07-24 12:27:17,960 INFO trader_dost_arun.ops.alerts telegram disabled: ⚠️ <b>Health warning</b> binance: score=45.2, p95=9080.2ms, stale=4.9s, reconnects=0
2026-07-24 12:27:17,978 INFO trader_dost_arun.ops.alerts telegram disabled: ⚠️ <b>Health warning</b> binance: score=45.2, p95=9080.2ms, stale=4.9s, reconnects=0
2026-07-24 12:27:17,995 INFO trader_dost_arun.ops.alerts telegram disabled: ⚠️ <b>Health warning</b> binance: score=45.2, p95=9080.2ms, stale=4.9s, reconnects=0
2026-07-24 12:27:18,010 INFO trader_dost_arun.ops.alerts telegram disabled: ⚠️ <b>Health warning</b> binance: score=45.1, p95=9080.2ms, stale=4.9s, reconnects=0
2026-07-24 12:27:18,025 INFO trader_dost_arun.ops.alerts telegram disabled: ⚠️ <b>Health warning</b> binance: score=45.1, p95=9080.2ms, stale=4.9s, reconnects=0
2026-07-24 12:27:18,042 INFO trader_dost_arun.ops.alerts telegram disabled: ⚠️ <b>Health warning</b> binance: score=45.1, p95=9080.2ms, stale=5.0s, reconnects=0
2026-07-24 12:27:18,056 INFO trader_dost_arun.ops.alerts telegram disabled: ⚠️ <b>Health warning</b> binance: score=45.0, p95=9080.2ms, stale=5.0s, reconnects=0
2026-07-24 12:27:18,072 INFO trader_dost_arun.ops.alerts telegram disabled: ⚠️ <b>Health warning</b> binance: score=45.0, p95=9080.2ms, stale=5.0s, reconnects=0
2026-07-24 12:27:18,087 INFO trader_dost_arun.ops.alerts telegram disabled: ⚠️ <b>Health warning</b> binance: score=45.0, p95=9080.2ms, stale=5.0s, reconnects=0
2026-07-24 12:27:18,101 INFO trader_dost_arun.ops.alerts telegram disabled: ⚠️ <b>Health warning</b> binance: score=44.9, p95=9080.2ms, stale=5.0s, reconnects=0
2026-07-24 12:27:18,116 INFO trader_dost_arun.ops.alerts telegram disabled: ⚠️ <b>Health warning</b> binance: score=44.9, p95=9080.2ms, stale=5.0s, reconnects=0
2026-07-24 12:27:18,130 INFO trader_dost_arun.ops.alerts telegram disabled: ⚠️ <b>Health warning</b> binance: score=44.9, p95=9080.2ms, stale=5.1s, reconnects=0
2026-07-24 12:27:18,144 INFO trader_dost_arun.ops.alerts telegram disabled: ⚠️ <b>Health warning</b> binance: score=44.9, p95=9080.2ms, stale=5.1s, reconnects=0
2026-07-24 12:27:18,158 INFO trader_dost_arun.ops.alerts telegram disabled: ⚠️ <b>Health warning</b> binance: score=44.8, p95=9080.2ms, stale=5.1s, reconnects=0
2026-07-24 12:27:18,173 INFO trader_dost_arun.ops.alerts telegram disabled: ⚠️ <b>Health warning</b> binance: score=44.8, p95=9080.2ms, stale=5.1s, reconnects=0
2026-07-24 12:27:18,188 INFO trader_dost_arun.ops.alerts telegram disabled: ⚠️ <b>Health warning</b> binance: score=44.8, p95=9080.2ms, stale=5.1s, reconnects=0
2026-07-24 12:27:18,203 INFO trader_dost_arun.ops.alerts telegram disabled: ⚠️ <b>Health warning</b> binance: score=44.7, p95=9080.2ms, stale=5.1s, reconnects=0
2026-07-24 12:27:18,217 INFO trader_dost_arun.ops.alerts telegram disabled: ⚠️ <b>Health warning</b> binance: score=44.7, p95=9080.2ms, stale=5.1s, reconnects=0
2026-07-24 12:27:18,231 INFO trader_dost_arun.ops.alerts telegram disabled: ⚠️ <b>Health warning</b> binance: score=44.7, p95=9080.2ms, stale=5.2s, reconnects=0
2026-07-24 12:27:18,246 INFO trader_dost_arun.ops.alerts telegram disabled: ⚠️ <b>Health warning</b> binance: score=44.7, p95=9080.2ms, stale=5.2s, reconnects=0
2026-07-24 12:27:18,260 INFO trader_dost_arun.ops.alerts telegram disabled: ⚠️ <b>Health warning</b> binance: score=44.6, p95=9080.2ms, stale=5.2s, reconnects=0
2026-07-24 12:27:18,281 INFO trader_dost_arun.ops.alerts telegram disabled: ⚠️ <b>Health warning</b> binance: score=44.6, p95=9080.2ms, stale=5.2s, reconnects=0
2026-07-24 12:27:18,295 INFO trader_dost_arun.ops.alerts telegram disabled: ⚠️ <b>Health warning</b> binance: score=44.6, p95=9080.2ms, stale=5.2s, reconnects=0
2026-07-24 12:27:18,309 INFO trader_dost_arun.ops.alerts telegram disabled: ⚠️ <b>Health warning</b> binance: score=44.5, p95=9080.2ms, stale=5.2s, reconnects=0
2026-07-24 12:27:18,323 INFO trader_dost_arun.ops.alerts telegram disabled: ⚠️ <b>Health warning</b> binance: score=44.5, p95=9080.2ms, stale=5.2s, reconnects=0
2026-07-24 12:27:18,337 INFO trader_dost_arun.ops.alerts telegram disabled: ⚠️ <b>Health warning</b> binance: score=44.5, p95=9080.2ms, stale=5.3s, reconnects=0
2026-07-24 12:27:18,352 INFO trader_dost_arun.ops.alerts telegram disabled: ⚠️ <b>Health warning</b> binance: score=44.4, p95=9080.2ms, stale=5.3s, reconnects=0
2026-07-24 12:27:18,367 INFO trader_dost_arun.ops.alerts telegram disabled: ⚠️ <b>Health warning</b> binance: score=44.4, p95=9080.2ms, stale=5.3s, reconnects=0
2026-07-24 12:27:18,381 INFO trader_dost_arun.ops.alerts telegram disabled: ⚠️ <b>Health warning</b> binance: score=44.4, p95=9080.2ms, stale=5.3s, reconnects=0
2026-07-24 12:27:18,395 INFO trader_dost_arun.ops.alerts telegram disabled: ⚠️ <b>Health warning</b> binance: score=44.4, p95=9080.2ms, stale=5.3s, reconnects=0
2026-07-24 12:27:18,408 INFO trader_dost_arun.ops.alerts telegram disabled: ⚠️ <b>Health warning</b> binance: score=44.3, p95=9080.2ms, stale=5.3s, reconnects=0
2026-07-24 12:27:18,421 INFO trader_dost_arun.ops.alerts telegram disabled: ⚠️ <b>Health warning</b> binance: score=44.3, p95=9080.2ms, stale=5.3s, reconnects=0
2026-07-24 12:27:18,435 INFO trader_dost_arun.ops.alerts telegram disabled: ⚠️ <b>Health warning</b> binance: score=44.3, p95=9080.2ms, stale=5.4s, reconnects=0
2026-07-24 12:27:18,450 INFO trader_dost_arun.ops.alerts telegram disabled: ⚠️ <b>Health warning</b> binance: score=44.3, p95=9080.2ms, stale=5.4s, reconnects=0
2026-07-24 12:27:18,464 INFO trader_dost_arun.ops.alerts telegram disabled: ⚠️ <b>Health warning</b> binance: score=44.2, p95=9080.2ms, stale=5.4s, reconnects=0
2026-07-24 12:27:18,478 INFO trader_dost_arun.ops.alerts telegram disabled: ⚠️ <b>Health warning</b> binance: score=44.2, p95=9080.2ms, stale=5.4s, reconnects=0
2026-07-24 12:27:18,492 INFO trader_dost_arun.ops.alerts telegram disabled: ⚠️ <b>Health warning</b> binance: score=44.2, p95=9080.2ms, stale=5.4s, reconnects=0
2026-07-24 12:27:18,505 INFO trader_dost_arun.ops.alerts telegram disabled: ⚠️ <b>Health warning</b> binance: score=44.1, p95=9080.2ms, stale=5.4s, reconnects=0
2026-07-24 12:27:18,519 INFO trader_dost_arun.ops.alerts telegram disabled: ⚠️ <b>Health warning</b> binance: score=44.1, p95=9080.2ms, stale=5.4s, reconnects=0
2026-07-24 12:27:18,533 INFO trader_dost_arun.ops.alerts telegram disabled: ⚠️ <b>Health warning</b> binance: score=44.1, p95=9080.2ms, stale=5.5s, reconnects=0
2026-07-24 12:27:18,547 INFO trader_dost_arun.ops.alerts telegram disabled: ⚠️ <b>Health warning</b> binance: score=44.1, p95=9080.2ms, stale=5.5s, reconnects=0
2026-07-24 12:27:18,562 INFO trader_dost_arun.ops.alerts telegram disabled: ⚠️ <b>Health warning</b> binance: score=44.0, p95=9080.2ms, stale=5.5s, reconnects=0
2026-07-24 12:27:18,583 INFO trader_dost_arun.ops.alerts telegram disabled: ⚠️ <b>Health warning</b> binance: score=44.0, p95=9080.2ms, stale=5.5s, reconnects=0
2026-07-24 12:27:18,597 INFO trader_dost_arun.ops.alerts telegram disabled: ⚠️ <b>Health warning</b> binance: score=44.0, p95=9080.2ms, stale=5.5s, reconnects=0
2026-07-24 12:27:18,612 INFO trader_dost_arun.ops.alerts telegram disabled: ⚠️ <b>Health warning</b> binance: score=43.9, p95=9080.2ms, stale=5.5s, reconnects=0
2026-07-24 12:27:18,626 INFO trader_dost_arun.ops.alerts telegram disabled: ⚠️ <b>Health warning</b> binance: score=43.9, p95=9080.2ms, stale=5.5s, reconnects=0
2026-07-24 12:27:18,641 INFO trader_dost_arun.ops.alerts telegram disabled: ⚠️ <b>Health warning</b> binance: score=43.9, p95=9080.2ms, stale=5.6s, reconnects=0
2026-07-24 12:27:18,656 INFO trader_dost_arun.ops.alerts telegram disabled: ⚠️ <b>Health warning</b> binance: score=43.8, p95=9080.2ms, stale=5.6s, reconnects=0
2026-07-24 12:27:18,672 INFO trader_dost_arun.ops.alerts telegram disabled: ⚠️ <b>Health warning</b> binance: score=43.8, p95=9080.2ms, stale=5.6s, reconnects=0
2026-07-24 12:27:18,687 INFO trader_dost_arun.ops.alerts telegram disabled: ⚠️ <b>Health warning</b> binance: score=43.8, p95=9080.2ms, stale=5.6s, reconnects=0
2026-07-24 12:27:18,701 INFO trader_dost_arun.ops.alerts telegram disabled: ⚠️ <b>Health warning</b> binance: score=43.7, p95=9080.2ms, stale=5.6s, reconnects=0
2026-07-24 12:27:18,717 INFO trader_dost_arun.ops.alerts telegram disabled: ⚠️ <b>Health warning</b> binance: score=43.7, p95=9080.2ms, stale=5.6s, reconnects=0
2026-07-24 12:27:18,733 INFO trader_dost_arun.ops.alerts telegram disabled: ⚠️ <b>Health warning</b> binance: score=43.7, p95=9080.2ms, stale=5.7s, reconnects=0
2026-07-24 12:27:18,748 INFO trader_dost_arun.ops.alerts telegram disabled: ⚠️ <b>Health warning</b> binance: score=43.7, p95=9080.2ms, stale=5.7s, reconnects=0
2026-07-24 12:27:18,763 INFO trader_dost_arun.ops.alerts telegram disabled: ⚠️ <b>Health warning</b> binance: score=43.6, p95=9080.2ms, stale=5.7s, reconnects=0
2026-07-24 12:27:18,777 INFO trader_dost_arun.ops.alerts telegram disabled: ⚠️ <b>Health warning</b> binance: score=43.6, p95=9080.2ms, stale=5.7s, reconnects=0
2026-07-24 12:27:18,792 INFO trader_dost_arun.ops.alerts telegram disabled: ⚠️ <b>Health warning</b> binance: score=43.6, p95=9080.2ms, stale=5.7s, reconnects=0
2026-07-24 12:27:18,808 INFO trader_dost_arun.ops.alerts telegram disabled: ⚠️ <b>Health warning</b> binance: score=43.5, p95=9080.2ms, stale=5.7s, reconnects=0
2026-07-24 12:27:18,823 INFO trader_dost_arun.ops.alerts telegram disabled: ⚠️ <b>Health warning</b> binance: score=43.5, p95=9080.2ms, stale=5.7s, reconnects=0
2026-07-24 12:27:18,838 INFO trader_dost_arun.ops.alerts telegram disabled: ⚠️ <b>Health warning</b> binance: score=43.5, p95=9080.2ms, stale=5.8s, reconnects=0
2026-07-24 12:27:18,853 INFO trader_dost_arun.ops.alerts telegram disabled: ⚠️ <b>Health warning</b> binance: score=43.4, p95=9080.2ms, stale=5.8s, reconnects=0
2026-07-24 12:27:18,869 INFO trader_dost_arun.ops.alerts telegram disabled: ⚠️ <b>Health warning</b> binance: score=43.4, p95=9080.2ms, stale=5.8s, reconnects=0
2026-07-24 12:27:18,885 INFO trader_dost_arun.ops.alerts telegram disabled: ⚠️ <b>Health warning</b> binance: score=43.4, p95=9080.2ms, stale=5.8s, reconnects=0
2026-07-24 12:27:18,906 INFO trader_dost_arun.ops.alerts telegram disabled: ⚠️ <b>Health warning</b> binance: score=43.3, p95=9080.2ms, stale=5.8s, reconnects=0
2026-07-24 12:27:18,922 INFO trader_dost_arun.ops.alerts telegram disabled: ⚠️ <b>Health warning</b> binance: score=43.3, p95=9080.2ms, stale=5.8s, reconnects=0
2026-07-24 12:27:18,939 INFO trader_dost_arun.ops.alerts telegram disabled: ⚠️ <b>Health warning</b> binance: score=43.3, p95=9080.2ms, stale=5.9s, reconnects=0
2026-07-24 12:27:18,955 INFO trader_dost_arun.ops.alerts telegram disabled: ⚠️ <b>Health warning</b> binance: score=43.2, p95=9080.2ms, stale=5.9s, reconnects=0
2026-07-24 12:27:18,971 INFO trader_dost_arun.ops.alerts telegram disabled: ⚠️ <b>Health warning</b> binance: score=43.2, p95=9080.2ms, stale=5.9s, reconnects=0
2026-07-24 12:27:18,987 INFO trader_dost_arun.ops.alerts telegram disabled: ⚠️ <b>Health warning</b> binance: score=43.2, p95=9080.2ms, stale=5.9s, reconnects=0
2026-07-24 12:27:19,004 INFO trader_dost_arun.ops.alerts telegram disabled: ⚠️ <b>Health warning</b> binance: score=43.1, p95=9080.2ms, stale=5.9s, reconnects=0
2026-07-24 12:27:19,019 INFO trader_dost_arun.ops.alerts telegram disabled: ⚠️ <b>Health warning</b> binance: score=43.1, p95=9080.2ms, stale=5.9s, reconnects=0
2026-07-24 12:27:19,035 INFO trader_dost_arun.ops.alerts telegram disabled: ⚠️ <b>Health warning</b> binance: score=43.1, p95=9080.2ms, stale=6.0s, reconnects=0
2026-07-24 12:27:19,052 INFO trader_dost_arun.ops.alerts telegram disabled: ⚠️ <b>Health warning</b> binance: score=43.0, p95=9080.2ms, stale=6.0s, reconnects=0
2026-07-24 12:27:19,068 INFO trader_dost_arun.ops.alerts telegram disabled: ⚠️ <b>Health warning</b> binance: score=43.0, p95=9080.2ms, stale=6.0s, reconnects=0
2026-07-24 12:27:19,083 INFO trader_dost_arun.ops.alerts telegram disabled: ⚠️ <b>Health warning</b> binance: score=43.0, p95=9080.2ms, stale=6.0s, reconnects=0
2026-07-24 12:27:19,099 INFO trader_dost_arun.ops.alerts telegram disabled: ⚠️ <b>Health warning</b> binance: score=43.0, p95=9080.2ms, stale=6.0s, reconnects=0
2026-07-24 12:27:19,115 INFO trader_dost_arun.ops.alerts telegram disabled: ⚠️ <b>Health warning</b> binance: score=42.9, p95=9080.2ms, stale=6.0s, reconnects=0
2026-07-24 12:27:19,121 INFO trader_dost_arun.ops.alerts telegram disabled: ⚠️ <b>Health warning</b> bybit: score=42.9, p95=8549.4ms, stale=6.1s, reconnects=0
2026-07-24 12:27:19,127 INFO trader_dost_arun.ops.alerts telegram disabled: ⚠️ <b>Health warning</b> bybit: score=42.9, p95=8549.4ms, stale=6.1s, reconnects=0
2026-07-24 12:27:19,132 INFO trader_dost_arun.ops.alerts telegram disabled: ⚠️ <b>Health warning</b> bybit: score=42.9, p95=8549.4ms, stale=6.1s, reconnects=0
2026-07-24 12:27:19,138 INFO trader_dost_arun.ops.alerts telegram disabled: ⚠️ <b>Health warning</b> bybit: score=42.9, p95=8549.4ms, stale=6.1s, reconnects=0
2026-07-24 12:27:19,143 INFO trader_dost_arun.ops.alerts telegram disabled: ⚠️ <b>Health warning</b> bybit: score=42.8, p95=8549.4ms, stale=6.1s, reconnects=0
2026-07-24 12:27:19,148 INFO trader_dost_arun.ops.alerts telegram disabled: ⚠️ <b>Health warning</b> bybit: score=42.8, p95=8549.4ms, stale=6.1s, reconnects=0
2026-07-24 12:27:19,154 INFO trader_dost_arun.ops.alerts telegram disabled: ⚠️ <b>Health warning</b> bybit: score=42.8, p95=8549.4ms, stale=6.1s, reconnects=0
2026-07-24 12:27:19,159 INFO trader_dost_arun.ops.alerts telegram disabled: ⚠️ <b>Health warning</b> bybit: score=42.8, p95=8549.4ms, stale=6.1s, reconnects=0
2026-07-24 12:27:19,165 INFO trader_dost_arun.ops.alerts telegram disabled: ⚠️ <b>Health warning</b> bybit: score=42.8, p95=8549.4ms, stale=6.1s, reconnects=0
2026-07-24 12:27:19,170 INFO trader_dost_arun.ops.alerts telegram disabled: ⚠️ <b>Health warning</b> bybit: score=42.8, p95=8549.4ms, stale=6.1s, reconnects=0
2026-07-24 12:27:19,175 INFO trader_dost_arun.ops.alerts telegram disabled: ⚠️ <b>Health warning</b> bybit: score=42.8, p95=8549.4ms, stale=6.1s, reconnects=0
2026-07-24 12:27:19,180 INFO trader_dost_arun.ops.alerts telegram disabled: ⚠️ <b>Health warning</b> bybit: score=42.8, p95=8549.4ms, stale=6.1s, reconnects=0
2026-07-24 12:27:19,185 INFO trader_dost_arun.ops.alerts telegram disabled: ⚠️ <b>Health warning</b> bybit: score=42.8, p95=8549.4ms, stale=6.1s, reconnects=0
2026-07-24 12:27:19,190 INFO trader_dost_arun.ops.alerts telegram disabled: ⚠️ <b>Health warning</b> bybit: score=42.8, p95=8549.4ms, stale=6.1s, reconnects=0
2026-07-24 12:27:19,196 INFO trader_dost_arun.ops.alerts telegram disabled: ⚠️ <b>Health warning</b> bybit: score=42.7, p95=8549.4ms, stale=6.1s, reconnects=0
2026-07-24 12:27:19,201 INFO trader_dost_arun.ops.alerts telegram disabled: ⚠️ <b>Health warning</b> bybit: score=42.7, p95=8549.4ms, stale=6.1s, reconnects=0
2026-07-24 12:27:19,206 INFO trader_dost_arun.ops.alerts telegram disabled: ⚠️ <b>Health warning</b> bybit: score=42.7, p95=8549.4ms, stale=6.1s, reconnects=0
2026-07-24 12:27:19,211 INFO trader_dost_arun.ops.alerts telegram disabled: ⚠️ <b>Health warning</b> bybit: score=42.7, p95=8549.4ms, stale=6.1s, reconnects=0
2026-07-24 12:27:19,217 INFO trader_dost_arun.ops.alerts telegram disabled: ⚠️ <b>Health warning</b> bybit: score=42.7, p95=8549.4ms, stale=6.1s, reconnects=0
2026-07-24 12:27:19,222 INFO trader_dost_arun.ops.alerts telegram disabled: ⚠️ <b>Health warning</b> bybit: score=42.7, p95=8549.4ms, stale=6.2s, reconnects=0
2026-07-24 12:27:19,227 INFO trader_dost_arun.ops.alerts telegram disabled: ⚠️ <b>Health warning</b> bybit: score=42.7, p95=8549.4ms, stale=6.2s, reconnects=0
2026-07-24 12:27:19,232 INFO trader_dost_arun.ops.alerts telegram disabled: ⚠️ <b>Health warning</b> bybit: score=42.7, p95=8549.4ms, stale=6.2s, reconnects=0
2026-07-24 12:27:19,238 INFO trader_dost_arun.ops.alerts telegram disabled: ⚠️ <b>Health warning</b> bybit: score=42.7, p95=8549.4ms, stale=6.2s, reconnects=0
2026-07-24 12:27:19,243 INFO trader_dost_arun.ops.alerts telegram disabled: ⚠️ <b>Health warning</b> bybit: score=42.6, p95=8549.4ms, stale=6.2s, reconnects=0
2026-07-24 12:27:19,248 INFO trader_dost_arun.ops.alerts telegram disabled: ⚠️ <b>Health warning</b> bybit: score=42.6, p95=8549.4ms, stale=6.2s, reconnects=0
2026-07-24 12:27:19,253 INFO trader_dost_arun.ops.alerts telegram disabled: ⚠️ <b>Health warning</b> bybit: score=42.6, p95=8549.4ms, stale=6.2s, reconnects=0
2026-07-24 12:27:19,258 INFO trader_dost_arun.ops.alerts telegram disabled: ⚠️ <b>Health warning</b> bybit: score=42.6, p95=8549.4ms, stale=6.2s, reconnects=0
2026-07-24 12:27:19,264 INFO trader_dost_arun.ops.alerts telegram disabled: ⚠️ <b>Health warning</b> bybit: score=42.6, p95=8549.4ms, stale=6.2s, reconnects=0
2026-07-24 12:27:19,270 INFO trader_dost_arun.ops.alerts telegram disabled: ⚠️ <b>Health warning</b> bybit: score=42.6, p95=8549.4ms, stale=6.2s, reconnects=0
2026-07-24 12:27:19,275 INFO trader_dost_arun.ops.alerts telegram disabled: ⚠️ <b>Health warning</b> bybit: score=42.6, p95=8549.4ms, stale=6.2s, reconnects=0
2026-07-24 12:27:19,280 INFO trader_dost_arun.ops.alerts telegram disabled: ⚠️ <b>Health warning</b> bybit: score=42.6, p95=8549.4ms, stale=6.2s, reconnects=0
2026-07-24 12:27:19,286 INFO trader_dost_arun.ops.alerts telegram disabled: ⚠️ <b>Health warning</b> bybit: score=42.6, p95=8549.4ms, stale=6.2s, reconnects=0
2026-07-24 12:27:19,291 INFO trader_dost_arun.ops.alerts telegram disabled: ⚠️ <b>Health warning</b> bybit: score=42.6, p95=8549.4ms, stale=6.2s, reconnects=0
2026-07-24 12:27:19,296 INFO trader_dost_arun.ops.alerts telegram disabled: ⚠️ <b>Health warning</b> bybit: score=42.5, p95=8549.4ms, stale=6.2s, reconnects=0
2026-07-24 12:27:19,302 INFO trader_dost_arun.ops.alerts telegram disabled: ⚠️ <b>Health warning</b> bybit: score=42.5, p95=8549.4ms, stale=6.2s, reconnects=0
2026-07-24 12:27:19,307 INFO trader_dost_arun.ops.alerts telegram disabled: ⚠️ <b>Health warning</b> bybit: score=42.5, p95=8549.4ms, stale=6.2s, reconnects=0
2026-07-24 12:27:19,312 INFO trader_dost_arun.ops.alerts telegram disabled: ⚠️ <b>Health warning</b> bybit: score=42.5, p95=8549.4ms, stale=6.2s, reconnects=0
2026-07-24 12:27:19,317 INFO trader_dost_arun.ops.alerts telegram disabled: ⚠️ <b>Health warning</b> bybit: score=42.5, p95=8549.4ms, stale=6.3s, reconnects=0
2026-07-24 12:27:19,322 INFO trader_dost_arun.ops.alerts telegram disabled: ⚠️ <b>Health warning</b> bybit: score=42.5, p95=8549.4ms, stale=6.3s, reconnects=0
2026-07-24 12:27:19,328 INFO trader_dost_arun.ops.alerts telegram disabled: ⚠️ <b>Health warning</b> bybit: score=42.5, p95=8549.4ms, stale=6.3s, reconnects=0
2026-07-24 12:27:19,333 INFO trader_dost_arun.ops.alerts telegram disabled: ⚠️ <b>Health warning</b> bybit: score=42.5, p95=8549.4ms, stale=6.3s, reconnects=0
2026-07-24 12:27:19,338 INFO trader_dost_arun.ops.alerts telegram disabled: ⚠️ <b>Health warning</b> bybit: score=42.5, p95=8549.4ms, stale=6.3s, reconnects=0
2026-07-24 12:27:19,344 INFO trader_dost_arun.ops.alerts telegram disabled: ⚠️ <b>Health warning</b> bybit: score=42.4, p95=8549.4ms, stale=6.3s, reconnects=0
2026-07-24 12:27:19,350 INFO trader_dost_arun.ops.alerts telegram disabled: ⚠️ <b>Health warning</b> bybit: score=42.4, p95=8549.4ms, stale=6.3s, reconnects=0
2026-07-24 12:27:19,355 INFO trader_dost_arun.ops.alerts telegram disabled: ⚠️ <b>Health warning</b> bybit: score=42.4, p95=8549.4ms, stale=6.3s, reconnects=0
2026-07-24 12:27:19,361 INFO trader_dost_arun.ops.alerts telegram disabled: ⚠️ <b>Health warning</b> bybit: score=42.4, p95=8549.4ms, stale=6.3s, reconnects=0
2026-07-24 12:27:19,372 INFO trader_dost_arun.ops.alerts telegram disabled: ⚠️ <b>Health warning</b> bybit: score=42.4, p95=8549.4ms, stale=6.3s, reconnects=0
2026-07-24 12:27:19,378 INFO trader_dost_arun.ops.alerts telegram disabled: ⚠️ <b>Health warning</b> bybit: score=42.4, p95=8549.4ms, stale=6.3s, reconnects=0
2026-07-24 12:27:19,384 INFO trader_dost_arun.ops.alerts telegram disabled: ⚠️ <b>Health warning</b> bybit: score=42.4, p95=8549.4ms, stale=6.3s, reconnects=0
2026-07-24 12:27:19,389 INFO trader_dost_arun.ops.alerts telegram disabled: ⚠️ <b>Health warning</b> bybit: score=42.4, p95=8549.4ms, stale=6.3s, reconnects=0
2026-07-24 12:27:19,395 INFO trader_dost_arun.ops.alerts telegram disabled: ⚠️ <b>Health warning</b> bybit: score=42.3, p95=8549.4ms, stale=6.3s, reconnects=0
2026-07-24 12:27:19,400 INFO trader_dost_arun.ops.alerts telegram disabled: ⚠️ <b>Health warning</b> bybit: score=42.3, p95=8549.4ms, stale=6.3s, reconnects=0
2026-07-24 12:27:19,406 INFO trader_dost_arun.ops.alerts telegram disabled: ⚠️ <b>Health warning</b> bybit: score=42.3, p95=8549.4ms, stale=6.3s, reconnects=0
2026-07-24 12:27:19,411 INFO trader_dost_arun.ops.alerts telegram disabled: ⚠️ <b>Health warning</b> bybit: score=42.3, p95=8549.4ms, stale=6.3s, reconnects=0
2026-07-24 12:27:19,416 INFO trader_dost_arun.ops.alerts telegram disabled: ⚠️ <b>Health warning</b> bybit: score=42.3, p95=8549.4ms, stale=6.3s, reconnects=0
2026-07-24 12:27:19,421 INFO trader_dost_arun.ops.alerts telegram disabled: ⚠️ <b>Health warning</b> bybit: score=42.3, p95=8549.4ms, stale=6.4s, reconnects=0
2026-07-24 12:27:19,427 INFO trader_dost_arun.ops.alerts telegram disabled: ⚠️ <b>Health warning</b> bybit: score=42.3, p95=8549.4ms, stale=6.4s, reconnects=0
2026-07-24 12:27:19,433 INFO trader_dost_arun.ops.alerts telegram disabled: ⚠️ <b>Health warning</b> bybit: score=42.3, p95=8549.4ms, stale=6.4s, reconnects=0
2026-07-24 12:27:19,438 INFO trader_dost_arun.ops.alerts telegram disabled: ⚠️ <b>Health warning</b> bybit: score=42.3, p95=8549.4ms, stale=6.4s, reconnects=0
2026-07-24 12:27:19,443 INFO trader_dost_arun.ops.alerts telegram disabled: ⚠️ <b>Health warning</b> bybit: score=42.2, p95=8549.4ms, stale=6.4s, reconnects=0
2026-07-24 12:27:19,449 INFO trader_dost_arun.ops.alerts telegram disabled: ⚠️ <b>Health warning</b> bybit: score=42.2, p95=8549.4ms, stale=6.4s, reconnects=0
2026-07-24 12:27:19,455 INFO trader_dost_arun.ops.alerts telegram disabled: ⚠️ <b>Health warning</b> bybit: score=42.2, p95=8549.4ms, stale=6.4s, reconnects=0
2026-07-24 12:27:19,462 INFO trader_dost_arun.ops.alerts telegram disabled: ⚠️ <b>Health warning</b> bybit: score=42.2, p95=8549.4ms, stale=6.4s, reconnects=0
2026-07-24 12:27:19,468 INFO trader_dost_arun.ops.alerts telegram disabled: ⚠️ <b>Health warning</b> bybit: score=42.2, p95=8549.4ms, stale=6.4s, reconnects=0
2026-07-24 12:27:19,474 INFO trader_dost_arun.ops.alerts telegram disabled: ⚠️ <b>Health warning</b> bybit: score=42.2, p95=8549.4ms, stale=6.4s, reconnects=0
2026-07-24 12:27:19,480 INFO trader_dost_arun.ops.alerts telegram disabled: ⚠️ <b>Health warning</b> bybit: score=42.2, p95=8549.4ms, stale=6.4s, reconnects=0
2026-07-24 12:27:19,486 INFO trader_dost_arun.ops.alerts telegram disabled: ⚠️ <b>Health warning</b> bybit: score=42.2, p95=8549.4ms, stale=6.4s, reconnects=0
2026-07-24 12:27:19,492 INFO trader_dost_arun.ops.alerts telegram disabled: ⚠️ <b>Health warning</b> bybit: score=42.2, p95=8549.4ms, stale=6.4s, reconnects=0
2026-07-24 12:27:19,497 INFO trader_dost_arun.ops.alerts telegram disabled: ⚠️ <b>Health warning</b> bybit: score=42.1, p95=8549.4ms, stale=6.4s, reconnects=0
2026-07-24 12:27:19,503 INFO trader_dost_arun.ops.alerts telegram disabled: ⚠️ <b>Health warning</b> bybit: score=42.1, p95=8549.4ms, stale=6.4s, reconnects=0
2026-07-24 12:27:19,509 INFO trader_dost_arun.ops.alerts telegram disabled: ⚠️ <b>Health warning</b> bybit: score=42.1, p95=8549.4ms, stale=6.4s, reconnects=0
2026-07-24 12:27:19,514 INFO trader_dost_arun.ops.alerts telegram disabled: ⚠️ <b>Health warning</b> bybit: score=42.1, p95=8549.4ms, stale=6.4s, reconnects=0
2026-07-24 12:27:19,520 INFO trader_dost_arun.ops.alerts telegram disabled: ⚠️ <b>Health warning</b> bybit: score=42.1, p95=8549.4ms, stale=6.5s, reconnects=0
2026-07-24 12:27:19,527 INFO trader_dost_arun.ops.alerts telegram disabled: ⚠️ <b>Health warning</b> bybit: score=42.1, p95=8549.4ms, stale=6.5s, reconnects=0
2026-07-24 12:27:19,533 INFO trader_dost_arun.ops.alerts telegram disabled: ⚠️ <b>Health warning</b> bybit: score=42.1, p95=8549.4ms, stale=6.5s, reconnects=0
2026-07-24 12:27:19,539 INFO trader_dost_arun.ops.alerts telegram disabled: ⚠️ <b>Health warning</b> bybit: score=42.1, p95=8549.4ms, stale=6.5s, reconnects=0
2026-07-24 12:27:19,544 INFO trader_dost_arun.ops.alerts telegram disabled: ⚠️ <b>Health warning</b> bybit: score=42.0, p95=8549.4ms, stale=6.5s, reconnects=0
2026-07-24 12:27:19,551 INFO trader_dost_arun.ops.alerts telegram disabled: ⚠️ <b>Health warning</b> bybit: score=42.0, p95=8549.4ms, stale=6.5s, reconnects=0
2026-07-24 12:27:19,557 INFO trader_dost_arun.ops.alerts telegram disabled: ⚠️ <b>Health warning</b> bybit: score=42.0, p95=8549.4ms, stale=6.5s, reconnects=0
2026-07-24 12:27:19,562 INFO trader_dost_arun.ops.alerts telegram disabled: ⚠️ <b>Health warning</b> bybit: score=42.0, p95=8549.4ms, stale=6.5s, reconnects=0
2026-07-24 12:27:19,568 INFO trader_dost_arun.ops.alerts telegram disabled: ⚠️ <b>Health warning</b> bybit: score=42.0, p95=8549.4ms, stale=6.5s, reconnects=0
2026-07-24 12:27:19,574 INFO trader_dost_arun.ops.alerts telegram disabled: ⚠️ <b>Health warning</b> bybit: score=42.0, p95=8549.4ms, stale=6.5s, reconnects=0
2026-07-24 12:27:19,580 INFO trader_dost_arun.ops.alerts telegram disabled: ⚠️ <b>Health warning</b> bybit: score=42.0, p95=8549.4ms, stale=6.5s, reconnects=0
2026-07-24 12:27:19,586 INFO trader_dost_arun.ops.alerts telegram disabled: ⚠️ <b>Health warning</b> bybit: score=42.0, p95=8549.4ms, stale=6.5s, reconnects=0
2026-07-24 12:27:19,592 INFO trader_dost_arun.ops.alerts telegram disabled: ⚠️ <b>Health warning</b> bybit: score=42.0, p95=8549.4ms, stale=6.5s, reconnects=0
2026-07-24 12:27:19,598 INFO trader_dost_arun.ops.alerts telegram disabled: ⚠️ <b>Health warning</b> bybit: score=41.9, p95=8549.4ms, stale=6.5s, reconnects=0
2026-07-24 12:27:19,604 INFO trader_dost_arun.ops.alerts telegram disabled: ⚠️ <b>Health warning</b> bybit: score=41.9, p95=8549.4ms, stale=6.5s, reconnects=0
2026-07-24 12:27:19,610 INFO trader_dost_arun.ops.alerts telegram disabled: ⚠️ <b>Health warning</b> bybit: score=41.9, p95=8549.4ms, stale=6.5s, reconnects=0
2026-07-24 12:27:19,616 INFO trader_dost_arun.ops.alerts telegram disabled: ⚠️ <b>Health warning</b> bybit: score=41.9, p95=8549.4ms, stale=6.5s, reconnects=0
2026-07-24 12:27:19,622 INFO trader_dost_arun.ops.alerts telegram disabled: ⚠️ <b>Health warning</b> bybit: score=41.9, p95=8549.4ms, stale=6.6s, reconnects=0
2026-07-24 12:27:19,628 INFO trader_dost_arun.ops.alerts telegram disabled: ⚠️ <b>Health warning</b> bybit: score=41.9, p95=8549.4ms, stale=6.6s, reconnects=0
2026-07-24 12:27:19,635 INFO trader_dost_arun.ops.alerts telegram disabled: ⚠️ <b>Health warning</b> bybit: score=41.9, p95=8549.4ms, stale=6.6s, reconnects=0
2026-07-24 12:27:19,641 INFO trader_dost_arun.ops.alerts telegram disabled: ⚠️ <b>Health warning</b> bybit: score=41.9, p95=8549.4ms, stale=6.6s, reconnects=0
2026-07-24 12:27:19,647 INFO trader_dost_arun.ops.alerts telegram disabled: ⚠️ <b>Health warning</b> bybit: score=41.8, p95=8549.4ms, stale=6.6s, reconnects=0
2026-07-24 12:27:19,654 INFO trader_dost_arun.ops.alerts telegram disabled: ⚠️ <b>Health warning</b> bybit: score=41.8, p95=8549.4ms, stale=6.6s, reconnects=0
2026-07-24 12:27:19,661 INFO trader_dost_arun.ops.alerts telegram disabled: ⚠️ <b>Health warning</b> bybit: score=41.8, p95=8549.4ms, stale=6.6s, reconnects=0
2026-07-24 12:27:19,667 INFO trader_dost_arun.ops.alerts telegram disabled: ⚠️ <b>Health warning</b> bybit: score=41.8, p95=8549.4ms, stale=6.6s, reconnects=0
2026-07-24 12:27:19,674 INFO trader_dost_arun.ops.alerts telegram disabled: ⚠️ <b>Health warning</b> bybit: score=41.8, p95=8549.4ms, stale=6.6s, reconnects=0
2026-07-24 12:27:19,680 INFO trader_dost_arun.ops.alerts telegram disabled: ⚠️ <b>Health warning</b> bybit: score=41.8, p95=8549.4ms, stale=6.6s, reconnects=0
2026-07-24 12:27:19,686 INFO trader_dost_arun.ops.alerts telegram disabled: ⚠️ <b>Health warning</b> bybit: score=41.8, p95=8549.4ms, stale=6.6s, reconnects=0
2026-07-24 12:27:19,692 INFO trader_dost_arun.ops.alerts telegram disabled: ⚠️ <b>Health warning</b> bybit: score=41.7, p95=8549.4ms, stale=6.6s, reconnects=0
2026-07-24 12:27:19,698 INFO trader_dost_arun.ops.alerts telegram disabled: ⚠️ <b>Health warning</b> bybit: score=41.7, p95=8549.4ms, stale=6.6s, reconnects=0
2026-07-24 12:27:19,705 INFO trader_dost_arun.ops.alerts telegram disabled: ⚠️ <b>Health warning</b> bybit: score=41.7, p95=8549.4ms, stale=6.6s, reconnects=0
2026-07-24 12:27:19,711 INFO trader_dost_arun.ops.alerts telegram disabled: ⚠️ <b>Health warning</b> bybit: score=41.7, p95=8549.4ms, stale=6.6s, reconnects=0
2026-07-24 12:27:19,716 INFO trader_dost_arun.ops.alerts telegram disabled: ⚠️ <b>Health warning</b> bybit: score=41.7, p95=8549.4ms, stale=6.6s, reconnects=0
2026-07-24 12:27:19,723 INFO trader_dost_arun.ops.alerts telegram disabled: ⚠️ <b>Health warning</b> bybit: score=41.7, p95=8549.4ms, stale=6.7s, reconnects=0
2026-07-24 12:27:19,729 INFO trader_dost_arun.ops.alerts telegram disabled: ⚠️ <b>Health warning</b> bybit: score=41.7, p95=8549.4ms, stale=6.7s, reconnects=0
2026-07-24 12:27:19,735 INFO trader_dost_arun.ops.alerts telegram disabled: ⚠️ <b>Health warning</b> bybit: score=41.7, p95=8549.4ms, stale=6.7s, reconnects=0
2026-07-24 12:27:19,741 INFO trader_dost_arun.ops.alerts telegram disabled: ⚠️ <b>Health warning</b> bybit: score=41.7, p95=8549.4ms, stale=6.7s, reconnects=0
2026-07-24 12:27:19,747 INFO trader_dost_arun.ops.alerts telegram disabled: ⚠️ <b>Health warning</b> bybit: score=41.6, p95=8549.4ms, stale=6.7s, reconnects=0
2026-07-24 12:27:19,753 INFO trader_dost_arun.ops.alerts telegram disabled: ⚠️ <b>Health warning</b> bybit: score=41.6, p95=8549.4ms, stale=6.7s, reconnects=0
2026-07-24 12:27:19,759 INFO trader_dost_arun.ops.alerts telegram disabled: ⚠️ <b>Health warning</b> bybit: score=41.6, p95=8549.4ms, stale=6.7s, reconnects=0
2026-07-24 12:27:19,766 INFO trader_dost_arun.ops.alerts telegram disabled: ⚠️ <b>Health warning</b> bybit: score=41.6, p95=8549.4ms, stale=6.7s, reconnects=0
2026-07-24 12:27:19,772 INFO trader_dost_arun.ops.alerts telegram disabled: ⚠️ <b>Health warning</b> bybit: score=41.6, p95=8549.4ms, stale=6.7s, reconnects=0
2026-07-24 12:27:19,778 INFO trader_dost_arun.ops.alerts telegram disabled: ⚠️ <b>Health warning</b> bybit: score=41.6, p95=8549.4ms, stale=6.7s, reconnects=0
2026-07-24 12:27:19,784 INFO trader_dost_arun.ops.alerts telegram disabled: ⚠️ <b>Health warning</b> bybit: score=41.6, p95=8549.4ms, stale=6.7s, reconnects=0
2026-07-24 12:27:19,790 INFO trader_dost_arun.ops.alerts telegram disabled: ⚠️ <b>Health warning</b> bybit: score=41.6, p95=8549.4ms, stale=6.7s, reconnects=0
2026-07-24 12:27:19,796 INFO trader_dost_arun.ops.alerts telegram disabled: ⚠️ <b>Health warning</b> bybit: score=41.5, p95=8549.4ms, stale=6.7s, reconnects=0
2026-07-24 12:27:19,802 INFO trader_dost_arun.ops.alerts telegram disabled: ⚠️ <b>Health warning</b> bybit: score=41.5, p95=8549.4ms, stale=6.7s, reconnects=0
2026-07-24 12:27:19,808 INFO trader_dost_arun.ops.alerts telegram disabled: ⚠️ <b>Health warning</b> bybit: score=41.5, p95=8549.4ms, stale=6.7s, reconnects=0
2026-07-24 12:27:19,814 INFO trader_dost_arun.ops.alerts telegram disabled: ⚠️ <b>Health warning</b> bybit: score=41.5, p95=8549.4ms, stale=6.7s, reconnects=0
2026-07-24 12:27:19,820 INFO trader_dost_arun.ops.alerts telegram disabled: ⚠️ <b>Health warning</b> bybit: score=41.5, p95=8549.4ms, stale=6.8s, reconnects=0
2026-07-24 12:27:19,826 INFO trader_dost_arun.ops.alerts telegram disabled: ⚠️ <b>Health warning</b> bybit: score=41.5, p95=8549.4ms, stale=6.8s, reconnects=0
2026-07-24 12:27:19,832 INFO trader_dost_arun.ops.alerts telegram disabled: ⚠️ <b>Health warning</b> bybit: score=41.5, p95=8549.4ms, stale=6.8s, reconnects=0
2026-07-24 12:27:19,838 INFO trader_dost_arun.ops.alerts telegram disabled: ⚠️ <b>Health warning</b> bybit: score=41.5, p95=8549.4ms, stale=6.8s, reconnects=0
2026-07-24 12:27:19,844 INFO trader_dost_arun.ops.alerts telegram disabled: ⚠️ <b>Health warning</b> bybit: score=41.4, p95=8549.4ms, stale=6.8s, reconnects=0
2026-07-24 12:27:19,850 INFO trader_dost_arun.ops.alerts telegram disabled: ⚠️ <b>Health warning</b> bybit: score=41.4, p95=8549.4ms, stale=6.8s, reconnects=0
2026-07-24 12:27:19,857 INFO trader_dost_arun.ops.alerts telegram disabled: ⚠️ <b>Health warning</b> bybit: score=41.4, p95=8549.4ms, stale=6.8s, reconnects=0
2026-07-24 12:27:19,863 INFO trader_dost_arun.ops.alerts telegram disabled: ⚠️ <b>Health warning</b> bybit: score=41.4, p95=8549.4ms, stale=6.8s, reconnects=0
2026-07-24 12:27:19,869 INFO trader_dost_arun.ops.alerts telegram disabled: ⚠️ <b>Health warning</b> bybit: score=41.4, p95=8549.4ms, stale=6.8s, reconnects=0
2026-07-24 12:27:19,875 INFO trader_dost_arun.ops.alerts telegram disabled: ⚠️ <b>Health warning</b> bybit: score=41.4, p95=8549.4ms, stale=6.8s, reconnects=0
2026-07-24 12:27:19,881 INFO trader_dost_arun.ops.alerts telegram disabled: ⚠️ <b>Health warning</b> bybit: score=41.4, p95=8549.4ms, stale=6.8s, reconnects=0
2026-07-24 12:27:19,887 INFO trader_dost_arun.ops.alerts telegram disabled: ⚠️ <b>Health warning</b> bybit: score=41.4, p95=8549.4ms, stale=6.8s, reconnects=0
2026-07-24 12:27:19,893 INFO trader_dost_arun.ops.alerts telegram disabled: ⚠️ <b>Health warning</b> bybit: score=41.3, p95=8549.4ms, stale=6.8s, reconnects=0
2026-07-24 12:27:19,899 INFO trader_dost_arun.ops.alerts telegram disabled: ⚠️ <b>Health warning</b> bybit: score=41.3, p95=8549.4ms, stale=6.8s, reconnects=0
2026-07-24 12:27:19,906 INFO trader_dost_arun.ops.alerts telegram disabled: ⚠️ <b>Health warning</b> bybit: score=41.3, p95=8549.4ms, stale=6.8s, reconnects=0
2026-07-24 12:27:19,912 INFO trader_dost_arun.ops.alerts telegram disabled: ⚠️ <b>Health warning</b> bybit: score=41.3, p95=8549.4ms, stale=6.8s, reconnects=0
2026-07-24 12:27:19,918 INFO trader_dost_arun.ops.alerts telegram disabled: ⚠️ <b>Health warning</b> bybit: score=41.3, p95=8549.4ms, stale=6.9s, reconnects=0
2026-07-24 12:27:19,924 INFO trader_dost_arun.ops.alerts telegram disabled: ⚠️ <b>Health warning</b> bybit: score=41.3, p95=8549.4ms, stale=6.9s, reconnects=0
2026-07-24 12:27:19,930 INFO trader_dost_arun.ops.alerts telegram disabled: ⚠️ <b>Health warning</b> bybit: score=41.3, p95=8549.4ms, stale=6.9s, reconnects=0
2026-07-24 12:27:19,937 INFO trader_dost_arun.ops.alerts telegram disabled: ⚠️ <b>Health warning</b> bybit: score=41.3, p95=8549.4ms, stale=6.9s, reconnects=0
2026-07-24 12:27:19,943 INFO trader_dost_arun.ops.alerts telegram disabled: ⚠️ <b>Health warning</b> bybit: score=41.2, p95=8549.4ms, stale=6.9s, reconnects=0
2026-07-24 12:27:19,950 INFO trader_dost_arun.ops.alerts telegram disabled: ⚠️ <b>Health warning</b> bybit: score=41.2, p95=8549.4ms, stale=6.9s, reconnects=0
2026-07-24 12:27:19,956 INFO trader_dost_arun.ops.alerts telegram disabled: ⚠️ <b>Health warning</b> bybit: score=41.2, p95=8549.4ms, stale=6.9s, reconnects=0
2026-07-24 12:27:19,962 INFO trader_dost_arun.ops.alerts telegram disabled: ⚠️ <b>Health warning</b> bybit: score=41.2, p95=8549.4ms, stale=6.9s, reconnects=0
2026-07-24 12:27:19,968 INFO trader_dost_arun.ops.alerts telegram disabled: ⚠️ <b>Health warning</b> bybit: score=41.2, p95=8549.4ms, stale=6.9s, reconnects=0
2026-07-24 12:27:19,975 INFO trader_dost_arun.ops.alerts telegram disabled: ⚠️ <b>Health warning</b> bybit: score=41.2, p95=8549.4ms, stale=6.9s, reconnects=0
2026-07-24 12:27:19,982 INFO trader_dost_arun.ops.alerts telegram disabled: ⚠️ <b>Health warning</b> bybit: score=41.2, p95=8549.4ms, stale=6.9s, reconnects=0
2026-07-24 12:27:19,988 INFO trader_dost_arun.ops.alerts telegram disabled: ⚠️ <b>Health warning</b> bybit: score=41.2, p95=8549.4ms, stale=6.9s, reconnects=0
2026-07-24 12:27:20,005 INFO trader_dost_arun.ops.alerts telegram disabled: ⚠️ <b>Health warning</b> bybit: score=41.1, p95=8549.4ms, stale=6.9s, reconnects=0
2026-07-24 12:27:20,022 INFO trader_dost_arun.ops.alerts telegram disabled: ⚠️ <b>Health warning</b> bybit: score=41.1, p95=8549.4ms, stale=7.0s, reconnects=0
2026-07-24 12:27:20,038 INFO trader_dost_arun.ops.alerts telegram disabled: ⚠️ <b>Health warning</b> bybit: score=41.1, p95=8549.4ms, stale=7.0s, reconnects=0
2026-07-24 12:27:20,057 INFO trader_dost_arun.ops.alerts telegram disabled: ⚠️ <b>Health warning</b> bybit: score=41.0, p95=8549.4ms, stale=7.0s, reconnects=0
2026-07-24 12:27:20,075 INFO trader_dost_arun.ops.alerts telegram disabled: ⚠️ <b>Health warning</b> bybit: score=41.0, p95=8549.4ms, stale=7.0s, reconnects=0
2026-07-24 12:27:20,093 INFO trader_dost_arun.ops.alerts telegram disabled: ⚠️ <b>Health warning</b> bybit: score=40.9, p95=8549.4ms, stale=7.0s, reconnects=0
2026-07-24 12:27:20,109 INFO trader_dost_arun.ops.alerts telegram disabled: ⚠️ <b>Health warning</b> bybit: score=40.9, p95=8549.4ms, stale=7.0s, reconnects=0
2026-07-24 12:27:20,130 INFO trader_dost_arun.ops.alerts telegram disabled: ⚠️ <b>Health warning</b> bybit: score=40.9, p95=8549.4ms, stale=7.1s, reconnects=0
2026-07-24 12:27:20,147 INFO trader_dost_arun.ops.alerts telegram disabled: ⚠️ <b>Health warning</b> bybit: score=40.8, p95=8549.4ms, stale=7.1s, reconnects=0
2026-07-24 12:27:20,165 INFO trader_dost_arun.ops.alerts telegram disabled: ⚠️ <b>Health warning</b> bybit: score=40.8, p95=8549.4ms, stale=7.1s, reconnects=0
2026-07-24 12:27:20,183 INFO trader_dost_arun.ops.alerts telegram disabled: ⚠️ <b>Health warning</b> bybit: score=40.8, p95=8549.4ms, stale=7.1s, reconnects=0
2026-07-24 12:27:20,200 INFO trader_dost_arun.ops.alerts telegram disabled: ⚠️ <b>Health warning</b> bybit: score=40.7, p95=8549.4ms, stale=7.1s, reconnects=0
2026-07-24 12:27:20,218 INFO trader_dost_arun.ops.alerts telegram disabled: ⚠️ <b>Health warning</b> bybit: score=40.7, p95=8549.4ms, stale=7.2s, reconnects=0
2026-07-24 12:27:20,235 INFO trader_dost_arun.ops.alerts telegram disabled: ⚠️ <b>Health warning</b> bybit: score=40.7, p95=8549.4ms, stale=7.2s, reconnects=0
2026-07-24 12:27:20,255 INFO trader_dost_arun.ops.alerts telegram disabled: ⚠️ <b>Health warning</b> bybit: score=40.6, p95=8549.4ms, stale=7.2s, reconnects=0
2026-07-24 12:27:20,275 INFO trader_dost_arun.ops.alerts telegram disabled: ⚠️ <b>Health warning</b> bybit: score=40.6, p95=8549.4ms, stale=7.2s, reconnects=0
2026-07-24 12:27:20,294 INFO trader_dost_arun.ops.alerts telegram disabled: ⚠️ <b>Health warning</b> bybit: score=40.5, p95=8549.4ms, stale=7.2s, reconnects=0
2026-07-24 12:27:20,311 INFO trader_dost_arun.ops.alerts telegram disabled: ⚠️ <b>Health warning</b> bybit: score=40.5, p95=8549.4ms, stale=7.2s, reconnects=0
2026-07-24 12:27:20,328 INFO trader_dost_arun.ops.alerts telegram disabled: ⚠️ <b>Health warning</b> bybit: score=40.5, p95=8549.4ms, stale=7.3s, reconnects=0
2026-07-24 12:27:20,345 INFO trader_dost_arun.ops.alerts telegram disabled: ⚠️ <b>Health warning</b> bybit: score=40.4, p95=8549.4ms, stale=7.3s, reconnects=0
2026-07-24 12:27:20,364 INFO trader_dost_arun.ops.alerts telegram disabled: ⚠️ <b>Health warning</b> bybit: score=40.4, p95=8549.4ms, stale=7.3s, reconnects=0
2026-07-24 12:27:20,381 INFO trader_dost_arun.ops.alerts telegram disabled: ⚠️ <b>Health warning</b> bybit: score=40.4, p95=8549.4ms, stale=7.3s, reconnects=0
2026-07-24 12:27:20,399 INFO trader_dost_arun.ops.alerts telegram disabled: ⚠️ <b>Health warning</b> bybit: score=40.3, p95=8549.4ms, stale=7.3s, reconnects=0
2026-07-24 12:27:20,418 INFO trader_dost_arun.ops.alerts telegram disabled: ⚠️ <b>Health warning</b> bybit: score=40.3, p95=8549.4ms, stale=7.4s, reconnects=0
2026-07-24 12:27:20,438 INFO trader_dost_arun.ops.alerts telegram disabled: ⚠️ <b>Health warning</b> bybit: score=40.3, p95=8549.4ms, stale=7.4s, reconnects=0
2026-07-24 12:27:20,459 INFO trader_dost_arun.ops.alerts telegram disabled: ⚠️ <b>Health warning</b> bybit: score=40.2, p95=8549.4ms, stale=7.4s, reconnects=0
2026-07-24 12:27:20,477 INFO trader_dost_arun.ops.alerts telegram disabled: ⚠️ <b>Health warning</b> bybit: score=40.2, p95=8549.4ms, stale=7.4s, reconnects=0
2026-07-24 12:27:20,502 INFO trader_dost_arun.ops.alerts telegram disabled: ⚠️ <b>Health warning</b> bybit: score=40.1, p95=8549.4ms, stale=7.4s, reconnects=0
2026-07-24 12:27:20,522 INFO trader_dost_arun.ops.alerts telegram disabled: ⚠️ <b>Health warning</b> bybit: score=40.1, p95=8549.4ms, stale=7.5s, reconnects=0
2026-07-24 12:27:20,563 INFO trader_dost_arun.ops.alerts telegram disabled: ⚠️ <b>Health warning</b> bybit: score=40.0, p95=8549.4ms, stale=7.5s, reconnects=0
2026-07-24 12:27:20,642 INFO trader_dost_arun.ops.alerts telegram disabled: ⚠️ <b>Health warning</b> bybit: score=39.9, p95=8549.4ms, stale=7.6s, reconnects=0
2026-07-24 12:27:20,668 INFO trader_dost_arun.ops.alerts telegram disabled: ⚠️ <b>Health warning</b> bybit: score=39.8, p95=8549.4ms, stale=7.6s, reconnects=0
2026-07-24 12:27:20,686 INFO trader_dost_arun.ops.alerts telegram disabled: ⚠️ <b>Health warning</b> bybit: score=39.8, p95=8549.4ms, stale=7.6s, reconnects=0
2026-07-24 12:27:20,704 INFO trader_dost_arun.ops.alerts telegram disabled: ⚠️ <b>Health warning</b> bybit: score=39.7, p95=8549.4ms, stale=7.6s, reconnects=0
2026-07-24 12:27:20,721 INFO trader_dost_arun.ops.alerts telegram disabled: ⚠️ <b>Health warning</b> bybit: score=39.7, p95=8549.4ms, stale=7.7s, reconnects=0
2026-07-24 12:27:20,737 INFO trader_dost_arun.ops.alerts telegram disabled: ⚠️ <b>Health warning</b> bybit: score=39.7, p95=8549.4ms, stale=7.7s, reconnects=0
2026-07-24 12:27:20,753 INFO trader_dost_arun.ops.alerts telegram disabled: ⚠️ <b>Health warning</b> bybit: score=39.6, p95=8549.4ms, stale=7.7s, reconnects=0
2026-07-24 12:27:20,769 INFO trader_dost_arun.ops.alerts telegram disabled: ⚠️ <b>Health warning</b> bybit: score=39.6, p95=8549.4ms, stale=7.7s, reconnects=0
2026-07-24 12:27:20,785 INFO trader_dost_arun.ops.alerts telegram disabled: ⚠️ <b>Health warning</b> bybit: score=39.6, p95=8549.4ms, stale=7.7s, reconnects=0
2026-07-24 12:27:20,800 INFO trader_dost_arun.ops.alerts telegram disabled: ⚠️ <b>Health warning</b> bybit: score=39.5, p95=8549.4ms, stale=7.7s, reconnects=0
2026-07-24 12:27:20,816 INFO trader_dost_arun.ops.alerts telegram disabled: ⚠️ <b>Health warning</b> bybit: score=39.5, p95=8549.4ms, stale=7.7s, reconnects=0
2026-07-24 12:27:20,831 INFO trader_dost_arun.ops.alerts telegram disabled: ⚠️ <b>Health warning</b> bybit: score=39.5, p95=8549.4ms, stale=7.8s, reconnects=0
2026-07-24 12:27:20,848 INFO trader_dost_arun.ops.alerts telegram disabled: ⚠️ <b>Health warning</b> bybit: score=39.4, p95=8549.4ms, stale=7.8s, reconnects=0
2026-07-24 12:27:20,865 INFO trader_dost_arun.ops.alerts telegram disabled: ⚠️ <b>Health warning</b> bybit: score=39.4, p95=8549.4ms, stale=7.8s, reconnects=0
2026-07-24 12:27:20,880 INFO trader_dost_arun.ops.alerts telegram disabled: ⚠️ <b>Health warning</b> bybit: score=39.4, p95=8549.4ms, stale=7.8s, reconnects=0
2026-07-24 12:27:20,896 INFO trader_dost_arun.ops.alerts telegram disabled: ⚠️ <b>Health warning</b> bybit: score=39.3, p95=8549.4ms, stale=7.8s, reconnects=0
2026-07-24 12:27:20,912 INFO trader_dost_arun.ops.alerts telegram disabled: ⚠️ <b>Health warning</b> bybit: score=39.3, p95=8549.4ms, stale=7.8s, reconnects=0
2026-07-24 12:27:20,929 INFO trader_dost_arun.ops.alerts telegram disabled: ⚠️ <b>Health warning</b> bybit: score=39.3, p95=8549.4ms, stale=7.9s, reconnects=0
2026-07-24 12:27:20,952 INFO trader_dost_arun.ops.alerts telegram disabled: ⚠️ <b>Health warning</b> bybit: score=39.2, p95=8549.4ms, stale=7.9s, reconnects=0
2026-07-24 12:27:20,969 INFO trader_dost_arun.ops.alerts telegram disabled: ⚠️ <b>Health warning</b> bybit: score=39.2, p95=8549.4ms, stale=7.9s, reconnects=0
2026-07-24 12:27:20,986 INFO trader_dost_arun.ops.alerts telegram disabled: ⚠️ <b>Health warning</b> bybit: score=39.2, p95=8549.4ms, stale=7.9s, reconnects=0
2026-07-24 12:27:21,003 INFO trader_dost_arun.ops.alerts telegram disabled: ⚠️ <b>Health warning</b> bybit: score=39.1, p95=8549.4ms, stale=7.9s, reconnects=0
2026-07-24 12:27:21,019 INFO trader_dost_arun.ops.alerts telegram disabled: ⚠️ <b>Health warning</b> bybit: score=39.1, p95=8549.4ms, stale=8.0s, reconnects=0
2026-07-24 12:27:21,035 INFO trader_dost_arun.ops.alerts telegram disabled: ⚠️ <b>Health warning</b> bybit: score=39.1, p95=8549.4ms, stale=8.0s, reconnects=0
2026-07-24 12:27:21,052 INFO trader_dost_arun.ops.alerts telegram disabled: ⚠️ <b>Health warning</b> bybit: score=39.0, p95=8549.4ms, stale=8.0s, reconnects=0
2026-07-24 12:27:21,069 INFO trader_dost_arun.ops.alerts telegram disabled: ⚠️ <b>Health warning</b> bybit: score=39.0, p95=8549.4ms, stale=8.0s, reconnects=0
2026-07-24 12:27:21,086 INFO trader_dost_arun.ops.alerts telegram disabled: ⚠️ <b>Health warning</b> bybit: score=39.0, p95=8549.4ms, stale=8.0s, reconnects=0
2026-07-24 12:27:21,103 INFO trader_dost_arun.ops.alerts telegram disabled: ⚠️ <b>Health warning</b> bybit: score=38.9, p95=8549.4ms, stale=8.0s, reconnects=0
2026-07-24 12:27:21,119 INFO trader_dost_arun.ops.alerts telegram disabled: ⚠️ <b>Health warning</b> bybit: score=38.9, p95=8549.4ms, stale=8.1s, reconnects=0
2026-07-24 12:27:21,136 INFO trader_dost_arun.ops.alerts telegram disabled: ⚠️ <b>Health warning</b> bybit: score=38.9, p95=8549.4ms, stale=8.1s, reconnects=0
2026-07-24 12:27:21,154 INFO trader_dost_arun.ops.alerts telegram disabled: ⚠️ <b>Health warning</b> bybit: score=38.8, p95=8549.4ms, stale=8.1s, reconnects=0
2026-07-24 12:27:21,172 INFO trader_dost_arun.ops.alerts telegram disabled: ⚠️ <b>Health warning</b> bybit: score=38.8, p95=8549.4ms, stale=8.1s, reconnects=0
2026-07-24 12:27:21,190 INFO trader_dost_arun.ops.alerts telegram disabled: ⚠️ <b>Health warning</b> bybit: score=38.8, p95=8549.4ms, stale=8.1s, reconnects=0
2026-07-24 12:27:21,207 INFO trader_dost_arun.ops.alerts telegram disabled: ⚠️ <b>Health warning</b> bybit: score=38.7, p95=8549.4ms, stale=8.1s, reconnects=0
2026-07-24 12:27:21,224 INFO trader_dost_arun.ops.alerts telegram disabled: ⚠️ <b>Health warning</b> bybit: score=38.7, p95=8549.4ms, stale=8.2s, reconnects=0
2026-07-24 12:27:21,242 INFO trader_dost_arun.ops.alerts telegram disabled: ⚠️ <b>Health warning</b> bybit: score=38.7, p95=8549.4ms, stale=8.2s, reconnects=0
2026-07-24 12:27:21,260 INFO trader_dost_arun.ops.alerts telegram disabled: ⚠️ <b>Health warning</b> bybit: score=38.6, p95=8549.4ms, stale=8.2s, reconnects=0
2026-07-24 12:27:21,279 INFO trader_dost_arun.ops.alerts telegram disabled: ⚠️ <b>Health warning</b> bybit: score=38.6, p95=8549.4ms, stale=8.2s, reconnects=0
2026-07-24 12:27:21,296 INFO trader_dost_arun.ops.alerts telegram disabled: ⚠️ <b>Health warning</b> bybit: score=38.5, p95=8549.4ms, stale=8.2s, reconnects=0
2026-07-24 12:27:21,319 INFO trader_dost_arun.ops.alerts telegram disabled: ⚠️ <b>Health warning</b> bybit: score=38.5, p95=8549.4ms, stale=8.3s, reconnects=0
2026-07-24 12:27:21,336 INFO trader_dost_arun.ops.alerts telegram disabled: ⚠️ <b>Health warning</b> bybit: score=38.5, p95=8549.4ms, stale=8.3s, reconnects=0
2026-07-24 12:27:21,353 INFO trader_dost_arun.ops.alerts telegram disabled: ⚠️ <b>Health warning</b> bybit: score=38.4, p95=8549.4ms, stale=8.3s, reconnects=0
2026-07-24 12:27:21,371 INFO trader_dost_arun.ops.alerts telegram disabled: ⚠️ <b>Health warning</b> bybit: score=38.4, p95=8549.4ms, stale=8.3s, reconnects=0
2026-07-24 12:27:21,388 INFO trader_dost_arun.ops.alerts telegram disabled: ⚠️ <b>Health warning</b> bybit: score=38.4, p95=8549.4ms, stale=8.3s, reconnects=0
2026-07-24 12:27:21,405 INFO trader_dost_arun.ops.alerts telegram disabled: ⚠️ <b>Health warning</b> bybit: score=38.3, p95=8549.4ms, stale=8.3s, reconnects=0
2026-07-24 12:27:21,422 INFO trader_dost_arun.ops.alerts telegram disabled: ⚠️ <b>Health warning</b> bybit: score=38.3, p95=8549.4ms, stale=8.4s, reconnects=0
2026-07-24 12:27:21,440 INFO trader_dost_arun.ops.alerts telegram disabled: ⚠️ <b>Health warning</b> bybit: score=38.3, p95=8549.4ms, stale=8.4s, reconnects=0
2026-07-24 12:27:21,457 INFO trader_dost_arun.ops.alerts telegram disabled: ⚠️ <b>Health warning</b> bybit: score=38.2, p95=8549.4ms, stale=8.4s, reconnects=0
2026-07-24 12:27:21,474 INFO trader_dost_arun.ops.alerts telegram disabled: ⚠️ <b>Health warning</b> bybit: score=38.2, p95=8549.4ms, stale=8.4s, reconnects=0
2026-07-24 12:27:21,490 INFO trader_dost_arun.ops.alerts telegram disabled: ⚠️ <b>Health warning</b> bybit: score=38.2, p95=8549.4ms, stale=8.4s, reconnects=0
2026-07-24 12:27:21,507 INFO trader_dost_arun.ops.alerts telegram disabled: ⚠️ <b>Health warning</b> bybit: score=38.1, p95=8549.4ms, stale=8.4s, reconnects=0
2026-07-24 12:27:21,524 INFO trader_dost_arun.ops.alerts telegram disabled: ⚠️ <b>Health warning</b> bybit: score=38.1, p95=8549.4ms, stale=8.5s, reconnects=0
2026-07-24 12:27:21,541 INFO trader_dost_arun.ops.alerts telegram disabled: ⚠️ <b>Health warning</b> bybit: score=38.1, p95=8549.4ms, stale=8.5s, reconnects=0
2026-07-24 12:27:21,560 INFO trader_dost_arun.ops.alerts telegram disabled: ⚠️ <b>Health warning</b> bybit: score=38.0, p95=8549.4ms, stale=8.5s, reconnects=0
2026-07-24 12:27:21,579 INFO trader_dost_arun.ops.alerts telegram disabled: ⚠️ <b>Health warning</b> bybit: score=38.0, p95=8549.4ms, stale=8.5s, reconnects=0
2026-07-24 12:27:21,597 INFO trader_dost_arun.ops.alerts telegram disabled: ⚠️ <b>Health warning</b> bybit: score=37.9, p95=8549.4ms, stale=8.5s, reconnects=0
2026-07-24 12:27:21,615 INFO trader_dost_arun.ops.alerts telegram disabled: ⚠️ <b>Health warning</b> bybit: score=37.9, p95=8549.4ms, stale=8.5s, reconnects=0
2026-07-24 12:27:21,632 INFO trader_dost_arun.ops.alerts telegram disabled: ⚠️ <b>Health warning</b> bybit: score=37.9, p95=8549.4ms, stale=8.6s, reconnects=0
2026-07-24 12:27:21,650 INFO trader_dost_arun.ops.alerts telegram disabled: ⚠️ <b>Health warning</b> bybit: score=37.8, p95=8549.4ms, stale=8.6s, reconnects=0
2026-07-24 12:27:21,668 INFO trader_dost_arun.ops.alerts telegram disabled: ⚠️ <b>Health warning</b> bybit: score=37.8, p95=8549.4ms, stale=8.6s, reconnects=0
2026-07-24 12:27:21,692 INFO trader_dost_arun.ops.alerts telegram disabled: ⚠️ <b>Health warning</b> bybit: score=37.8, p95=8549.4ms, stale=8.6s, reconnects=0
2026-07-24 12:27:21,710 INFO trader_dost_arun.ops.alerts telegram disabled: ⚠️ <b>Health warning</b> bybit: score=37.7, p95=8549.4ms, stale=8.6s, reconnects=0
2026-07-24 12:27:21,727 INFO trader_dost_arun.ops.alerts telegram disabled: ⚠️ <b>Health warning</b> bybit: score=37.7, p95=8549.4ms, stale=8.7s, reconnects=0
2026-07-24 12:27:21,745 INFO trader_dost_arun.ops.alerts telegram disabled: ⚠️ <b>Health warning</b> bybit: score=37.6, p95=8549.4ms, stale=8.7s, reconnects=0
2026-07-24 12:27:21,763 INFO trader_dost_arun.ops.alerts telegram disabled: ⚠️ <b>Health warning</b> bybit: score=37.6, p95=8549.4ms, stale=8.7s, reconnects=0
2026-07-24 12:27:21,781 INFO trader_dost_arun.ops.alerts telegram disabled: ⚠️ <b>Health warning</b> bybit: score=37.6, p95=8549.4ms, stale=8.7s, reconnects=0
2026-07-24 12:27:21,797 INFO trader_dost_arun.ops.alerts telegram disabled: ⚠️ <b>Health warning</b> bybit: score=37.5, p95=8549.4ms, stale=8.7s, reconnects=0
2026-07-24 12:27:21,814 INFO trader_dost_arun.ops.alerts telegram disabled: ⚠️ <b>Health warning</b> bybit: score=37.5, p95=8549.4ms, stale=8.7s, reconnects=0
2026-07-24 12:27:21,831 INFO trader_dost_arun.ops.alerts telegram disabled: ⚠️ <b>Health warning</b> bybit: score=37.5, p95=8549.4ms, stale=8.8s, reconnects=0
2026-07-24 12:27:21,849 INFO trader_dost_arun.ops.alerts telegram disabled: ⚠️ <b>Health warning</b> bybit: score=37.4, p95=8549.4ms, stale=8.8s, reconnects=0
2026-07-24 12:27:21,867 INFO trader_dost_arun.ops.alerts telegram disabled: ⚠️ <b>Health warning</b> bybit: score=37.4, p95=8549.4ms, stale=8.8s, reconnects=0
2026-07-24 12:27:21,883 INFO trader_dost_arun.ops.alerts telegram disabled: ⚠️ <b>Health warning</b> bybit: score=37.4, p95=8549.4ms, stale=8.8s, reconnects=0
2026-07-24 12:27:21,900 INFO trader_dost_arun.ops.alerts telegram disabled: ⚠️ <b>Health warning</b> bybit: score=37.3, p95=8549.4ms, stale=8.8s, reconnects=0
2026-07-24 12:27:21,916 INFO trader_dost_arun.ops.alerts telegram disabled: ⚠️ <b>Health warning</b> bybit: score=37.3, p95=8549.4ms, stale=8.8s, reconnects=0
2026-07-24 12:27:21,934 INFO trader_dost_arun.ops.alerts telegram disabled: ⚠️ <b>Health warning</b> bybit: score=37.3, p95=8549.4ms, stale=8.9s, reconnects=0
2026-07-24 12:27:21,950 INFO trader_dost_arun.ops.alerts telegram disabled: ⚠️ <b>Health warning</b> bybit: score=37.2, p95=8549.4ms, stale=8.9s, reconnects=0
2026-07-24 12:27:21,967 INFO trader_dost_arun.ops.alerts telegram disabled: ⚠️ <b>Health warning</b> bybit: score=37.2, p95=8549.4ms, stale=8.9s, reconnects=0
2026-07-24 12:27:21,984 INFO trader_dost_arun.ops.alerts telegram disabled: ⚠️ <b>Health warning</b> bybit: score=37.2, p95=8549.4ms, stale=8.9s, reconnects=0
2026-07-24 12:27:22,000 INFO trader_dost_arun.ops.alerts telegram disabled: ⚠️ <b>Health warning</b> bybit: score=37.1, p95=8549.4ms, stale=8.9s, reconnects=0
2026-07-24 12:27:22,017 INFO trader_dost_arun.ops.alerts telegram disabled: ⚠️ <b>Health warning</b> bybit: score=37.1, p95=8549.4ms, stale=9.0s, reconnects=0
2026-07-24 12:27:22,034 INFO trader_dost_arun.ops.alerts telegram disabled: ⚠️ <b>Health warning</b> bybit: score=37.1, p95=8549.4ms, stale=9.0s, reconnects=0
2026-07-24 12:27:22,055 INFO trader_dost_arun.ops.alerts telegram disabled: ⚠️ <b>Health warning</b> bybit: score=37.0, p95=8549.4ms, stale=9.0s, reconnects=0
2026-07-24 12:27:22,073 INFO trader_dost_arun.ops.alerts telegram disabled: ⚠️ <b>Health warning</b> bybit: score=37.0, p95=8549.4ms, stale=9.0s, reconnects=0
2026-07-24 12:27:22,090 INFO trader_dost_arun.ops.alerts telegram disabled: ⚠️ <b>Health warning</b> bybit: score=37.0, p95=8549.4ms, stale=9.0s, reconnects=0
2026-07-24 12:27:22,107 INFO trader_dost_arun.ops.alerts telegram disabled: ⚠️ <b>Health warning</b> bybit: score=36.9, p95=8549.4ms, stale=9.0s, reconnects=0
2026-07-24 12:27:22,124 INFO trader_dost_arun.ops.alerts telegram disabled: ⚠️ <b>Health warning</b> bybit: score=36.9, p95=8549.4ms, stale=9.1s, reconnects=0
2026-07-24 12:27:22,141 INFO trader_dost_arun.ops.alerts telegram disabled: ⚠️ <b>Health warning</b> bybit: score=36.9, p95=8549.4ms, stale=9.1s, reconnects=0
2026-07-24 12:27:22,158 INFO trader_dost_arun.ops.alerts telegram disabled: ⚠️ <b>Health warning</b> bybit: score=36.8, p95=8549.4ms, stale=9.1s, reconnects=0
2026-07-24 12:27:22,176 INFO trader_dost_arun.ops.alerts telegram disabled: ⚠️ <b>Health warning</b> bybit: score=36.8, p95=8549.4ms, stale=9.1s, reconnects=0
2026-07-24 12:27:22,193 INFO trader_dost_arun.ops.alerts telegram disabled: ⚠️ <b>Health warning</b> bybit: score=36.7, p95=8549.4ms, stale=9.1s, reconnects=0
2026-07-24 12:27:22,209 INFO trader_dost_arun.ops.alerts telegram disabled: ⚠️ <b>Health warning</b> bybit: score=36.7, p95=8549.4ms, stale=9.1s, reconnects=0
2026-07-24 12:27:22,227 INFO trader_dost_arun.ops.alerts telegram disabled: ⚠️ <b>Health warning</b> bybit: score=36.7, p95=8549.4ms, stale=9.2s, reconnects=0
2026-07-24 12:27:22,243 INFO trader_dost_arun.ops.alerts telegram disabled: ⚠️ <b>Health warning</b> bybit: score=36.6, p95=8549.4ms, stale=9.2s, reconnects=0
2026-07-24 12:27:22,260 INFO trader_dost_arun.ops.alerts telegram disabled: ⚠️ <b>Health warning</b> bybit: score=36.6, p95=8549.4ms, stale=9.2s, reconnects=0
2026-07-24 12:27:22,276 INFO trader_dost_arun.ops.alerts telegram disabled: ⚠️ <b>Health warning</b> bybit: score=36.6, p95=8549.4ms, stale=9.2s, reconnects=0
2026-07-24 12:27:22,293 INFO trader_dost_arun.ops.alerts telegram disabled: ⚠️ <b>Health warning</b> bybit: score=36.5, p95=8549.4ms, stale=9.2s, reconnects=0
2026-07-24 12:27:22,309 INFO trader_dost_arun.ops.alerts telegram disabled: ⚠️ <b>Health warning</b> bybit: score=36.5, p95=8549.4ms, stale=9.2s, reconnects=0
2026-07-24 12:27:22,327 INFO trader_dost_arun.ops.alerts telegram disabled: ⚠️ <b>Health warning</b> bybit: score=36.5, p95=8549.4ms, stale=9.3s, reconnects=0
2026-07-24 12:27:22,344 INFO trader_dost_arun.ops.alerts telegram disabled: ⚠️ <b>Health warning</b> bybit: score=36.4, p95=8549.4ms, stale=9.3s, reconnects=0
2026-07-24 12:27:22,363 INFO trader_dost_arun.ops.alerts telegram disabled: ⚠️ <b>Health warning</b> bybit: score=36.4, p95=8549.4ms, stale=9.3s, reconnects=0
2026-07-24 12:27:22,381 INFO trader_dost_arun.ops.alerts telegram disabled: ⚠️ <b>Health warning</b> bybit: score=36.4, p95=8549.4ms, stale=9.3s, reconnects=0
2026-07-24 12:27:22,405 INFO trader_dost_arun.ops.alerts telegram disabled: ⚠️ <b>Health warning</b> bybit: score=36.3, p95=8549.4ms, stale=9.3s, reconnects=0
2026-07-24 12:27:22,424 INFO trader_dost_arun.ops.alerts telegram disabled: ⚠️ <b>Health warning</b> bybit: score=36.3, p95=8549.4ms, stale=9.4s, reconnects=0
2026-07-24 12:27:22,442 INFO trader_dost_arun.ops.alerts telegram disabled: ⚠️ <b>Health warning</b> bybit: score=36.2, p95=8549.4ms, stale=9.4s, reconnects=0
2026-07-24 12:27:22,461 INFO trader_dost_arun.ops.alerts telegram disabled: ⚠️ <b>Health warning</b> bybit: score=36.2, p95=8549.4ms, stale=9.4s, reconnects=0
2026-07-24 12:27:22,480 INFO trader_dost_arun.ops.alerts telegram disabled: ⚠️ <b>Health warning</b> bybit: score=36.2, p95=8549.4ms, stale=9.4s, reconnects=0
2026-07-24 12:27:22,499 INFO trader_dost_arun.ops.alerts telegram disabled: ⚠️ <b>Health warning</b> bybit: score=36.1, p95=8549.4ms, stale=9.4s, reconnects=0
2026-07-24 12:27:22,517 INFO trader_dost_arun.ops.alerts telegram disabled: ⚠️ <b>Health warning</b> bybit: score=36.1, p95=8549.4ms, stale=9.5s, reconnects=0
2026-07-24 12:27:22,538 INFO trader_dost_arun.ops.alerts telegram disabled: ⚠️ <b>Health warning</b> bybit: score=36.1, p95=8549.4ms, stale=9.5s, reconnects=0
2026-07-24 12:27:22,557 INFO trader_dost_arun.ops.alerts telegram disabled: ⚠️ <b>Health warning</b> bybit: score=36.0, p95=8549.4ms, stale=9.5s, reconnects=0
2026-07-24 12:27:22,577 INFO trader_dost_arun.ops.alerts telegram disabled: ⚠️ <b>Health warning</b> bybit: score=36.0, p95=8549.4ms, stale=9.5s, reconnects=0
2026-07-24 12:27:22,596 INFO trader_dost_arun.ops.alerts telegram disabled: ⚠️ <b>Health warning</b> bybit: score=35.9, p95=8549.4ms, stale=9.5s, reconnects=0
2026-07-24 12:27:22,616 INFO trader_dost_arun.ops.alerts telegram disabled: ⚠️ <b>Health warning</b> bybit: score=35.9, p95=8549.4ms, stale=9.5s, reconnects=0
2026-07-24 12:27:22,636 INFO trader_dost_arun.ops.alerts telegram disabled: ⚠️ <b>Health warning</b> bybit: score=35.9, p95=8549.4ms, stale=9.6s, reconnects=0
2026-07-24 12:27:22,654 INFO trader_dost_arun.ops.alerts telegram disabled: ⚠️ <b>Health warning</b> bybit: score=35.8, p95=8549.4ms, stale=9.6s, reconnects=0
2026-07-24 12:27:22,673 INFO trader_dost_arun.ops.alerts telegram disabled: ⚠️ <b>Health warning</b> bybit: score=35.8, p95=8549.4ms, stale=9.6s, reconnects=0
2026-07-24 12:27:22,691 INFO trader_dost_arun.ops.alerts telegram disabled: ⚠️ <b>Health warning</b> bybit: score=35.8, p95=8549.4ms, stale=9.6s, reconnects=0
2026-07-24 12:27:22,710 INFO trader_dost_arun.ops.alerts telegram disabled: ⚠️ <b>Health warning</b> bybit: score=35.7, p95=8549.4ms, stale=9.6s, reconnects=0
2026-07-24 12:27:22,731 INFO trader_dost_arun.ops.alerts telegram disabled: ⚠️ <b>Health warning</b> bybit: score=35.7, p95=8549.4ms, stale=9.7s, reconnects=0
2026-07-24 12:27:22,751 INFO trader_dost_arun.ops.alerts telegram disabled: ⚠️ <b>Health warning</b> bybit: score=35.6, p95=8549.4ms, stale=9.7s, reconnects=0
2026-07-24 12:27:22,770 INFO trader_dost_arun.ops.alerts telegram disabled: ⚠️ <b>Health warning</b> bybit: score=35.6, p95=8549.4ms, stale=9.7s, reconnects=0
2026-07-24 12:27:22,788 INFO trader_dost_arun.ops.alerts telegram disabled: ⚠️ <b>Health warning</b> bybit: score=35.6, p95=8549.4ms, stale=9.7s, reconnects=0
2026-07-24 12:27:22,812 INFO trader_dost_arun.ops.alerts telegram disabled: ⚠️ <b>Health warning</b> bybit: score=35.5, p95=8549.4ms, stale=9.7s, reconnects=0
2026-07-24 12:27:22,830 INFO trader_dost_arun.ops.alerts telegram disabled: ⚠️ <b>Health warning</b> bybit: score=35.5, p95=8549.4ms, stale=9.8s, reconnects=0
2026-07-24 12:27:22,851 INFO trader_dost_arun.ops.alerts telegram disabled: ⚠️ <b>Health warning</b> bybit: score=35.4, p95=8549.4ms, stale=9.8s, reconnects=0
2026-07-24 12:27:22,870 INFO trader_dost_arun.ops.alerts telegram disabled: ⚠️ <b>Health warning</b> bybit: score=35.4, p95=8549.4ms, stale=9.8s, reconnects=0
2026-07-24 12:27:22,888 INFO trader_dost_arun.ops.alerts telegram disabled: ⚠️ <b>Health warning</b> bybit: score=35.4, p95=8549.4ms, stale=9.8s, reconnects=0
2026-07-24 12:27:22,907 INFO trader_dost_arun.ops.alerts telegram disabled: ⚠️ <b>Health warning</b> bybit: score=35.3, p95=8549.4ms, stale=9.8s, reconnects=0
2026-07-24 12:27:22,925 INFO trader_dost_arun.ops.alerts telegram disabled: ⚠️ <b>Health warning</b> bybit: score=35.3, p95=8549.4ms, stale=9.9s, reconnects=0
2026-07-24 12:27:22,943 INFO trader_dost_arun.ops.alerts telegram disabled: ⚠️ <b>Health warning</b> bybit: score=35.2, p95=8549.4ms, stale=9.9s, reconnects=0
2026-07-24 12:27:22,961 INFO trader_dost_arun.ops.alerts telegram disabled: ⚠️ <b>Health warning</b> bybit: score=35.2, p95=8549.4ms, stale=9.9s, reconnects=0
2026-07-24 12:27:22,979 INFO trader_dost_arun.ops.alerts telegram disabled: ⚠️ <b>Health warning</b> bybit: score=35.2, p95=8549.4ms, stale=9.9s, reconnects=0
2026-07-24 12:27:22,997 INFO trader_dost_arun.ops.alerts telegram disabled: ⚠️ <b>Health warning</b> bybit: score=35.1, p95=8549.4ms, stale=9.9s, reconnects=0
2026-07-24 12:27:23,015 INFO trader_dost_arun.ops.alerts telegram disabled: ⚠️ <b>Health warning</b> bybit: score=35.1, p95=8549.4ms, stale=9.9s, reconnects=0
2026-07-24 12:27:23,033 INFO trader_dost_arun.ops.alerts telegram disabled: ⚠️ <b>Health warning</b> bybit: score=35.1, p95=8549.4ms, stale=10.0s, reconnects=0
2026-07-24 12:27:23,050 INFO trader_dost_arun.ops.alerts telegram disabled: ⚠️ <b>Health warning</b> bybit: score=35.0, p95=8549.4ms, stale=10.0s, reconnects=0
2026-07-24 12:27:23,068 INFO trader_dost_arun.ops.alerts telegram disabled: ⚠️ <b>Health warning</b> bybit: score=35.0, p95=8549.4ms, stale=10.0s, reconnects=0
2026-07-24 12:27:23,085 INFO trader_dost_arun.ops.alerts telegram disabled: ⚠️ <b>Health warning</b> bybit: score=35.0, p95=8549.4ms, stale=10.0s, reconnects=0
2026-07-24 12:27:23,102 INFO trader_dost_arun.ops.alerts telegram disabled: ⚠️ <b>Health warning</b> bybit: score=34.9, p95=8549.4ms, stale=10.0s, reconnects=0
2026-07-24 12:27:23,121 INFO trader_dost_arun.ops.alerts telegram disabled: ⚠️ <b>Health warning</b> bybit: score=34.9, p95=8549.4ms, stale=10.1s, reconnects=0
2026-07-24 12:27:23,140 INFO trader_dost_arun.ops.alerts telegram disabled: ⚠️ <b>Health warning</b> bybit: score=34.9, p95=8549.4ms, stale=10.1s, reconnects=0
2026-07-24 12:27:23,160 INFO trader_dost_arun.ops.alerts telegram disabled: ⚠️ <b>Health warning</b> bybit: score=34.8, p95=8549.4ms, stale=10.1s, reconnects=0
2026-07-24 12:27:23,178 INFO trader_dost_arun.ops.alerts telegram disabled: ⚠️ <b>Health warning</b> bybit: score=34.8, p95=8549.4ms, stale=10.1s, reconnects=0
2026-07-24 12:27:23,202 INFO trader_dost_arun.ops.alerts telegram disabled: ⚠️ <b>Health warning</b> bybit: score=34.7, p95=8549.4ms, stale=10.1s, reconnects=0
2026-07-24 12:27:23,222 INFO trader_dost_arun.ops.alerts telegram disabled: ⚠️ <b>Health warning</b> bybit: score=34.7, p95=8549.4ms, stale=10.2s, reconnects=0
2026-07-24 12:27:23,241 INFO trader_dost_arun.ops.alerts telegram disabled: ⚠️ <b>Health warning</b> bybit: score=34.7, p95=8549.4ms, stale=10.2s, reconnects=0
2026-07-24 12:27:23,261 INFO trader_dost_arun.ops.alerts telegram disabled: ⚠️ <b>Health warning</b> bybit: score=34.6, p95=8549.4ms, stale=10.2s, reconnects=0
2026-07-24 12:27:23,279 INFO trader_dost_arun.ops.alerts telegram disabled: ⚠️ <b>Health warning</b> bybit: score=34.6, p95=8549.4ms, stale=10.2s, reconnects=0
2026-07-24 12:27:23,297 INFO trader_dost_arun.ops.alerts telegram disabled: ⚠️ <b>Health warning</b> bybit: score=34.5, p95=8549.4ms, stale=10.2s, reconnects=0
2026-07-24 12:27:23,316 INFO trader_dost_arun.ops.alerts telegram disabled: ⚠️ <b>Health warning</b> bybit: score=34.5, p95=8549.4ms, stale=10.2s, reconnects=0
2026-07-24 12:27:23,335 INFO trader_dost_arun.ops.alerts telegram disabled: ⚠️ <b>Health warning</b> bybit: score=34.5, p95=8549.4ms, stale=10.3s, reconnects=0
2026-07-24 12:27:23,352 INFO trader_dost_arun.ops.alerts telegram disabled: ⚠️ <b>Health warning</b> bybit: score=34.4, p95=8549.4ms, stale=10.3s, reconnects=0
2026-07-24 12:27:23,371 INFO trader_dost_arun.ops.alerts telegram disabled: ⚠️ <b>Health warning</b> bybit: score=34.4, p95=8549.4ms, stale=10.3s, reconnects=0
2026-07-24 12:27:23,390 INFO trader_dost_arun.ops.alerts telegram disabled: ⚠️ <b>Health warning</b> bybit: score=34.4, p95=8549.4ms, stale=10.3s, reconnects=0
2026-07-24 12:27:23,409 INFO trader_dost_arun.ops.alerts telegram disabled: ⚠️ <b>Health warning</b> bybit: score=34.3, p95=8549.4ms, stale=10.3s, reconnects=0
2026-07-24 12:27:23,428 INFO trader_dost_arun.ops.alerts telegram disabled: ⚠️ <b>Health warning</b> bybit: score=34.3, p95=8549.4ms, stale=10.4s, reconnects=0
2026-07-24 12:27:23,447 INFO trader_dost_arun.ops.alerts telegram disabled: ⚠️ <b>Health warning</b> bybit: score=34.2, p95=8549.4ms, stale=10.4s, reconnects=0
2026-07-24 12:27:23,468 INFO trader_dost_arun.ops.alerts telegram disabled: ⚠️ <b>Health warning</b> bybit: score=34.2, p95=8549.4ms, stale=10.4s, reconnects=0
2026-07-24 12:27:23,490 INFO trader_dost_arun.ops.alerts telegram disabled: ⚠️ <b>Health warning</b> bybit: score=34.2, p95=8549.4ms, stale=10.4s, reconnects=0
2026-07-24 12:27:23,511 INFO trader_dost_arun.ops.alerts telegram disabled: ⚠️ <b>Health warning</b> bybit: score=34.1, p95=8549.4ms, stale=10.4s, reconnects=0
2026-07-24 12:27:23,531 INFO trader_dost_arun.ops.alerts telegram disabled: ⚠️ <b>Health warning</b> bybit: score=34.1, p95=8549.4ms, stale=10.5s, reconnects=0
2026-07-24 12:27:23,550 INFO trader_dost_arun.ops.alerts telegram disabled: ⚠️ <b>Health warning</b> bybit: score=34.0, p95=8549.4ms, stale=10.5s, reconnects=0
2026-07-24 12:27:23,571 INFO trader_dost_arun.ops.alerts telegram disabled: ⚠️ <b>Health warning</b> bybit: score=34.0, p95=8549.4ms, stale=10.5s, reconnects=0
2026-07-24 12:27:23,592 INFO trader_dost_arun.ops.alerts telegram disabled: ⚠️ <b>Health warning</b> bybit: score=33.9, p95=8549.4ms, stale=10.5s, reconnects=0
2026-07-24 12:27:23,619 INFO trader_dost_arun.ops.alerts telegram disabled: ⚠️ <b>Health warning</b> bybit: score=33.9, p95=8549.4ms, stale=10.6s, reconnects=0
2026-07-24 12:27:23,638 INFO trader_dost_arun.ops.alerts telegram disabled: ⚠️ <b>Health warning</b> bybit: score=33.9, p95=8549.4ms, stale=10.6s, reconnects=0
2026-07-24 12:27:23,657 INFO trader_dost_arun.ops.alerts telegram disabled: ⚠️ <b>Health warning</b> bybit: score=33.8, p95=8549.4ms, stale=10.6s, reconnects=0
2026-07-24 12:27:23,680 INFO trader_dost_arun.ops.alerts telegram disabled: ⚠️ <b>Health warning</b> bybit: score=33.8, p95=8549.4ms, stale=10.6s, reconnects=0
2026-07-24 12:27:23,702 INFO trader_dost_arun.ops.alerts telegram disabled: ⚠️ <b>Health warning</b> bybit: score=33.7, p95=8549.4ms, stale=10.6s, reconnects=0
2026-07-24 12:27:23,722 INFO trader_dost_arun.ops.alerts telegram disabled: ⚠️ <b>Health warning</b> bybit: score=33.7, p95=8549.4ms, stale=10.7s, reconnects=0
2026-07-24 12:27:23,743 INFO trader_dost_arun.ops.alerts telegram disabled: ⚠️ <b>Health warning</b> bybit: score=33.6, p95=8549.4ms, stale=10.7s, reconnects=0
2026-07-24 12:27:23,764 INFO trader_dost_arun.ops.alerts telegram disabled: ⚠️ <b>Health warning</b> bybit: score=33.6, p95=8549.4ms, stale=10.7s, reconnects=0
2026-07-24 12:27:23,785 INFO trader_dost_arun.ops.alerts telegram disabled: ⚠️ <b>Health warning</b> bybit: score=33.6, p95=8549.4ms, stale=10.7s, reconnects=0
2026-07-24 12:27:23,803 INFO trader_dost_arun.ops.alerts telegram disabled: ⚠️ <b>Health warning</b> bybit: score=33.5, p95=8549.4ms, stale=10.7s, reconnects=0
2026-07-24 12:27:23,821 INFO trader_dost_arun.ops.alerts telegram disabled: ⚠️ <b>Health warning</b> bybit: score=33.5, p95=8549.4ms, stale=10.8s, reconnects=0
2026-07-24 12:27:23,839 INFO trader_dost_arun.ops.alerts telegram disabled: ⚠️ <b>Health warning</b> bybit: score=33.5, p95=8549.4ms, stale=10.8s, reconnects=0
2026-07-24 12:27:23,858 INFO trader_dost_arun.ops.alerts telegram disabled: ⚠️ <b>Health warning</b> bybit: score=33.4, p95=8549.4ms, stale=10.8s, reconnects=0
2026-07-24 12:27:23,878 INFO trader_dost_arun.ops.alerts telegram disabled: ⚠️ <b>Health warning</b> bybit: score=33.4, p95=8549.4ms, stale=10.8s, reconnects=0
2026-07-24 12:27:23,897 INFO trader_dost_arun.ops.alerts telegram disabled: ⚠️ <b>Health warning</b> bybit: score=33.3, p95=8549.4ms, stale=10.8s, reconnects=0
2026-07-24 12:27:23,914 INFO trader_dost_arun.ops.alerts telegram disabled: ⚠️ <b>Health warning</b> bybit: score=33.3, p95=8549.4ms, stale=10.8s, reconnects=0
2026-07-24 12:27:23,933 INFO trader_dost_arun.ops.alerts telegram disabled: ⚠️ <b>Health warning</b> bybit: score=33.3, p95=8549.4ms, stale=10.9s, reconnects=0
2026-07-24 12:27:23,953 INFO trader_dost_arun.ops.alerts telegram disabled: ⚠️ <b>Health warning</b> bybit: score=33.2, p95=8549.4ms, stale=10.9s, reconnects=0
2026-07-24 12:27:23,972 INFO trader_dost_arun.ops.alerts telegram disabled: ⚠️ <b>Health warning</b> bybit: score=33.2, p95=8549.4ms, stale=10.9s, reconnects=0
2026-07-24 12:27:23,990 INFO trader_dost_arun.ops.alerts telegram disabled: ⚠️ <b>Health warning</b> bybit: score=33.2, p95=8549.4ms, stale=10.9s, reconnects=0
2026-07-24 12:27:24,008 INFO trader_dost_arun.ops.alerts telegram disabled: ⚠️ <b>Health warning</b> bybit: score=33.1, p95=8549.4ms, stale=10.9s, reconnects=0
2026-07-24 12:27:24,033 INFO trader_dost_arun.ops.alerts telegram disabled: ⚠️ <b>Health warning</b> bybit: score=33.1, p95=8549.4ms, stale=11.0s, reconnects=0
2026-07-24 12:27:24,053 INFO trader_dost_arun.ops.alerts telegram disabled: ⚠️ <b>Health warning</b> bybit: score=33.0, p95=8549.4ms, stale=11.0s, reconnects=0
2026-07-24 12:27:24,073 INFO trader_dost_arun.ops.alerts telegram disabled: ⚠️ <b>Health warning</b> bybit: score=33.0, p95=8549.4ms, stale=11.0s, reconnects=0
2026-07-24 12:27:24,092 INFO trader_dost_arun.ops.alerts telegram disabled: ⚠️ <b>Health warning</b> bybit: score=32.9, p95=8549.4ms, stale=11.0s, reconnects=0
2026-07-24 12:27:24,112 INFO trader_dost_arun.ops.alerts telegram disabled: ⚠️ <b>Health warning</b> bybit: score=32.9, p95=8549.4ms, stale=11.0s, reconnects=0
2026-07-24 12:27:24,131 INFO trader_dost_arun.ops.alerts telegram disabled: ⚠️ <b>Health warning</b> bybit: score=32.9, p95=8549.4ms, stale=11.1s, reconnects=0
2026-07-24 12:27:24,150 INFO trader_dost_arun.ops.alerts telegram disabled: ⚠️ <b>Health warning</b> bybit: score=32.8, p95=8549.4ms, stale=11.1s, reconnects=0
2026-07-24 12:27:24,172 INFO trader_dost_arun.ops.alerts telegram disabled: ⚠️ <b>Health warning</b> bybit: score=32.8, p95=8549.4ms, stale=11.1s, reconnects=0
2026-07-24 12:27:24,197 INFO trader_dost_arun.ops.alerts telegram disabled: ⚠️ <b>Health warning</b> bybit: score=32.7, p95=8549.4ms, stale=11.1s, reconnects=0
2026-07-24 12:27:24,217 INFO trader_dost_arun.ops.alerts telegram disabled: ⚠️ <b>Health warning</b> bybit: score=32.7, p95=8549.4ms, stale=11.1s, reconnects=0
2026-07-24 12:27:24,240 INFO trader_dost_arun.ops.alerts telegram disabled: ⚠️ <b>Health warning</b> bybit: score=32.7, p95=8549.4ms, stale=11.2s, reconnects=0
2026-07-24 12:27:24,261 INFO trader_dost_arun.ops.alerts telegram disabled: ⚠️ <b>Health warning</b> bybit: score=32.6, p95=8549.4ms, stale=11.2s, reconnects=0
2026-07-24 12:27:24,280 INFO trader_dost_arun.ops.alerts telegram disabled: ⚠️ <b>Health warning</b> bybit: score=32.6, p95=8549.4ms, stale=11.2s, reconnects=0
2026-07-24 12:27:24,300 INFO trader_dost_arun.ops.alerts telegram disabled: ⚠️ <b>Health warning</b> bybit: score=32.5, p95=8549.4ms, stale=11.2s, reconnects=0
2026-07-24 12:27:24,320 INFO trader_dost_arun.ops.alerts telegram disabled: ⚠️ <b>Health warning</b> bybit: score=32.5, p95=8549.4ms, stale=11.3s, reconnects=0
2026-07-24 12:27:24,339 INFO trader_dost_arun.ops.alerts telegram disabled: ⚠️ <b>Health warning</b> bybit: score=32.5, p95=8549.4ms, stale=11.3s, reconnects=0
2026-07-24 12:27:24,360 INFO trader_dost_arun.ops.alerts telegram disabled: ⚠️ <b>Health warning</b> bybit: score=32.4, p95=8549.4ms, stale=11.3s, reconnects=0
2026-07-24 12:27:24,379 INFO trader_dost_arun.ops.alerts telegram disabled: ⚠️ <b>Health warning</b> bybit: score=32.4, p95=8549.4ms, stale=11.3s, reconnects=0
2026-07-24 12:27:24,398 INFO trader_dost_arun.ops.alerts telegram disabled: ⚠️ <b>Health warning</b> bybit: score=32.3, p95=8549.4ms, stale=11.3s, reconnects=0
2026-07-24 12:27:24,419 INFO trader_dost_arun.ops.alerts telegram disabled: ⚠️ <b>Health warning</b> bybit: score=32.3, p95=8549.4ms, stale=11.4s, reconnects=0
2026-07-24 12:27:24,440 INFO trader_dost_arun.ops.alerts telegram disabled: ⚠️ <b>Health warning</b> bybit: score=32.3, p95=8549.4ms, stale=11.4s, reconnects=0
2026-07-24 12:27:24,466 INFO trader_dost_arun.ops.alerts telegram disabled: ⚠️ <b>Health warning</b> bybit: score=32.2, p95=8549.4ms, stale=11.4s, reconnects=0
2026-07-24 12:27:24,486 INFO trader_dost_arun.ops.alerts telegram disabled: ⚠️ <b>Health warning</b> bybit: score=32.2, p95=8549.4ms, stale=11.4s, reconnects=0
2026-07-24 12:27:24,504 INFO trader_dost_arun.ops.alerts telegram disabled: ⚠️ <b>Health warning</b> bybit: score=32.1, p95=8549.4ms, stale=11.4s, reconnects=0
2026-07-24 12:27:24,523 INFO trader_dost_arun.ops.alerts telegram disabled: ⚠️ <b>Health warning</b> bybit: score=32.1, p95=8549.4ms, stale=11.5s, reconnects=0
2026-07-24 12:27:24,540 INFO trader_dost_arun.ops.alerts telegram disabled: ⚠️ <b>Health warning</b> bybit: score=32.1, p95=8549.4ms, stale=11.5s, reconnects=0
2026-07-24 12:27:24,559 INFO trader_dost_arun.ops.alerts telegram disabled: ⚠️ <b>Health warning</b> bybit: score=32.0, p95=8549.4ms, stale=11.5s, reconnects=0
2026-07-24 12:27:24,578 INFO trader_dost_arun.ops.alerts telegram disabled: ⚠️ <b>Health warning</b> bybit: score=32.0, p95=8549.4ms, stale=11.5s, reconnects=0
2026-07-24 12:27:24,600 INFO trader_dost_arun.ops.alerts telegram disabled: ⚠️ <b>Health warning</b> bybit: score=31.9, p95=8549.4ms, stale=11.5s, reconnects=0
2026-07-24 12:27:24,619 INFO trader_dost_arun.ops.alerts telegram disabled: ⚠️ <b>Health warning</b> bybit: score=31.9, p95=8549.4ms, stale=11.6s, reconnects=0
2026-07-24 12:27:24,639 INFO trader_dost_arun.ops.alerts telegram disabled: ⚠️ <b>Health warning</b> bybit: score=31.9, p95=8549.4ms, stale=11.6s, reconnects=0
2026-07-24 12:27:24,660 INFO trader_dost_arun.ops.alerts telegram disabled: ⚠️ <b>Health warning</b> bybit: score=31.8, p95=8549.4ms, stale=11.6s, reconnects=0
2026-07-24 12:27:24,681 INFO trader_dost_arun.ops.alerts telegram disabled: ⚠️ <b>Health warning</b> bybit: score=31.8, p95=8549.4ms, stale=11.6s, reconnects=0
2026-07-24 12:27:24,700 INFO trader_dost_arun.ops.alerts telegram disabled: ⚠️ <b>Health warning</b> bybit: score=31.7, p95=8549.4ms, stale=11.6s, reconnects=0
2026-07-24 12:27:24,720 INFO trader_dost_arun.ops.alerts telegram disabled: ⚠️ <b>Health warning</b> bybit: score=31.7, p95=8549.4ms, stale=11.7s, reconnects=0
2026-07-24 12:27:24,740 INFO trader_dost_arun.ops.alerts telegram disabled: ⚠️ <b>Health warning</b> bybit: score=31.7, p95=8549.4ms, stale=11.7s, reconnects=0
2026-07-24 12:27:24,759 INFO trader_dost_arun.ops.alerts telegram disabled: ⚠️ <b>Health warning</b> bybit: score=31.6, p95=8549.4ms, stale=11.7s, reconnects=0
2026-07-24 12:27:24,779 INFO trader_dost_arun.ops.alerts telegram disabled: ⚠️ <b>Health warning</b> bybit: score=31.6, p95=8549.4ms, stale=11.7s, reconnects=0
2026-07-24 12:27:24,798 INFO trader_dost_arun.ops.alerts telegram disabled: ⚠️ <b>Health warning</b> bybit: score=31.5, p95=8549.4ms, stale=11.7s, reconnects=0
2026-07-24 12:27:24,817 INFO trader_dost_arun.ops.alerts telegram disabled: ⚠️ <b>Health warning</b> bybit: score=31.5, p95=8549.4ms, stale=11.8s, reconnects=0
2026-07-24 12:27:24,836 INFO trader_dost_arun.ops.alerts telegram disabled: ⚠️ <b>Health warning</b> bybit: score=31.5, p95=8549.4ms, stale=11.8s, reconnects=0
2026-07-24 12:27:24,863 INFO trader_dost_arun.ops.alerts telegram disabled: ⚠️ <b>Health warning</b> bybit: score=31.4, p95=8549.4ms, stale=11.8s, reconnects=0
2026-07-24 12:27:24,883 INFO trader_dost_arun.ops.alerts telegram disabled: ⚠️ <b>Health warning</b> bybit: score=31.4, p95=8549.4ms, stale=11.8s, reconnects=0
2026-07-24 12:27:24,902 INFO trader_dost_arun.ops.alerts telegram disabled: ⚠️ <b>Health warning</b> bybit: score=31.3, p95=8549.4ms, stale=11.8s, reconnects=0
2026-07-24 12:27:24,921 INFO trader_dost_arun.ops.alerts telegram disabled: ⚠️ <b>Health warning</b> bybit: score=31.3, p95=8549.4ms, stale=11.9s, reconnects=0
2026-07-24 12:27:24,941 INFO trader_dost_arun.ops.alerts telegram disabled: ⚠️ <b>Health warning</b> bybit: score=31.3, p95=8549.4ms, stale=11.9s, reconnects=0
2026-07-24 12:27:24,959 INFO trader_dost_arun.ops.alerts telegram disabled: ⚠️ <b>Health warning</b> bybit: score=31.2, p95=8549.4ms, stale=11.9s, reconnects=0
2026-07-24 12:27:24,979 INFO trader_dost_arun.ops.alerts telegram disabled: ⚠️ <b>Health warning</b> bybit: score=31.2, p95=8549.4ms, stale=11.9s, reconnects=0
2026-07-24 12:27:24,996 INFO trader_dost_arun.ops.alerts telegram disabled: ⚠️ <b>Health warning</b> bybit: score=31.1, p95=8549.4ms, stale=11.9s, reconnects=0
2026-07-24 12:27:25,015 INFO trader_dost_arun.ops.alerts telegram disabled: ⚠️ <b>Health warning</b> bybit: score=31.1, p95=8549.4ms, stale=11.9s, reconnects=0
2026-07-24 12:27:25,033 INFO trader_dost_arun.ops.alerts telegram disabled: ⚠️ <b>Health warning</b> bybit: score=31.1, p95=8549.4ms, stale=12.0s, reconnects=0
2026-07-24 12:27:25,056 INFO trader_dost_arun.ops.alerts telegram disabled: ⚠️ <b>Health warning</b> bybit: score=31.0, p95=8549.4ms, stale=12.0s, reconnects=0
2026-07-24 12:27:25,077 INFO trader_dost_arun.ops.alerts telegram disabled: ⚠️ <b>Health warning</b> bybit: score=31.0, p95=8549.4ms, stale=12.0s, reconnects=0
2026-07-24 12:27:25,098 INFO trader_dost_arun.ops.alerts telegram disabled: ⚠️ <b>Health warning</b> bybit: score=30.9, p95=8549.4ms, stale=12.0s, reconnects=0
2026-07-24 12:27:25,117 INFO trader_dost_arun.ops.alerts telegram disabled: ⚠️ <b>Health warning</b> bybit: score=30.9, p95=8549.4ms, stale=12.1s, reconnects=0
2026-07-24 12:27:25,137 INFO trader_dost_arun.ops.alerts telegram disabled: ⚠️ <b>Health warning</b> bybit: score=30.9, p95=8549.4ms, stale=12.1s, reconnects=0
2026-07-24 12:27:25,156 INFO trader_dost_arun.ops.alerts telegram disabled: ⚠️ <b>Health warning</b> bybit: score=30.8, p95=8549.4ms, stale=12.1s, reconnects=0
2026-07-24 12:27:25,177 INFO trader_dost_arun.ops.alerts telegram disabled: ⚠️ <b>Health warning</b> bybit: score=30.8, p95=8549.4ms, stale=12.1s, reconnects=0
2026-07-24 12:27:25,196 INFO trader_dost_arun.ops.alerts telegram disabled: ⚠️ <b>Health warning</b> bybit: score=30.7, p95=8549.4ms, stale=12.1s, reconnects=0
2026-07-24 12:27:25,217 INFO trader_dost_arun.ops.alerts telegram disabled: ⚠️ <b>Health warning</b> bybit: score=30.7, p95=8549.4ms, stale=12.1s, reconnects=0
2026-07-24 12:27:25,237 INFO trader_dost_arun.ops.alerts telegram disabled: ⚠️ <b>Health warning</b> bybit: score=30.7, p95=8549.4ms, stale=12.2s, reconnects=0
2026-07-24 12:27:25,256 INFO trader_dost_arun.ops.alerts telegram disabled: ⚠️ <b>Health warning</b> bybit: score=30.6, p95=8549.4ms, stale=12.2s, reconnects=0
2026-07-24 12:27:25,283 INFO trader_dost_arun.ops.alerts telegram disabled: ⚠️ <b>Health warning</b> bybit: score=30.6, p95=8549.4ms, stale=12.2s, reconnects=0
2026-07-24 12:27:25,303 INFO trader_dost_arun.ops.alerts telegram disabled: ⚠️ <b>Health warning</b> bybit: score=30.5, p95=8549.4ms, stale=12.2s, reconnects=0
2026-07-24 12:27:25,323 INFO trader_dost_arun.ops.alerts telegram disabled: ⚠️ <b>Health warning</b> bybit: score=30.5, p95=8549.4ms, stale=12.3s, reconnects=0
2026-07-24 12:27:25,345 INFO trader_dost_arun.ops.alerts telegram disabled: ⚠️ <b>Health warning</b> bybit: score=30.4, p95=8549.4ms, stale=12.3s, reconnects=0
2026-07-24 12:27:25,365 INFO trader_dost_arun.ops.alerts telegram disabled: ⚠️ <b>Health warning</b> bybit: score=30.4, p95=8549.4ms, stale=12.3s, reconnects=0
2026-07-24 12:27:25,386 INFO trader_dost_arun.ops.alerts telegram disabled: ⚠️ <b>Health warning</b> bybit: score=30.4, p95=8549.4ms, stale=12.3s, reconnects=0
2026-07-24 12:27:25,406 INFO trader_dost_arun.ops.alerts telegram disabled: ⚠️ <b>Health warning</b> bybit: score=30.3, p95=8549.4ms, stale=12.3s, reconnects=0
2026-07-24 12:27:25,428 INFO trader_dost_arun.ops.alerts telegram disabled: ⚠️ <b>Health warning</b> bybit: score=30.3, p95=8549.4ms, stale=12.4s, reconnects=0
2026-07-24 12:27:25,449 INFO trader_dost_arun.ops.alerts telegram disabled: ⚠️ <b>Health warning</b> bybit: score=30.2, p95=8549.4ms, stale=12.4s, reconnects=0
2026-07-24 12:27:25,469 INFO trader_dost_arun.ops.alerts telegram disabled: ⚠️ <b>Health warning</b> bybit: score=30.2, p95=8549.4ms, stale=12.4s, reconnects=0
2026-07-24 12:27:25,490 INFO trader_dost_arun.ops.alerts telegram disabled: ⚠️ <b>Health warning</b> bybit: score=30.2, p95=8549.4ms, stale=12.4s, reconnects=0
2026-07-24 12:27:25,512 INFO trader_dost_arun.ops.alerts telegram disabled: ⚠️ <b>Health warning</b> bybit: score=30.1, p95=8549.4ms, stale=12.4s, reconnects=0
2026-07-24 12:27:25,533 INFO trader_dost_arun.ops.alerts telegram disabled: ⚠️ <b>Health warning</b> bybit: score=30.1, p95=8549.4ms, stale=12.5s, reconnects=0
2026-07-24 12:27:25,556 INFO trader_dost_arun.ops.alerts telegram disabled: ⚠️ <b>Health warning</b> bybit: score=30.0, p95=8549.4ms, stale=12.5s, reconnects=0
2026-07-24 12:27:25,584 INFO trader_dost_arun.ops.alerts telegram disabled: ⚠️ <b>Health warning</b> bybit: score=30.0, p95=8549.4ms, stale=12.5s, reconnects=0
2026-07-24 12:27:25,614 INFO trader_dost_arun.ops.alerts telegram disabled: ⚠️ <b>Health warning</b> bybit: score=30.0, p95=8549.4ms, stale=12.5s, reconnects=0
2026-07-24 12:27:25,636 INFO trader_dost_arun.ops.alerts telegram disabled: ⚠️ <b>Health warning</b> bybit: score=30.0, p95=8549.4ms, stale=12.6s, reconnects=0
2026-07-24 12:27:25,656 INFO trader_dost_arun.ops.alerts telegram disabled: ⚠️ <b>Health warning</b> bybit: score=30.0, p95=8549.4ms, stale=12.6s, reconnects=0
2026-07-24 12:27:25,677 INFO trader_dost_arun.ops.alerts telegram disabled: ⚠️ <b>Health warning</b> bybit: score=30.0, p95=8549.4ms, stale=12.6s, reconnects=0
2026-07-24 12:27:25,696 INFO trader_dost_arun.ops.alerts telegram disabled: ⚠️ <b>Health warning</b> bybit: score=30.0, p95=8549.4ms, stale=12.6s, reconnects=0
2026-07-24 12:27:25,722 INFO trader_dost_arun.ops.alerts telegram disabled: ⚠️ <b>Health warning</b> bybit: score=30.0, p95=8549.4ms, stale=12.7s, reconnects=0
2026-07-24 12:27:25,742 INFO trader_dost_arun.ops.alerts telegram disabled: ⚠️ <b>Health warning</b> bybit: score=30.0, p95=8549.4ms, stale=12.7s, reconnects=0
2026-07-24 12:27:25,762 INFO trader_dost_arun.ops.alerts telegram disabled: ⚠️ <b>Health warning</b> bybit: score=30.0, p95=8549.4ms, stale=12.7s, reconnects=0
2026-07-24 12:27:25,783 INFO trader_dost_arun.ops.alerts telegram disabled: ⚠️ <b>Health warning</b> bybit: score=30.0, p95=8549.4ms, stale=12.7s, reconnects=0
2026-07-24 12:27:25,802 INFO trader_dost_arun.ops.alerts telegram disabled: ⚠️ <b>Health warning</b> bybit: score=30.0, p95=8549.4ms, stale=12.7s, reconnects=0
2026-07-24 12:27:25,823 INFO trader_dost_arun.ops.alerts telegram disabled: ⚠️ <b>Health warning</b> bybit: score=30.0, p95=8549.4ms, stale=12.8s, reconnects=0
2026-07-24 12:27:25,842 INFO trader_dost_arun.ops.alerts telegram disabled: ⚠️ <b>Health warning</b> bybit: score=30.0, p95=8549.4ms, stale=12.8s, reconnects=0
2026-07-24 12:27:25,863 INFO trader_dost_arun.ops.alerts telegram disabled: ⚠️ <b>Health warning</b> bybit: score=30.0, p95=8549.4ms, stale=12.8s, reconnects=0
2026-07-24 12:27:25,883 INFO trader_dost_arun.ops.alerts telegram disabled: ⚠️ <b>Health warning</b> bybit: score=30.0, p95=8549.4ms, stale=12.8s, reconnects=0
2026-07-24 12:27:25,903 INFO trader_dost_arun.ops.alerts telegram disabled: ⚠️ <b>Health warning</b> bybit: score=30.0, p95=8549.4ms, stale=12.8s, reconnects=0
2026-07-24 12:27:25,922 INFO trader_dost_arun.ops.alerts telegram disabled: ⚠️ <b>Health warning</b> bybit: score=30.0, p95=8549.4ms, stale=12.9s, reconnects=0
2026-07-24 12:27:25,941 INFO trader_dost_arun.ops.alerts telegram disabled: ⚠️ <b>Health warning</b> bybit: score=30.0, p95=8549.4ms, stale=12.9s, reconnects=0
2026-07-24 12:27:25,961 INFO trader_dost_arun.ops.alerts telegram disabled: ⚠️ <b>Health warning</b> bybit: score=30.0, p95=8549.4ms, stale=12.9s, reconnects=0
2026-07-24 12:27:25,981 INFO trader_dost_arun.ops.alerts telegram disabled: ⚠️ <b>Health warning</b> bybit: score=30.0, p95=8549.4ms, stale=12.9s, reconnects=0
2026-07-24 12:27:26,001 INFO trader_dost_arun.ops.alerts telegram disabled: ⚠️ <b>Health warning</b> bybit: score=30.0, p95=8549.4ms, stale=12.9s, reconnects=0
2026-07-24 12:27:26,019 INFO trader_dost_arun.ops.alerts telegram disabled: ⚠️ <b>Health warning</b> bybit: score=30.0, p95=8549.4ms, stale=13.0s, reconnects=0
2026-07-24 12:27:26,038 INFO trader_dost_arun.ops.alerts telegram disabled: ⚠️ <b>Health warning</b> bybit: score=30.0, p95=8549.4ms, stale=13.0s, reconnects=0
2026-07-24 12:27:26,058 INFO trader_dost_arun.ops.alerts telegram disabled: ⚠️ <b>Health warning</b> bybit: score=30.0, p95=8549.4ms, stale=13.0s, reconnects=0
2026-07-24 12:27:26,079 INFO trader_dost_arun.ops.alerts telegram disabled: ⚠️ <b>Health warning</b> bybit: score=30.0, p95=8549.4ms, stale=13.0s, reconnects=0
2026-07-24 12:27:26,101 INFO trader_dost_arun.ops.alerts telegram disabled: ⚠️ <b>Health warning</b> bybit: score=30.0, p95=8549.4ms, stale=13.0s, reconnects=0
2026-07-24 12:27:26,128 INFO trader_dost_arun.ops.alerts telegram disabled: ⚠️ <b>Health warning</b> bybit: score=30.0, p95=8549.4ms, stale=13.1s, reconnects=0
2026-07-24 12:27:26,148 INFO trader_dost_arun.ops.alerts telegram disabled: ⚠️ <b>Health warning</b> bybit: score=30.0, p95=8549.4ms, stale=13.1s, reconnects=0
2026-07-24 12:27:26,169 INFO trader_dost_arun.ops.alerts telegram disabled: ⚠️ <b>Health warning</b> bybit: score=30.0, p95=8549.4ms, stale=13.1s, reconnects=0
2026-07-24 12:27:26,189 INFO trader_dost_arun.ops.alerts telegram disabled: ⚠️ <b>Health warning</b> bybit: score=30.0, p95=8549.4ms, stale=13.1s, reconnects=0
2026-07-24 12:27:26,208 INFO trader_dost_arun.ops.alerts telegram disabled: ⚠️ <b>Health warning</b> bybit: score=30.0, p95=8549.4ms, stale=13.1s, reconnects=0
2026-07-24 12:27:26,229 INFO trader_dost_arun.ops.alerts telegram disabled: ⚠️ <b>Health warning</b> bybit: score=30.0, p95=8549.4ms, stale=13.2s, reconnects=0
2026-07-24 12:27:26,251 INFO trader_dost_arun.ops.alerts telegram disabled: ⚠️ <b>Health warning</b> bybit: score=30.0, p95=8549.4ms, stale=13.2s, reconnects=0
2026-07-24 12:27:26,271 INFO trader_dost_arun.ops.alerts telegram disabled: ⚠️ <b>Health warning</b> bybit: score=30.0, p95=8549.4ms, stale=13.2s, reconnects=0
2026-07-24 12:27:26,292 INFO trader_dost_arun.ops.alerts telegram disabled: ⚠️ <b>Health warning</b> bybit: score=30.0, p95=8549.4ms, stale=13.2s, reconnects=0
2026-07-24 12:27:26,311 INFO trader_dost_arun.ops.alerts telegram disabled: ⚠️ <b>Health warning</b> bybit: score=30.0, p95=8549.4ms, stale=13.2s, reconnects=0
2026-07-24 12:27:26,331 INFO trader_dost_arun.ops.alerts telegram disabled: ⚠️ <b>Health warning</b> bybit: score=30.0, p95=8549.4ms, stale=13.3s, reconnects=0
2026-07-24 12:27:26,351 INFO trader_dost_arun.ops.alerts telegram disabled: ⚠️ <b>Health warning</b> bybit: score=30.0, p95=8549.4ms, stale=13.3s, reconnects=0
2026-07-24 12:27:26,372 INFO trader_dost_arun.ops.alerts telegram disabled: ⚠️ <b>Health warning</b> bybit: score=30.0, p95=8549.4ms, stale=13.3s, reconnects=0
2026-07-24 12:27:26,391 INFO trader_dost_arun.ops.alerts telegram disabled: ⚠️ <b>Health warning</b> bybit: score=30.0, p95=8549.4ms, stale=13.3s, reconnects=0
2026-07-24 12:27:26,410 INFO trader_dost_arun.ops.alerts telegram disabled: ⚠️ <b>Health warning</b> bybit: score=30.0, p95=8549.4ms, stale=13.3s, reconnects=0
2026-07-24 12:27:26,429 INFO trader_dost_arun.ops.alerts telegram disabled: ⚠️ <b>Health warning</b> bybit: score=30.0, p95=8549.4ms, stale=13.4s, reconnects=0
2026-07-24 12:27:26,449 INFO trader_dost_arun.ops.alerts telegram disabled: ⚠️ <b>Health warning</b> bybit: score=30.0, p95=8549.4ms, stale=13.4s, reconnects=0
2026-07-24 12:27:26,468 INFO trader_dost_arun.ops.alerts telegram disabled: ⚠️ <b>Health warning</b> bybit: score=30.0, p95=8549.4ms, stale=13.4s, reconnects=0
2026-07-24 12:27:26,488 INFO trader_dost_arun.ops.alerts telegram disabled: ⚠️ <b>Health warning</b> bybit: score=30.0, p95=8549.4ms, stale=13.4s, reconnects=0
2026-07-24 12:27:26,512 INFO trader_dost_arun.ops.alerts telegram disabled: ⚠️ <b>Health warning</b> bybit: score=30.0, p95=8549.4ms, stale=13.4s, reconnects=0
2026-07-24 12:27:26,533 INFO trader_dost_arun.ops.alerts telegram disabled: ⚠️ <b>Health warning</b> bybit: score=30.0, p95=8549.4ms, stale=13.5s, reconnects=0
2026-07-24 12:27:26,553 INFO trader_dost_arun.ops.alerts telegram disabled: ⚠️ <b>Health warning</b> bybit: score=30.0, p95=8549.4ms, stale=13.5s, reconnects=0
2026-07-24 12:27:26,574 INFO trader_dost_arun.ops.alerts telegram disabled: ⚠️ <b>Health warning</b> bybit: score=30.0, p95=8549.4ms, stale=13.5s, reconnects=0
2026-07-24 12:27:26,594 INFO trader_dost_arun.ops.alerts telegram disabled: ⚠️ <b>Health warning</b> bybit: score=30.0, p95=8549.4ms, stale=13.5s, reconnects=0
2026-07-24 12:27:26,620 INFO trader_dost_arun.ops.alerts telegram disabled: ⚠️ <b>Health warning</b> bybit: score=30.0, p95=8549.4ms, stale=13.6s, reconnects=0
2026-07-24 12:27:26,639 INFO trader_dost_arun.ops.alerts telegram disabled: ⚠️ <b>Health warning</b> bybit: score=30.0, p95=8549.4ms, stale=13.6s, reconnects=0
2026-07-24 12:27:26,661 INFO trader_dost_arun.ops.alerts telegram disabled: ⚠️ <b>Health warning</b> bybit: score=30.0, p95=8549.4ms, stale=13.6s, reconnects=0
2026-07-24 12:27:26,681 INFO trader_dost_arun.ops.alerts telegram disabled: ⚠️ <b>Health warning</b> bybit: score=30.0, p95=8549.4ms, stale=13.6s, reconnects=0
2026-07-24 12:27:26,703 INFO trader_dost_arun.ops.alerts telegram disabled: ⚠️ <b>Health warning</b> bybit: score=30.0, p95=8549.4ms, stale=13.6s, reconnects=0
2026-07-24 12:27:26,723 INFO trader_dost_arun.ops.alerts telegram disabled: ⚠️ <b>Health warning</b> bybit: score=30.0, p95=8549.4ms, stale=13.7s, reconnects=0
2026-07-24 12:27:26,743 INFO trader_dost_arun.ops.alerts telegram disabled: ⚠️ <b>Health warning</b> bybit: score=30.0, p95=8549.4ms, stale=13.7s, reconnects=0
2026-07-24 12:27:26,763 INFO trader_dost_arun.ops.alerts telegram disabled: ⚠️ <b>Health warning</b> bybit: score=30.0, p95=8549.4ms, stale=13.7s, reconnects=0
2026-07-24 12:27:26,784 INFO trader_dost_arun.ops.alerts telegram disabled: ⚠️ <b>Health warning</b> bybit: score=30.0, p95=8549.4ms, stale=13.7s, reconnects=0
2026-07-24 12:27:26,806 INFO trader_dost_arun.ops.alerts telegram disabled: ⚠️ <b>Health warning</b> bybit: score=30.0, p95=8549.4ms, stale=13.7s, reconnects=0
2026-07-24 12:27:26,827 INFO trader_dost_arun.ops.alerts telegram disabled: ⚠️ <b>Health warning</b> bybit: score=30.0, p95=8549.4ms, stale=13.8s, reconnects=0
2026-07-24 12:27:26,849 INFO trader_dost_arun.ops.alerts telegram disabled: ⚠️ <b>Health warning</b> bybit: score=30.0, p95=8549.4ms, stale=13.8s, reconnects=0
2026-07-24 12:27:26,871 INFO trader_dost_arun.ops.alerts telegram disabled: ⚠️ <b>Health warning</b> bybit: score=30.0, p95=8549.4ms, stale=13.8s, reconnects=0
2026-07-24 12:27:26,893 INFO trader_dost_arun.ops.alerts telegram disabled: ⚠️ <b>Health warning</b> bybit: score=30.0, p95=8549.4ms, stale=13.8s, reconnects=0
2026-07-24 12:27:26,915 INFO trader_dost_arun.ops.alerts telegram disabled: ⚠️ <b>Health warning</b> bybit: score=30.0, p95=8549.4ms, stale=13.8s, reconnects=0
2026-07-24 12:27:26,942 INFO trader_dost_arun.ops.alerts telegram disabled: ⚠️ <b>Health warning</b> bybit: score=30.0, p95=8549.4ms, stale=13.9s, reconnects=0
2026-07-24 12:27:26,965 INFO trader_dost_arun.ops.alerts telegram disabled: ⚠️ <b>Health warning</b> bybit: score=30.0, p95=8549.4ms, stale=13.9s, reconnects=0
2026-07-24 12:27:26,989 INFO trader_dost_arun.ops.alerts telegram disabled: ⚠️ <b>Health warning</b> bybit: score=30.0, p95=8549.4ms, stale=13.9s, reconnects=0
2026-07-24 12:27:27,011 INFO trader_dost_arun.ops.alerts telegram disabled: ⚠️ <b>Health warning</b> bybit: score=30.0, p95=8549.4ms, stale=13.9s, reconnects=0
2026-07-24 12:27:27,034 INFO trader_dost_arun.ops.alerts telegram disabled: ⚠️ <b>Health warning</b> bybit: score=30.0, p95=8549.4ms, stale=14.0s, reconnects=0
2026-07-24 12:27:27,056 INFO trader_dost_arun.ops.alerts telegram disabled: ⚠️ <b>Health warning</b> bybit: score=30.0, p95=8549.4ms, stale=14.0s, reconnects=0
2026-07-24 12:27:27,079 INFO trader_dost_arun.ops.alerts telegram disabled: ⚠️ <b>Health warning</b> bybit: score=30.0, p95=8549.4ms, stale=14.0s, reconnects=0
2026-07-24 12:27:27,102 INFO trader_dost_arun.ops.alerts telegram disabled: ⚠️ <b>Health warning</b> bybit: score=30.0, p95=8549.4ms, stale=14.0s, reconnects=0
2026-07-24 12:27:27,123 INFO trader_dost_arun.ops.alerts telegram disabled: ⚠️ <b>Health warning</b> bybit: score=30.0, p95=8549.4ms, stale=14.1s, reconnects=0
2026-07-24 12:27:27,146 INFO trader_dost_arun.ops.alerts telegram disabled: ⚠️ <b>Health warning</b> bybit: score=30.0, p95=8549.4ms, stale=14.1s, reconnects=0
2026-07-24 12:27:27,169 INFO trader_dost_arun.ops.alerts telegram disabled: ⚠️ <b>Health warning</b> bybit: score=30.0, p95=8549.4ms, stale=14.1s, reconnects=0
2026-07-24 12:27:27,190 INFO trader_dost_arun.ops.alerts telegram disabled: ⚠️ <b>Health warning</b> bybit: score=30.0, p95=8549.4ms, stale=14.1s, reconnects=0
2026-07-24 12:27:27,210 INFO trader_dost_arun.ops.alerts telegram disabled: ⚠️ <b>Health warning</b> bybit: score=30.0, p95=8549.4ms, stale=14.1s, reconnects=0
2026-07-24 12:27:27,232 INFO trader_dost_arun.ops.alerts telegram disabled: ⚠️ <b>Health warning</b> bybit: score=30.0, p95=8549.4ms, stale=14.2s, reconnects=0
2026-07-24 12:27:27,255 INFO trader_dost_arun.ops.alerts telegram disabled: ⚠️ <b>Health warning</b> bybit: score=30.0, p95=8549.4ms, stale=14.2s, reconnects=0
2026-07-24 12:27:27,279 INFO trader_dost_arun.ops.alerts telegram disabled: ⚠️ <b>Health warning</b> bybit: score=30.0, p95=8549.4ms, stale=14.2s, reconnects=0
2026-07-24 12:27:27,302 INFO trader_dost_arun.ops.alerts telegram disabled: ⚠️ <b>Health warning</b> bybit: score=30.0, p95=8549.4ms, stale=14.2s, reconnects=0
2026-07-24 12:27:27,324 INFO trader_dost_arun.ops.alerts telegram disabled: ⚠️ <b>Health warning</b> bybit: score=30.0, p95=8549.4ms, stale=14.3s, reconnects=0
2026-07-24 12:27:27,345 INFO trader_dost_arun.ops.alerts telegram disabled: ⚠️ <b>Health warning</b> bybit: score=30.0, p95=8549.4ms, stale=14.3s, reconnects=0
2026-07-24 12:27:27,377 INFO trader_dost_arun.ops.alerts telegram disabled: ⚠️ <b>Health warning</b> bybit: score=30.0, p95=8549.4ms, stale=14.3s, reconnects=0
2026-07-24 12:27:27,399 INFO trader_dost_arun.ops.alerts telegram disabled: ⚠️ <b>Health warning</b> bybit: score=30.0, p95=8549.4ms, stale=14.3s, reconnects=0
2026-07-24 12:27:27,421 INFO trader_dost_arun.ops.alerts telegram disabled: ⚠️ <b>Health warning</b> bybit: score=30.0, p95=8549.4ms, stale=14.4s, reconnects=0
2026-07-24 12:27:27,442 INFO trader_dost_arun.ops.alerts telegram disabled: ⚠️ <b>Health warning</b> bybit: score=30.0, p95=8549.4ms, stale=14.4s, reconnects=0
2026-07-24 12:27:27,464 INFO trader_dost_arun.ops.alerts telegram disabled: ⚠️ <b>Health warning</b> bybit: score=30.0, p95=8549.4ms, stale=14.4s, reconnects=0
2026-07-24 12:27:27,486 INFO trader_dost_arun.ops.alerts telegram disabled: ⚠️ <b>Health warning</b> bybit: score=30.0, p95=8549.4ms, stale=14.4s, reconnects=0
2026-07-24 12:27:27,508 INFO trader_dost_arun.ops.alerts telegram disabled: ⚠️ <b>Health warning</b> bybit: score=30.0, p95=8549.4ms, stale=14.4s, reconnects=0
2026-07-24 12:27:27,529 INFO trader_dost_arun.ops.alerts telegram disabled: ⚠️ <b>Health warning</b> bybit: score=30.0, p95=8549.4ms, stale=14.5s, reconnects=0
2026-07-24 12:27:27,552 INFO trader_dost_arun.ops.alerts telegram disabled: ⚠️ <b>Health warning</b> bybit: score=30.0, p95=8549.4ms, stale=14.5s, reconnects=0
2026-07-24 12:27:27,577 INFO trader_dost_arun.ops.alerts telegram disabled: ⚠️ <b>Health warning</b> bybit: score=30.0, p95=8549.4ms, stale=14.5s, reconnects=0
2026-07-24 12:27:27,599 INFO trader_dost_arun.ops.alerts telegram disabled: ⚠️ <b>Health warning</b> bybit: score=30.0, p95=8549.4ms, stale=14.5s, reconnects=0
2026-07-24 12:27:27,625 INFO trader_dost_arun.ops.alerts telegram disabled: ⚠️ <b>Health warning</b> bybit: score=30.0, p95=8549.4ms, stale=14.6s, reconnects=0
2026-07-24 12:27:27,648 INFO trader_dost_arun.ops.alerts telegram disabled: ⚠️ <b>Health warning</b> bybit: score=30.0, p95=8549.4ms, stale=14.6s, reconnects=0
2026-07-24 12:27:27,674 INFO trader_dost_arun.ops.alerts telegram disabled: ⚠️ <b>Health warning</b> bybit: score=30.0, p95=8549.4ms, stale=14.6s, reconnects=0
2026-07-24 12:27:27,698 INFO trader_dost_arun.ops.alerts telegram disabled: ⚠️ <b>Health warning</b> bybit: score=30.0, p95=8549.4ms, stale=14.6s, reconnects=0
2026-07-24 12:27:27,721 INFO trader_dost_arun.ops.alerts telegram disabled: ⚠️ <b>Health warning</b> bybit: score=30.0, p95=8549.4ms, stale=14.7s, reconnects=0
2026-07-24 12:27:27,744 INFO trader_dost_arun.ops.alerts telegram disabled: ⚠️ <b>Health warning</b> bybit: score=30.0, p95=8549.4ms, stale=14.7s, reconnects=0
2026-07-24 12:27:27,767 INFO trader_dost_arun.ops.alerts telegram disabled: ⚠️ <b>Health warning</b> bybit: score=30.0, p95=8549.4ms, stale=14.7s, reconnects=0
2026-07-24 12:27:27,786 INFO trader_dost_arun.ops.alerts telegram disabled: ⚠️ <b>Health warning</b> bybit: score=30.0, p95=8549.4ms, stale=14.7s, reconnects=0
2026-07-24 12:27:27,812 INFO trader_dost_arun.ops.alerts telegram disabled: ⚠️ <b>Health warning</b> bybit: score=30.0, p95=8549.4ms, stale=14.7s, reconnects=0
2026-07-24 12:27:27,833 INFO trader_dost_arun.ops.alerts telegram disabled: ⚠️ <b>Health warning</b> bybit: score=30.0, p95=8549.4ms, stale=14.8s, reconnects=0
2026-07-24 12:27:27,855 INFO trader_dost_arun.ops.alerts telegram disabled: ⚠️ <b>Health warning</b> bybit: score=30.0, p95=8549.4ms, stale=14.8s, reconnects=0
2026-07-24 12:27:27,879 INFO trader_dost_arun.ops.alerts telegram disabled: ⚠️ <b>Health warning</b> bybit: score=30.0, p95=8549.4ms, stale=14.8s, reconnects=0
2026-07-24 12:27:27,901 INFO trader_dost_arun.ops.alerts telegram disabled: ⚠️ <b>Health warning</b> bybit: score=30.0, p95=8549.4ms, stale=14.8s, reconnects=0
2026-07-24 12:27:27,927 INFO trader_dost_arun.ops.alerts telegram disabled: ⚠️ <b>Health warning</b> bybit: score=30.0, p95=8549.4ms, stale=14.9s, reconnects=0
2026-07-24 12:27:27,950 INFO trader_dost_arun.ops.alerts telegram disabled: ⚠️ <b>Health warning</b> bybit: score=30.0, p95=8549.4ms, stale=14.9s, reconnects=0
2026-07-24 12:27:27,974 INFO trader_dost_arun.ops.alerts telegram disabled: ⚠️ <b>Health warning</b> bybit: score=30.0, p95=8549.4ms, stale=14.9s, reconnects=0
2026-07-24 12:27:27,997 INFO trader_dost_arun.ops.alerts telegram disabled: ⚠️ <b>Health warning</b> bybit: score=30.0, p95=8549.4ms, stale=14.9s, reconnects=0
2026-07-24 12:27:28,019 INFO trader_dost_arun.ops.alerts telegram disabled: ⚠️ <b>Health warning</b> bybit: score=30.0, p95=8549.4ms, stale=15.0s, reconnects=0
2026-07-24 12:27:28,043 INFO trader_dost_arun.ops.alerts telegram disabled: ⚠️ <b>Health warning</b> bybit: score=30.0, p95=8549.4ms, stale=15.0s, reconnects=0
2026-07-24 12:27:28,066 INFO trader_dost_arun.ops.alerts telegram disabled: ⚠️ <b>Health warning</b> bybit: score=30.0, p95=8549.4ms, stale=15.0s, reconnects=0
2026-07-24 12:27:28,088 INFO trader_dost_arun.ops.alerts telegram disabled: ⚠️ <b>Health warning</b> bybit: score=30.0, p95=8549.4ms, stale=15.0s, reconnects=0
2026-07-24 12:27:28,110 INFO trader_dost_arun.ops.alerts telegram disabled: ⚠️ <b>Health warning</b> bybit: score=30.0, p95=8549.4ms, stale=15.0s, reconnects=0
2026-07-24 12:27:28,132 INFO trader_dost_arun.ops.alerts telegram disabled: ⚠️ <b>Health warning</b> bybit: score=30.0, p95=8549.4ms, stale=15.1s, reconnects=0
2026-07-24 12:27:28,155 INFO trader_dost_arun.ops.alerts telegram disabled: ⚠️ <b>Health warning</b> bybit: score=30.0, p95=8549.4ms, stale=15.1s, reconnects=0
2026-07-24 12:27:28,179 INFO trader_dost_arun.ops.alerts telegram disabled: ⚠️ <b>Health warning</b> bybit: score=30.0, p95=8549.4ms, stale=15.1s, reconnects=0
2026-07-24 12:27:28,201 INFO trader_dost_arun.ops.alerts telegram disabled: ⚠️ <b>Health warning</b> bybit: score=30.0, p95=8549.4ms, stale=15.1s, reconnects=0
2026-07-24 12:27:28,209 INFO trader_dost_arun.ops.alerts telegram disabled: ⚠️ <b>Health warning</b> bybit: score=30.0, p95=8549.4ms, stale=15.1s, reconnects=0
2026-07-24 12:27:28,216 INFO trader_dost_arun.ops.alerts telegram disabled: ⚠️ <b>Health warning</b> bybit: score=30.0, p95=8549.4ms, stale=15.1s, reconnects=0
2026-07-24 12:27:28,223 INFO trader_dost_arun.ops.alerts telegram disabled: ⚠️ <b>Health warning</b> bybit: score=30.0, p95=8549.4ms, stale=15.2s, reconnects=0
2026-07-24 12:27:28,231 INFO trader_dost_arun.ops.alerts telegram disabled: ⚠️ <b>Health warning</b> bybit: score=30.0, p95=8549.4ms, stale=15.2s, reconnects=0
2026-07-24 12:27:28,239 INFO trader_dost_arun.ops.alerts telegram disabled: ⚠️ <b>Health warning</b> bybit: score=30.0, p95=8549.4ms, stale=15.2s, reconnects=0
2026-07-24 12:27:28,246 INFO trader_dost_arun.ops.alerts telegram disabled: ⚠️ <b>Health warning</b> bybit: score=30.0, p95=8549.4ms, stale=15.2s, reconnects=0
2026-07-24 12:27:28,261 INFO trader_dost_arun.ops.alerts telegram disabled: ⚠️ <b>Health warning</b> bybit: score=30.0, p95=8549.4ms, stale=15.2s, reconnects=0
2026-07-24 12:27:28,268 INFO trader_dost_arun.ops.alerts telegram disabled: ⚠️ <b>Health warning</b> bybit: score=30.0, p95=8549.4ms, stale=15.2s, reconnects=0
2026-07-24 12:27:28,276 INFO trader_dost_arun.ops.alerts telegram disabled: ⚠️ <b>Health warning</b> bybit: score=30.0, p95=8549.4ms, stale=15.2s, reconnects=0
2026-07-24 12:27:28,282 INFO trader_dost_arun.ops.alerts telegram disabled: ⚠️ <b>Health warning</b> bybit: score=30.0, p95=8549.4ms, stale=15.2s, reconnects=0
2026-07-24 12:27:28,290 INFO trader_dost_arun.ops.alerts telegram disabled: ⚠️ <b>Health warning</b> bybit: score=30.0, p95=8549.4ms, stale=15.2s, reconnects=0
2026-07-24 12:27:28,298 INFO trader_dost_arun.ops.alerts telegram disabled: ⚠️ <b>Health warning</b> bybit: score=30.0, p95=8549.4ms, stale=15.2s, reconnects=0
2026-07-24 12:27:28,305 INFO trader_dost_arun.ops.alerts telegram disabled: ⚠️ <b>Health warning</b> bybit: score=30.0, p95=8549.4ms, stale=15.2s, reconnects=0
2026-07-24 12:27:28,312 INFO trader_dost_arun.ops.alerts telegram disabled: ⚠️ <b>Health warning</b> bybit: score=30.0, p95=8549.4ms, stale=15.2s, reconnects=0
2026-07-24 12:27:28,320 INFO trader_dost_arun.ops.alerts telegram disabled: ⚠️ <b>Health warning</b> bybit: score=30.0, p95=8549.4ms, stale=15.3s, reconnects=0
2026-07-24 12:27:28,327 INFO trader_dost_arun.ops.alerts telegram disabled: ⚠️ <b>Health warning</b> bybit: score=30.0, p95=8549.4ms, stale=15.3s, reconnects=0
2026-07-24 12:27:28,335 INFO trader_dost_arun.ops.alerts telegram disabled: ⚠️ <b>Health warning</b> bybit: score=30.0, p95=8549.4ms, stale=15.3s, reconnects=0
2026-07-24 12:27:28,343 INFO trader_dost_arun.ops.alerts telegram disabled: ⚠️ <b>Health warning</b> bybit: score=30.0, p95=8549.4ms, stale=15.3s, reconnects=0
2026-07-24 12:27:28,352 INFO trader_dost_arun.ops.alerts telegram disabled: ⚠️ <b>Health warning</b> bybit: score=30.0, p95=8549.4ms, stale=15.3s, reconnects=0
2026-07-24 12:27:28,359 INFO trader_dost_arun.ops.alerts telegram disabled: ⚠️ <b>Health warning</b> bybit: score=30.0, p95=8549.4ms, stale=15.3s, reconnects=0
2026-07-24 12:27:28,367 INFO trader_dost_arun.ops.alerts telegram disabled: ⚠️ <b>Health warning</b> bybit: score=30.0, p95=8549.4ms, stale=15.3s, reconnects=0
2026-07-24 12:27:28,375 INFO trader_dost_arun.ops.alerts telegram disabled: ⚠️ <b>Health warning</b> bybit: score=30.0, p95=8549.4ms, stale=15.3s, reconnects=0
2026-07-24 12:27:28,382 INFO trader_dost_arun.ops.alerts telegram disabled: ⚠️ <b>Health warning</b> bybit: score=30.0, p95=8549.4ms, stale=15.3s, reconnects=0
2026-07-24 12:27:28,390 INFO trader_dost_arun.ops.alerts telegram disabled: ⚠️ <b>Health warning</b> bybit: score=30.0, p95=8549.4ms, stale=15.3s, reconnects=0
2026-07-24 12:27:28,397 INFO trader_dost_arun.ops.alerts telegram disabled: ⚠️ <b>Health warning</b> bybit: score=30.0, p95=8549.4ms, stale=15.3s, reconnects=0
2026-07-24 12:27:28,404 INFO trader_dost_arun.ops.alerts telegram disabled: ⚠️ <b>Health warning</b> bybit: score=30.0, p95=8549.4ms, stale=15.3s, reconnects=0
2026-07-24 12:27:28,411 INFO trader_dost_arun.ops.alerts telegram disabled: ⚠️ <b>Health warning</b> bybit: score=30.0, p95=8549.4ms, stale=15.3s, reconnects=0
2026-07-24 12:27:28,418 INFO trader_dost_arun.ops.alerts telegram disabled: ⚠️ <b>Health warning</b> bybit: score=30.0, p95=8549.4ms, stale=15.4s, reconnects=0
2026-07-24 12:27:28,426 INFO trader_dost_arun.ops.alerts telegram disabled: ⚠️ <b>Health warning</b> bybit: score=30.0, p95=8549.4ms, stale=15.4s, reconnects=0
2026-07-24 12:27:28,434 INFO trader_dost_arun.ops.alerts telegram disabled: ⚠️ <b>Health warning</b> bybit: score=30.0, p95=8549.4ms, stale=15.4s, reconnects=0
2026-07-24 12:27:28,442 INFO trader_dost_arun.ops.alerts telegram disabled: ⚠️ <b>Health warning</b> bybit: score=30.0, p95=8549.4ms, stale=15.4s, reconnects=0
2026-07-24 12:27:28,449 INFO trader_dost_arun.ops.alerts telegram disabled: ⚠️ <b>Health warning</b> bybit: score=30.0, p95=8549.4ms, stale=15.4s, reconnects=0
2026-07-24 12:27:28,457 INFO trader_dost_arun.ops.alerts telegram disabled: ⚠️ <b>Health warning</b> bybit: score=30.0, p95=8549.4ms, stale=15.4s, reconnects=0
2026-07-24 12:27:28,465 INFO trader_dost_arun.ops.alerts telegram disabled: ⚠️ <b>Health warning</b> bybit: score=30.0, p95=8549.4ms, stale=15.4s, reconnects=0
2026-07-24 12:27:28,472 INFO trader_dost_arun.ops.alerts telegram disabled: ⚠️ <b>Health warning</b> bybit: score=30.0, p95=8549.4ms, stale=15.4s, reconnects=0
2026-07-24 12:27:28,479 INFO trader_dost_arun.ops.alerts telegram disabled: ⚠️ <b>Health warning</b> bybit: score=30.0, p95=8549.4ms, stale=15.4s, reconnects=0
2026-07-24 12:27:28,487 INFO trader_dost_arun.ops.alerts telegram disabled: ⚠️ <b>Health warning</b> bybit: score=30.0, p95=8549.4ms, stale=15.4s, reconnects=0
2026-07-24 12:27:28,494 INFO trader_dost_arun.ops.alerts telegram disabled: ⚠️ <b>Health warning</b> bybit: score=30.0, p95=8549.4ms, stale=15.4s, reconnects=0
2026-07-24 12:27:28,502 INFO trader_dost_arun.ops.alerts telegram disabled: ⚠️ <b>Health warning</b> bybit: score=30.0, p95=8549.4ms, stale=15.4s, reconnects=0
2026-07-24 12:27:28,510 INFO trader_dost_arun.ops.alerts telegram disabled: ⚠️ <b>Health warning</b> bybit: score=30.0, p95=8549.4ms, stale=15.4s, reconnects=0
2026-07-24 12:27:28,518 INFO trader_dost_arun.ops.alerts telegram disabled: ⚠️ <b>Health warning</b> bybit: score=30.0, p95=8549.4ms, stale=15.5s, reconnects=0
2026-07-24 12:27:28,526 INFO trader_dost_arun.ops.alerts telegram disabled: ⚠️ <b>Health warning</b> bybit: score=30.0, p95=8549.4ms, stale=15.5s, reconnects=0
2026-07-24 12:27:28,533 INFO trader_dost_arun.ops.alerts telegram disabled: ⚠️ <b>Health warning</b> bybit: score=30.0, p95=8549.4ms, stale=15.5s, reconnects=0
2026-07-24 12:27:28,541 INFO trader_dost_arun.ops.alerts telegram disabled: ⚠️ <b>Health warning</b> bybit: score=30.0, p95=8549.4ms, stale=15.5s, reconnects=0
2026-07-24 12:27:28,549 INFO trader_dost_arun.ops.alerts telegram disabled: ⚠️ <b>Health warning</b> bybit: score=30.0, p95=8549.4ms, stale=15.5s, reconnects=0
2026-07-24 12:27:28,556 INFO trader_dost_arun.ops.alerts telegram disabled: ⚠️ <b>Health warning</b> bybit: score=30.0, p95=8549.4ms, stale=15.5s, reconnects=0
2026-07-24 12:27:28,563 INFO trader_dost_arun.ops.alerts telegram disabled: ⚠️ <b>Health warning</b> bybit: score=30.0, p95=8549.4ms, stale=15.5s, reconnects=0
2026-07-24 12:27:28,571 INFO trader_dost_arun.ops.alerts telegram disabled: ⚠️ <b>Health warning</b> bybit: score=30.0, p95=8549.4ms, stale=15.5s, reconnects=0
2026-07-24 12:27:28,579 INFO trader_dost_arun.ops.alerts telegram disabled: ⚠️ <b>Health warning</b> bybit: score=30.0, p95=8549.4ms, stale=15.5s, reconnects=0
2026-07-24 12:27:28,587 INFO trader_dost_arun.ops.alerts telegram disabled: ⚠️ <b>Health warning</b> bybit: score=30.0, p95=8549.4ms, stale=15.5s, reconnects=0
2026-07-24 12:27:28,594 INFO trader_dost_arun.ops.alerts telegram disabled: ⚠️ <b>Health warning</b> bybit: score=30.0, p95=8549.4ms, stale=15.5s, reconnects=0
2026-07-24 12:27:28,602 INFO trader_dost_arun.ops.alerts telegram disabled: ⚠️ <b>Health warning</b> bybit: score=30.0, p95=8549.4ms, stale=15.5s, reconnects=0
2026-07-24 12:27:28,610 INFO trader_dost_arun.ops.alerts telegram disabled: ⚠️ <b>Health warning</b> bybit: score=30.0, p95=8549.4ms, stale=15.5s, reconnects=0
2026-07-24 12:27:28,618 INFO trader_dost_arun.ops.alerts telegram disabled: ⚠️ <b>Health warning</b> bybit: score=30.0, p95=8549.4ms, stale=15.6s, reconnects=0
2026-07-24 12:27:28,628 INFO trader_dost_arun.ops.alerts telegram disabled: ⚠️ <b>Health warning</b> bybit: score=30.0, p95=8549.4ms, stale=15.6s, reconnects=0
2026-07-24 12:27:28,636 INFO trader_dost_arun.ops.alerts telegram disabled: ⚠️ <b>Health warning</b> bybit: score=30.0, p95=8549.4ms, stale=15.6s, reconnects=0
2026-07-24 12:27:28,644 INFO trader_dost_arun.ops.alerts telegram disabled: ⚠️ <b>Health warning</b> bybit: score=30.0, p95=8549.4ms, stale=15.6s, reconnects=0
2026-07-24 12:27:28,652 INFO trader_dost_arun.ops.alerts telegram disabled: ⚠️ <b>Health warning</b> bybit: score=30.0, p95=8549.4ms, stale=15.6s, reconnects=0
2026-07-24 12:27:28,660 INFO trader_dost_arun.ops.alerts telegram disabled: ⚠️ <b>Health warning</b> bybit: score=30.0, p95=8549.4ms, stale=15.6s, reconnects=0
2026-07-24 12:27:28,668 INFO trader_dost_arun.ops.alerts telegram disabled: ⚠️ <b>Health warning</b> bybit: score=30.0, p95=8549.4ms, stale=15.6s, reconnects=0
2026-07-24 12:27:28,676 INFO trader_dost_arun.ops.alerts telegram disabled: ⚠️ <b>Health warning</b> bybit: score=30.0, p95=8549.4ms, stale=15.6s, reconnects=0
2026-07-24 12:27:28,684 INFO trader_dost_arun.ops.alerts telegram disabled: ⚠️ <b>Health warning</b> bybit: score=30.0, p95=8549.4ms, stale=15.6s, reconnects=0
2026-07-24 12:27:28,692 INFO trader_dost_arun.ops.alerts telegram disabled: ⚠️ <b>Health warning</b> bybit: score=30.0, p95=8549.4ms, stale=15.6s, reconnects=0
2026-07-24 12:27:28,703 INFO trader_dost_arun.ops.alerts telegram disabled: ⚠️ <b>Health warning</b> bybit: score=30.0, p95=8549.4ms, stale=15.6s, reconnects=0
2026-07-24 12:27:28,710 INFO trader_dost_arun.ops.alerts telegram disabled: ⚠️ <b>Health warning</b> bybit: score=30.0, p95=8549.4ms, stale=15.6s, reconnects=0
2026-07-24 12:27:28,719 INFO trader_dost_arun.ops.alerts telegram disabled: ⚠️ <b>Health warning</b> bybit: score=30.0, p95=8549.4ms, stale=15.7s, reconnects=0
2026-07-24 12:27:28,727 INFO trader_dost_arun.ops.alerts telegram disabled: ⚠️ <b>Health warning</b> bybit: score=30.0, p95=8549.4ms, stale=15.7s, reconnects=0
2026-07-24 12:27:28,736 INFO trader_dost_arun.ops.alerts telegram disabled: ⚠️ <b>Health warning</b> bybit: score=30.0, p95=8549.4ms, stale=15.7s, reconnects=0
2026-07-24 12:27:28,743 INFO trader_dost_arun.ops.alerts telegram disabled: ⚠️ <b>Health warning</b> bybit: score=30.0, p95=8549.4ms, stale=15.7s, reconnects=0
2026-07-24 12:27:28,751 INFO trader_dost_arun.ops.alerts telegram disabled: ⚠️ <b>Health warning</b> bybit: score=30.0, p95=8549.4ms, stale=15.7s, reconnects=0
2026-07-24 12:27:28,759 INFO trader_dost_arun.ops.alerts telegram disabled: ⚠️ <b>Health warning</b> bybit: score=30.0, p95=8549.4ms, stale=15.7s, reconnects=0
2026-07-24 12:27:28,766 INFO trader_dost_arun.ops.alerts telegram disabled: ⚠️ <b>Health warning</b> bybit: score=30.0, p95=8549.4ms, stale=15.7s, reconnects=0
2026-07-24 12:27:28,774 INFO trader_dost_arun.ops.alerts telegram disabled: ⚠️ <b>Health warning</b> bybit: score=30.0, p95=8549.4ms, stale=15.7s, reconnects=0
2026-07-24 12:27:28,784 INFO trader_dost_arun.ops.alerts telegram disabled: ⚠️ <b>Health warning</b> bybit: score=30.0, p95=8549.4ms, stale=15.7s, reconnects=0
2026-07-24 12:27:28,792 INFO trader_dost_arun.ops.alerts telegram disabled: ⚠️ <b>Health warning</b> bybit: score=30.0, p95=8549.4ms, stale=15.7s, reconnects=0
2026-07-24 12:27:28,801 INFO trader_dost_arun.ops.alerts telegram disabled: ⚠️ <b>Health warning</b> bybit: score=30.0, p95=8549.4ms, stale=15.7s, reconnects=0
2026-07-24 12:27:28,810 INFO trader_dost_arun.ops.alerts telegram disabled: ⚠️ <b>Health warning</b> bybit: score=30.0, p95=8549.4ms, stale=15.7s, reconnects=0
2026-07-24 12:27:28,818 INFO trader_dost_arun.ops.alerts telegram disabled: ⚠️ <b>Health warning</b> bybit: score=30.0, p95=8549.4ms, stale=15.8s, reconnects=0
2026-07-24 12:27:28,825 INFO trader_dost_arun.ops.alerts telegram disabled: ⚠️ <b>Health warning</b> bybit: score=30.0, p95=8549.4ms, stale=15.8s, reconnects=0
2026-07-24 12:27:28,834 INFO trader_dost_arun.ops.alerts telegram disabled: ⚠️ <b>Health warning</b> bybit: score=30.0, p95=8549.4ms, stale=15.8s, reconnects=0
2026-07-24 12:27:28,843 INFO trader_dost_arun.ops.alerts telegram disabled: ⚠️ <b>Health warning</b> bybit: score=30.0, p95=8549.4ms, stale=15.8s, reconnects=0
2026-07-24 12:27:28,851 INFO trader_dost_arun.ops.alerts telegram disabled: ⚠️ <b>Health warning</b> bybit: score=30.0, p95=8549.4ms, stale=15.8s, reconnects=0
2026-07-24 12:27:28,860 INFO trader_dost_arun.ops.alerts telegram disabled: ⚠️ <b>Health warning</b> bybit: score=30.0, p95=8549.4ms, stale=15.8s, reconnects=0
2026-07-24 12:27:28,868 INFO trader_dost_arun.ops.alerts telegram disabled: ⚠️ <b>Health warning</b> bybit: score=30.0, p95=8549.4ms, stale=15.8s, reconnects=0
2026-07-24 12:27:28,877 INFO trader_dost_arun.ops.alerts telegram disabled: ⚠️ <b>Health warning</b> bybit: score=30.0, p95=8549.4ms, stale=15.8s, reconnects=0
2026-07-24 12:27:28,885 INFO trader_dost_arun.ops.alerts telegram disabled: ⚠️ <b>Health warning</b> bybit: score=30.0, p95=8549.4ms, stale=15.8s, reconnects=0
2026-07-24 12:27:28,893 INFO trader_dost_arun.ops.alerts telegram disabled: ⚠️ <b>Health warning</b> bybit: score=30.0, p95=8549.4ms, stale=15.8s, reconnects=0
2026-07-24 12:27:28,902 INFO trader_dost_arun.ops.alerts telegram disabled: ⚠️ <b>Health warning</b> bybit: score=30.0, p95=8549.4ms, stale=15.8s, reconnects=0
2026-07-24 12:27:28,911 INFO trader_dost_arun.ops.alerts telegram disabled: ⚠️ <b>Health warning</b> bybit: score=30.0, p95=8549.4ms, stale=15.8s, reconnects=0
2026-07-24 12:27:28,919 INFO trader_dost_arun.ops.alerts telegram disabled: ⚠️ <b>Health warning</b> bybit: score=30.0, p95=8549.4ms, stale=15.9s, reconnects=0
2026-07-24 12:27:28,927 INFO trader_dost_arun.ops.alerts telegram disabled: ⚠️ <b>Health warning</b> bybit: score=30.0, p95=8549.4ms, stale=15.9s, reconnects=0
2026-07-24 12:27:28,936 INFO trader_dost_arun.ops.alerts telegram disabled: ⚠️ <b>Health warning</b> bybit: score=30.0, p95=8549.4ms, stale=15.9s, reconnects=0
2026-07-24 12:27:28,945 INFO trader_dost_arun.ops.alerts telegram disabled: ⚠️ <b>Health warning</b> bybit: score=30.0, p95=8549.4ms, stale=15.9s, reconnects=0
2026-07-24 12:27:28,953 INFO trader_dost_arun.ops.alerts telegram disabled: ⚠️ <b>Health warning</b> bybit: score=30.0, p95=8549.4ms, stale=15.9s, reconnects=0
2026-07-24 12:27:28,961 INFO trader_dost_arun.ops.alerts telegram disabled: ⚠️ <b>Health warning</b> bybit: score=30.0, p95=8549.4ms, stale=15.9s, reconnects=0
2026-07-24 12:27:28,969 INFO trader_dost_arun.ops.alerts telegram disabled: ⚠️ <b>Health warning</b> bybit: score=30.0, p95=8549.4ms, stale=15.9s, reconnects=0
2026-07-24 12:27:28,984 INFO trader_dost_arun.ops.alerts telegram disabled: ⚠️ <b>Health warning</b> bybit: score=30.0, p95=8549.4ms, stale=15.9s, reconnects=0
2026-07-24 12:27:28,992 INFO trader_dost_arun.ops.alerts telegram disabled: ⚠️ <b>Health warning</b> bybit: score=30.0, p95=8549.4ms, stale=15.9s, reconnects=0
2026-07-24 12:27:29,000 INFO trader_dost_arun.ops.alerts telegram disabled: ⚠️ <b>Health warning</b> bybit: score=30.0, p95=8549.4ms, stale=15.9s, reconnects=0
2026-07-24 12:27:29,010 INFO trader_dost_arun.ops.alerts telegram disabled: ⚠️ <b>Health warning</b> bybit: score=30.0, p95=8549.4ms, stale=15.9s, reconnects=0
2026-07-24 12:27:29,018 INFO trader_dost_arun.ops.alerts telegram disabled: ⚠️ <b>Health warning</b> bybit: score=30.0, p95=8549.4ms, stale=16.0s, reconnects=0
2026-07-24 12:27:29,026 INFO trader_dost_arun.ops.alerts telegram disabled: ⚠️ <b>Health warning</b> bybit: score=30.0, p95=8549.4ms, stale=16.0s, reconnects=0
2026-07-24 12:27:29,036 INFO trader_dost_arun.ops.alerts telegram disabled: ⚠️ <b>Health warning</b> bybit: score=30.0, p95=8549.4ms, stale=16.0s, reconnects=0
2026-07-24 12:27:29,045 INFO trader_dost_arun.ops.alerts telegram disabled: ⚠️ <b>Health warning</b> bybit: score=30.0, p95=8549.4ms, stale=16.0s, reconnects=0
2026-07-24 12:27:29,053 INFO trader_dost_arun.ops.alerts telegram disabled: ⚠️ <b>Health warning</b> bybit: score=30.0, p95=8549.4ms, stale=16.0s, reconnects=0
2026-07-24 12:27:29,062 INFO trader_dost_arun.ops.alerts telegram disabled: ⚠️ <b>Health warning</b> bybit: score=30.0, p95=8549.4ms, stale=16.0s, reconnects=0
2026-07-24 12:27:29,070 INFO trader_dost_arun.ops.alerts telegram disabled: ⚠️ <b>Health warning</b> bybit: score=30.0, p95=8549.4ms, stale=16.0s, reconnects=0
2026-07-24 12:27:29,078 INFO trader_dost_arun.ops.alerts telegram disabled: ⚠️ <b>Health warning</b> bybit: score=30.0, p95=8549.4ms, stale=16.0s, reconnects=0
2026-07-24 12:27:29,087 INFO trader_dost_arun.ops.alerts telegram disabled: ⚠️ <b>Health warning</b> bybit: score=30.0, p95=8549.4ms, stale=16.0s, reconnects=0
2026-07-24 12:27:29,095 INFO trader_dost_arun.ops.alerts telegram disabled: ⚠️ <b>Health warning</b> bybit: score=30.0, p95=8549.4ms, stale=16.0s, reconnects=0
2026-07-24 12:27:29,104 INFO trader_dost_arun.ops.alerts telegram disabled: ⚠️ <b>Health warning</b> bybit: score=30.0, p95=8549.4ms, stale=16.0s, reconnects=0
2026-07-24 12:27:29,113 INFO trader_dost_arun.ops.alerts telegram disabled: ⚠️ <b>Health warning</b> bybit: score=30.0, p95=8549.4ms, stale=16.0s, reconnects=0
2026-07-24 12:27:29,122 INFO trader_dost_arun.ops.alerts telegram disabled: ⚠️ <b>Health warning</b> bybit: score=30.0, p95=8549.4ms, stale=16.1s, reconnects=0
2026-07-24 12:27:29,130 INFO trader_dost_arun.ops.alerts telegram disabled: ⚠️ <b>Health warning</b> bybit: score=30.0, p95=8549.4ms, stale=16.1s, reconnects=0
2026-07-24 12:27:29,139 INFO trader_dost_arun.ops.alerts telegram disabled: ⚠️ <b>Health warning</b> bybit: score=30.0, p95=8549.4ms, stale=16.1s, reconnects=0
2026-07-24 12:27:29,148 INFO trader_dost_arun.ops.alerts telegram disabled: ⚠️ <b>Health warning</b> bybit: score=30.0, p95=8549.4ms, stale=16.1s, reconnects=0
2026-07-24 12:27:29,156 INFO trader_dost_arun.ops.alerts telegram disabled: ⚠️ <b>Health warning</b> bybit: score=30.0, p95=8549.4ms, stale=16.1s, reconnects=0
2026-07-24 12:27:29,164 INFO trader_dost_arun.ops.alerts telegram disabled: ⚠️ <b>Health warning</b> bybit: score=30.0, p95=8549.4ms, stale=16.1s, reconnects=0
2026-07-24 12:27:29,172 INFO trader_dost_arun.ops.alerts telegram disabled: ⚠️ <b>Health warning</b> bybit: score=30.0, p95=8549.4ms, stale=16.1s, reconnects=0
2026-07-24 12:27:29,181 INFO trader_dost_arun.ops.alerts telegram disabled: ⚠️ <b>Health warning</b> bybit: score=30.0, p95=8549.4ms, stale=16.1s, reconnects=0
2026-07-24 12:27:29,190 INFO trader_dost_arun.ops.alerts telegram disabled: ⚠️ <b>Health warning</b> bybit: score=30.0, p95=8549.4ms, stale=16.1s, reconnects=0
2026-07-24 12:27:29,198 INFO trader_dost_arun.ops.alerts telegram disabled: ⚠️ <b>Health warning</b> bybit: score=30.0, p95=8549.4ms, stale=16.1s, reconnects=0
2026-07-24 12:27:29,206 INFO trader_dost_arun.ops.alerts telegram disabled: ⚠️ <b>Health warning</b> bybit: score=30.0, p95=8549.4ms, stale=16.1s, reconnects=0
2026-07-24 12:27:29,215 INFO trader_dost_arun.ops.alerts telegram disabled: ⚠️ <b>Health warning</b> bybit: score=30.0, p95=8549.4ms, stale=16.1s, reconnects=0
2026-07-24 12:27:29,224 INFO trader_dost_arun.ops.alerts telegram disabled: ⚠️ <b>Health warning</b> bybit: score=30.0, p95=8549.4ms, stale=16.2s, reconnects=0
2026-07-24 12:27:29,232 INFO trader_dost_arun.ops.alerts telegram disabled: ⚠️ <b>Health warning</b> bybit: score=30.0, p95=8549.4ms, stale=16.2s, reconnects=0
2026-07-24 12:27:29,241 INFO trader_dost_arun.ops.alerts telegram disabled: ⚠️ <b>Health warning</b> bybit: score=30.0, p95=8549.4ms, stale=16.2s, reconnects=0
2026-07-24 12:27:29,249 INFO trader_dost_arun.ops.alerts telegram disabled: ⚠️ <b>Health warning</b> bybit: score=30.0, p95=8549.4ms, stale=16.2s, reconnects=0
2026-07-24 12:27:29,258 INFO trader_dost_arun.ops.alerts telegram disabled: ⚠️ <b>Health warning</b> bybit: score=30.0, p95=8549.4ms, stale=16.2s, reconnects=0
2026-07-24 12:27:29,268 INFO trader_dost_arun.ops.alerts telegram disabled: ⚠️ <b>Health warning</b> bybit: score=30.0, p95=8549.4ms, stale=16.2s, reconnects=0
2026-07-24 12:27:29,277 INFO trader_dost_arun.ops.alerts telegram disabled: ⚠️ <b>Health warning</b> bybit: score=30.0, p95=8549.4ms, stale=16.2s, reconnects=0
2026-07-24 12:27:29,285 INFO trader_dost_arun.ops.alerts telegram disabled: ⚠️ <b>Health warning</b> bybit: score=30.0, p95=8549.4ms, stale=16.2s, reconnects=0
2026-07-24 12:27:29,294 INFO trader_dost_arun.ops.alerts telegram disabled: ⚠️ <b>Health warning</b> bybit: score=30.0, p95=8549.4ms, stale=16.2s, reconnects=0
2026-07-24 12:27:29,303 INFO trader_dost_arun.ops.alerts telegram disabled: ⚠️ <b>Health warning</b> bybit: score=30.0, p95=8549.4ms, stale=16.2s, reconnects=0
2026-07-24 12:27:29,311 INFO trader_dost_arun.ops.alerts telegram disabled: ⚠️ <b>Health warning</b> bybit: score=30.0, p95=8549.4ms, stale=16.2s, reconnects=0
2026-07-24 12:27:29,321 INFO trader_dost_arun.ops.alerts telegram disabled: ⚠️ <b>Health warning</b> bybit: score=30.0, p95=8549.4ms, stale=16.3s, reconnects=0
2026-07-24 12:27:29,331 INFO trader_dost_arun.ops.alerts telegram disabled: ⚠️ <b>Health warning</b> bybit: score=30.0, p95=8549.4ms, stale=16.3s, reconnects=0
2026-07-24 12:27:29,339 INFO trader_dost_arun.ops.alerts telegram disabled: ⚠️ <b>Health warning</b> bybit: score=30.0, p95=8549.4ms, stale=16.3s, reconnects=0
2026-07-24 12:27:29,348 INFO trader_dost_arun.ops.alerts telegram disabled: ⚠️ <b>Health warning</b> bybit: score=30.0, p95=8549.4ms, stale=16.3s, reconnects=0
2026-07-24 12:27:29,357 INFO trader_dost_arun.ops.alerts telegram disabled: ⚠️ <b>Health warning</b> bybit: score=30.0, p95=8549.4ms, stale=16.3s, reconnects=0
2026-07-24 12:27:29,366 INFO trader_dost_arun.ops.alerts telegram disabled: ⚠️ <b>Health warning</b> bybit: score=30.0, p95=8549.4ms, stale=16.3s, reconnects=0
2026-07-24 12:27:29,375 INFO trader_dost_arun.ops.alerts telegram disabled: ⚠️ <b>Health warning</b> bybit: score=30.0, p95=8549.4ms, stale=16.3s, reconnects=0
2026-07-24 12:27:29,384 INFO trader_dost_arun.ops.alerts telegram disabled: ⚠️ <b>Health warning</b> bybit: score=30.0, p95=8549.4ms, stale=16.3s, reconnects=0
2026-07-24 12:27:29,393 INFO trader_dost_arun.ops.alerts telegram disabled: ⚠️ <b>Health warning</b> bybit: score=30.0, p95=8549.4ms, stale=16.3s, reconnects=0
2026-07-24 12:27:29,401 INFO trader_dost_arun.ops.alerts telegram disabled: ⚠️ <b>Health warning</b> bybit: score=30.0, p95=8549.4ms, stale=16.3s, reconnects=0
2026-07-24 12:27:29,410 INFO trader_dost_arun.ops.alerts telegram disabled: ⚠️ <b>Health warning</b> bybit: score=30.0, p95=8549.4ms, stale=16.3s, reconnects=0
2026-07-24 12:27:29,419 INFO trader_dost_arun.ops.alerts telegram disabled: ⚠️ <b>Health warning</b> bybit: score=30.0, p95=8549.4ms, stale=16.4s, reconnects=0
2026-07-24 12:27:29,427 INFO trader_dost_arun.ops.alerts telegram disabled: ⚠️ <b>Health warning</b> bybit: score=30.0, p95=8549.4ms, stale=16.4s, reconnects=0
2026-07-24 12:27:29,436 INFO trader_dost_arun.ops.alerts telegram disabled: ⚠️ <b>Health warning</b> bybit: score=30.0, p95=8549.4ms, stale=16.4s, reconnects=0
2026-07-24 12:27:29,444 INFO trader_dost_arun.ops.alerts telegram disabled: ⚠️ <b>Health warning</b> bybit: score=30.0, p95=8549.4ms, stale=16.4s, reconnects=0
2026-07-24 12:27:29,454 INFO trader_dost_arun.ops.alerts telegram disabled: ⚠️ <b>Health warning</b> bybit: score=30.0, p95=8549.4ms, stale=16.4s, reconnects=0
2026-07-24 12:27:29,463 INFO trader_dost_arun.ops.alerts telegram disabled: ⚠️ <b>Health warning</b> bybit: score=30.0, p95=8549.4ms, stale=16.4s, reconnects=0
2026-07-24 12:27:29,472 INFO trader_dost_arun.ops.alerts telegram disabled: ⚠️ <b>Health warning</b> bybit: score=30.0, p95=8549.4ms, stale=16.4s, reconnects=0
2026-07-24 12:27:29,482 INFO trader_dost_arun.ops.alerts telegram disabled: ⚠️ <b>Health warning</b> bybit: score=30.0, p95=8549.4ms, stale=16.4s, reconnects=0
2026-07-24 12:27:29,492 INFO trader_dost_arun.ops.alerts telegram disabled: ⚠️ <b>Health warning</b> bybit: score=30.0, p95=8549.4ms, stale=16.4s, reconnects=0
2026-07-24 12:27:29,500 INFO trader_dost_arun.ops.alerts telegram disabled: ⚠️ <b>Health warning</b> bybit: score=30.0, p95=8549.4ms, stale=16.4s, reconnects=0
2026-07-24 12:27:29,509 INFO trader_dost_arun.ops.alerts telegram disabled: ⚠️ <b>Health warning</b> bybit: score=30.0, p95=8549.4ms, stale=16.4s, reconnects=0
2026-07-24 12:27:29,519 INFO trader_dost_arun.ops.alerts telegram disabled: ⚠️ <b>Health warning</b> bybit: score=30.0, p95=8549.4ms, stale=16.5s, reconnects=0
2026-07-24 12:27:29,528 INFO trader_dost_arun.ops.alerts telegram disabled: ⚠️ <b>Health warning</b> bybit: score=30.0, p95=8549.4ms, stale=16.5s, reconnects=0
2026-07-24 12:27:29,538 INFO trader_dost_arun.ops.alerts telegram disabled: ⚠️ <b>Health warning</b> bybit: score=30.0, p95=8549.4ms, stale=16.5s, reconnects=0
2026-07-24 12:27:29,547 INFO trader_dost_arun.ops.alerts telegram disabled: ⚠️ <b>Health warning</b> bybit: score=30.0, p95=8549.4ms, stale=16.5s, reconnects=0
2026-07-24 12:27:29,557 INFO trader_dost_arun.ops.alerts telegram disabled: ⚠️ <b>Health warning</b> bybit: score=30.0, p95=8549.4ms, stale=16.5s, reconnects=0
2026-07-24 12:27:29,567 INFO trader_dost_arun.ops.alerts telegram disabled: ⚠️ <b>Health warning</b> bybit: score=30.0, p95=8549.4ms, stale=16.5s, reconnects=0
2026-07-24 12:27:29,577 INFO trader_dost_arun.ops.alerts telegram disabled: ⚠️ <b>Health warning</b> bybit: score=30.0, p95=8549.4ms, stale=16.5s, reconnects=0
2026-07-24 12:27:29,588 INFO trader_dost_arun.ops.alerts telegram disabled: ⚠️ <b>Health warning</b> bybit: score=30.0, p95=8549.4ms, stale=16.5s, reconnects=0
2026-07-24 12:27:29,598 INFO trader_dost_arun.ops.alerts telegram disabled: ⚠️ <b>Health warning</b> bybit: score=30.0, p95=8549.4ms, stale=16.5s, reconnects=0
2026-07-24 12:27:29,608 INFO trader_dost_arun.ops.alerts telegram disabled: ⚠️ <b>Health warning</b> bybit: score=30.0, p95=8549.4ms, stale=16.5s, reconnects=0
2026-07-24 12:27:29,618 INFO trader_dost_arun.ops.alerts telegram disabled: ⚠️ <b>Health warning</b> bybit: score=30.0, p95=8549.4ms, stale=16.6s, reconnects=0
2026-07-24 12:27:29,628 INFO trader_dost_arun.ops.alerts telegram disabled: ⚠️ <b>Health warning</b> bybit: score=30.0, p95=8549.4ms, stale=16.6s, reconnects=0
2026-07-24 12:27:29,637 INFO trader_dost_arun.ops.alerts telegram disabled: ⚠️ <b>Health warning</b> bybit: score=30.0, p95=8549.4ms, stale=16.6s, reconnects=0
2026-07-24 12:27:29,647 INFO trader_dost_arun.ops.alerts telegram disabled: ⚠️ <b>Health warning</b> bybit: score=30.0, p95=8549.4ms, stale=16.6s, reconnects=0
2026-07-24 12:27:29,656 INFO trader_dost_arun.ops.alerts telegram disabled: ⚠️ <b>Health warning</b> bybit: score=30.0, p95=8549.4ms, stale=16.6s, reconnects=0
2026-07-24 12:27:29,666 INFO trader_dost_arun.ops.alerts telegram disabled: ⚠️ <b>Health warning</b> bybit: score=30.0, p95=8549.4ms, stale=16.6s, reconnects=0
2026-07-24 12:27:29,675 INFO trader_dost_arun.ops.alerts telegram disabled: ⚠️ <b>Health warning</b> bybit: score=30.0, p95=8549.4ms, stale=16.6s, reconnects=0
2026-07-24 12:27:29,685 INFO trader_dost_arun.ops.alerts telegram disabled: ⚠️ <b>Health warning</b> bybit: score=30.0, p95=8549.4ms, stale=16.6s, reconnects=0
2026-07-24 12:27:29,694 INFO trader_dost_arun.ops.alerts telegram disabled: ⚠️ <b>Health warning</b> bybit: score=30.0, p95=8549.4ms, stale=16.6s, reconnects=0
2026-07-24 12:27:29,706 INFO trader_dost_arun.ops.alerts telegram disabled: ⚠️ <b>Health warning</b> bybit: score=30.0, p95=8549.4ms, stale=16.6s, reconnects=0
2026-07-24 12:27:29,715 INFO trader_dost_arun.ops.alerts telegram disabled: ⚠️ <b>Health warning</b> bybit: score=30.0, p95=8549.4ms, stale=16.6s, reconnects=0
2026-07-24 12:27:29,725 INFO trader_dost_arun.ops.alerts telegram disabled: ⚠️ <b>Health warning</b> bybit: score=30.0, p95=8549.4ms, stale=16.7s, reconnects=0
2026-07-24 12:27:29,734 INFO trader_dost_arun.ops.alerts telegram disabled: ⚠️ <b>Health warning</b> bybit: score=30.0, p95=8549.4ms, stale=16.7s, reconnects=0
2026-07-24 12:27:29,744 INFO trader_dost_arun.ops.alerts telegram disabled: ⚠️ <b>Health warning</b> bybit: score=30.0, p95=8549.4ms, stale=16.7s, reconnects=0
2026-07-24 12:27:29,753 INFO trader_dost_arun.ops.alerts telegram disabled: ⚠️ <b>Health warning</b> bybit: score=30.0, p95=8549.4ms, stale=16.7s, reconnects=0
2026-07-24 12:27:29,763 INFO trader_dost_arun.ops.alerts telegram disabled: ⚠️ <b>Health warning</b> bybit: score=30.0, p95=8549.4ms, stale=16.7s, reconnects=0
2026-07-24 12:27:29,773 INFO trader_dost_arun.ops.alerts telegram disabled: ⚠️ <b>Health warning</b> bybit: score=30.0, p95=8549.4ms, stale=16.7s, reconnects=0
2026-07-24 12:27:29,782 INFO trader_dost_arun.ops.alerts telegram disabled: ⚠️ <b>Health warning</b> bybit: score=30.0, p95=8549.4ms, stale=16.7s, reconnects=0
2026-07-24 12:27:29,792 INFO trader_dost_arun.ops.alerts telegram disabled: ⚠️ <b>Health warning</b> bybit: score=30.0, p95=8549.4ms, stale=16.7s, reconnects=0
2026-07-24 12:27:29,807 INFO trader_dost_arun.ops.alerts telegram disabled: ⚠️ <b>Health warning</b> bybit: score=30.0, p95=8549.4ms, stale=16.7s, reconnects=0
2026-07-24 12:27:29,816 INFO trader_dost_arun.ops.alerts telegram disabled: ⚠️ <b>Health warning</b> bybit: score=30.0, p95=8549.4ms, stale=16.7s, reconnects=0
2026-07-24 12:27:29,825 INFO trader_dost_arun.ops.alerts telegram disabled: ⚠️ <b>Health warning</b> bybit: score=30.0, p95=8549.4ms, stale=16.8s, reconnects=0
2026-07-24 12:27:29,836 INFO trader_dost_arun.ops.alerts telegram disabled: ⚠️ <b>Health warning</b> bybit: score=30.0, p95=8549.4ms, stale=16.8s, reconnects=0
2026-07-24 12:27:29,845 INFO trader_dost_arun.ops.alerts telegram disabled: ⚠️ <b>Health warning</b> bybit: score=30.0, p95=8549.4ms, stale=16.8s, reconnects=0
2026-07-24 12:27:29,855 INFO trader_dost_arun.ops.alerts telegram disabled: ⚠️ <b>Health warning</b> bybit: score=30.0, p95=8549.4ms, stale=16.8s, reconnects=0
2026-07-24 12:27:29,866 INFO trader_dost_arun.ops.alerts telegram disabled: ⚠️ <b>Health warning</b> bybit: score=30.0, p95=8549.4ms, stale=16.8s, reconnects=0
2026-07-24 12:27:29,875 INFO trader_dost_arun.ops.alerts telegram disabled: ⚠️ <b>Health warning</b> bybit: score=30.0, p95=8549.4ms, stale=16.8s, reconnects=0
2026-07-24 12:27:29,886 INFO trader_dost_arun.ops.alerts telegram disabled: ⚠️ <b>Health warning</b> bybit: score=30.0, p95=8549.4ms, stale=16.8s, reconnects=0
2026-07-24 12:27:29,896 INFO trader_dost_arun.ops.alerts telegram disabled: ⚠️ <b>Health warning</b> bybit: score=30.0, p95=8549.4ms, stale=16.8s, reconnects=0
2026-07-24 12:27:29,907 INFO trader_dost_arun.ops.alerts telegram disabled: ⚠️ <b>Health warning</b> bybit: score=30.0, p95=8549.4ms, stale=16.8s, reconnects=0
2026-07-24 12:27:29,918 INFO trader_dost_arun.ops.alerts telegram disabled: ⚠️ <b>Health warning</b> bybit: score=30.0, p95=8549.4ms, stale=16.9s, reconnects=0
2026-07-24 12:27:29,927 INFO trader_dost_arun.ops.alerts telegram disabled: ⚠️ <b>Health warning</b> bybit: score=30.0, p95=8549.4ms, stale=16.9s, reconnects=0
2026-07-24 12:27:29,938 INFO trader_dost_arun.ops.alerts telegram disabled: ⚠️ <b>Health warning</b> bybit: score=30.0, p95=8549.4ms, stale=16.9s, reconnects=0
2026-07-24 12:27:29,949 INFO trader_dost_arun.ops.alerts telegram disabled: ⚠️ <b>Health warning</b> bybit: score=30.0, p95=8549.4ms, stale=16.9s, reconnects=0
2026-07-24 12:27:29,959 INFO trader_dost_arun.ops.alerts telegram disabled: ⚠️ <b>Health warning</b> bybit: score=30.0, p95=8549.4ms, stale=16.9s, reconnects=0
2026-07-24 12:27:29,970 INFO trader_dost_arun.ops.alerts telegram disabled: ⚠️ <b>Health warning</b> bybit: score=30.0, p95=8549.4ms, stale=16.9s, reconnects=0
2026-07-24 12:27:29,980 INFO trader_dost_arun.ops.alerts telegram disabled: ⚠️ <b>Health warning</b> bybit: score=30.0, p95=8549.4ms, stale=16.9s, reconnects=0
2026-07-24 12:27:29,990 INFO trader_dost_arun.ops.alerts telegram disabled: ⚠️ <b>Health warning</b> bybit: score=30.0, p95=8549.4ms, stale=16.9s, reconnects=0
2026-07-24 12:27:30,000 INFO trader_dost_arun.ops.alerts telegram disabled: ⚠️ <b>Health warning</b> bybit: score=30.0, p95=8549.4ms, stale=16.9s, reconnects=0
2026-07-24 12:27:30,009 INFO trader_dost_arun.ops.alerts telegram disabled: ⚠️ <b>Health warning</b> bybit: score=30.0, p95=8549.4ms, stale=16.9s, reconnects=0
2026-07-24 12:27:30,019 INFO trader_dost_arun.ops.alerts telegram disabled: ⚠️ <b>Health warning</b> bybit: score=30.0, p95=8549.4ms, stale=17.0s, reconnects=0
2026-07-24 12:27:30,030 INFO trader_dost_arun.ops.alerts telegram disabled: ⚠️ <b>Health warning</b> bybit: score=30.0, p95=8549.4ms, stale=17.0s, reconnects=0
2026-07-24 12:27:30,039 INFO trader_dost_arun.ops.alerts telegram disabled: ⚠️ <b>Health warning</b> bybit: score=30.0, p95=8549.4ms, stale=17.0s, reconnects=0
2026-07-24 12:27:30,053 INFO trader_dost_arun.ops.alerts telegram disabled: ⚠️ <b>Health warning</b> bybit: score=30.0, p95=8549.4ms, stale=17.0s, reconnects=0
2026-07-24 12:27:30,064 INFO trader_dost_arun.ops.alerts telegram disabled: ⚠️ <b>Health warning</b> bybit: score=30.0, p95=8549.4ms, stale=17.0s, reconnects=0
2026-07-24 12:27:30,074 INFO trader_dost_arun.ops.alerts telegram disabled: ⚠️ <b>Health warning</b> bybit: score=30.0, p95=8549.4ms, stale=17.0s, reconnects=0
2026-07-24 12:27:30,083 INFO trader_dost_arun.ops.alerts telegram disabled: ⚠️ <b>Health warning</b> bybit: score=30.0, p95=8549.4ms, stale=17.0s, reconnects=0
2026-07-24 12:27:30,094 INFO trader_dost_arun.ops.alerts telegram disabled: ⚠️ <b>Health warning</b> bybit: score=30.0, p95=8549.4ms, stale=17.0s, reconnects=0
2026-07-24 12:27:30,105 INFO trader_dost_arun.ops.alerts telegram disabled: ⚠️ <b>Health warning</b> bybit: score=30.0, p95=8549.4ms, stale=17.0s, reconnects=0
2026-07-24 12:27:30,115 INFO trader_dost_arun.ops.alerts telegram disabled: ⚠️ <b>Health warning</b> bybit: score=30.0, p95=8549.4ms, stale=17.0s, reconnects=0
2026-07-24 12:27:30,126 INFO trader_dost_arun.ops.alerts telegram disabled: ⚠️ <b>Health warning</b> bybit: score=30.0, p95=8549.4ms, stale=17.1s, reconnects=0
2026-07-24 12:27:30,136 INFO trader_dost_arun.ops.alerts telegram disabled: ⚠️ <b>Health warning</b> bybit: score=30.0, p95=8549.4ms, stale=17.1s, reconnects=0
2026-07-24 12:27:30,146 INFO trader_dost_arun.ops.alerts telegram disabled: ⚠️ <b>Health warning</b> bybit: score=30.0, p95=8549.4ms, stale=17.1s, reconnects=0
2026-07-24 12:27:30,157 INFO trader_dost_arun.ops.alerts telegram disabled: ⚠️ <b>Health warning</b> bybit: score=30.0, p95=8549.4ms, stale=17.1s, reconnects=0
2026-07-24 12:27:30,168 INFO trader_dost_arun.ops.alerts telegram disabled: ⚠️ <b>Health warning</b> bybit: score=30.0, p95=8549.4ms, stale=17.1s, reconnects=0
2026-07-24 12:27:30,179 INFO trader_dost_arun.ops.alerts telegram disabled: ⚠️ <b>Health warning</b> bybit: score=30.0, p95=8549.4ms, stale=17.1s, reconnects=0
2026-07-24 12:27:30,189 INFO trader_dost_arun.ops.alerts telegram disabled: ⚠️ <b>Health warning</b> bybit: score=30.0, p95=8549.4ms, stale=17.1s, reconnects=0
2026-07-24 12:27:30,198 INFO trader_dost_arun.ops.alerts telegram disabled: ⚠️ <b>Health warning</b> bybit: score=30.0, p95=8549.4ms, stale=17.1s, reconnects=0
2026-07-24 12:27:30,208 INFO trader_dost_arun.ops.alerts telegram disabled: ⚠️ <b>Health warning</b> bybit: score=30.0, p95=8549.4ms, stale=17.1s, reconnects=0
2026-07-24 12:27:30,218 INFO trader_dost_arun.ops.alerts telegram disabled: ⚠️ <b>Health warning</b> bybit: score=30.0, p95=8549.4ms, stale=17.2s, reconnects=0
2026-07-24 12:27:30,228 INFO trader_dost_arun.ops.alerts telegram disabled: ⚠️ <b>Health warning</b> bybit: score=30.0, p95=8549.4ms, stale=17.2s, reconnects=0
2026-07-24 12:27:30,238 INFO trader_dost_arun.ops.alerts telegram disabled: ⚠️ <b>Health warning</b> bybit: score=30.0, p95=8549.4ms, stale=17.2s, reconnects=0
2026-07-24 12:27:30,249 INFO trader_dost_arun.ops.alerts telegram disabled: ⚠️ <b>Health warning</b> bybit: score=30.0, p95=8549.4ms, stale=17.2s, reconnects=0
2026-07-24 12:27:30,259 INFO trader_dost_arun.ops.alerts telegram disabled: ⚠️ <b>Health warning</b> bybit: score=30.0, p95=8549.4ms, stale=17.2s, reconnects=0
2026-07-24 12:27:30,270 INFO trader_dost_arun.ops.alerts telegram disabled: ⚠️ <b>Health warning</b> bybit: score=30.0, p95=8549.4ms, stale=17.2s, reconnects=0
2026-07-24 12:27:30,280 INFO trader_dost_arun.ops.alerts telegram disabled: ⚠️ <b>Health warning</b> bybit: score=30.0, p95=8549.4ms, stale=17.2s, reconnects=0
2026-07-24 12:27:30,290 INFO trader_dost_arun.ops.alerts telegram disabled: ⚠️ <b>Health warning</b> bybit: score=30.0, p95=8549.4ms, stale=17.2s, reconnects=0
2026-07-24 12:27:30,300 INFO trader_dost_arun.ops.alerts telegram disabled: ⚠️ <b>Health warning</b> bybit: score=30.0, p95=8549.4ms, stale=17.2s, reconnects=0
2026-07-24 12:27:30,310 INFO trader_dost_arun.ops.alerts telegram disabled: ⚠️ <b>Health warning</b> bybit: score=30.0, p95=8549.4ms, stale=17.2s, reconnects=0
2026-07-24 12:27:30,321 INFO trader_dost_arun.ops.alerts telegram disabled: ⚠️ <b>Health warning</b> bybit: score=30.0, p95=8549.4ms, stale=17.3s, reconnects=0
2026-07-24 12:27:30,333 INFO trader_dost_arun.ops.alerts telegram disabled: ⚠️ <b>Health warning</b> bybit: score=30.0, p95=8549.4ms, stale=17.3s, reconnects=0
2026-07-24 12:27:30,344 INFO trader_dost_arun.ops.alerts telegram disabled: ⚠️ <b>Health warning</b> bybit: score=30.0, p95=8549.4ms, stale=17.3s, reconnects=0
2026-07-24 12:27:30,354 INFO trader_dost_arun.ops.alerts telegram disabled: ⚠️ <b>Health warning</b> bybit: score=30.0, p95=8549.4ms, stale=17.3s, reconnects=0
2026-07-24 12:27:30,364 INFO trader_dost_arun.ops.alerts telegram disabled: ⚠️ <b>Health warning</b> bybit: score=30.0, p95=8549.4ms, stale=17.3s, reconnects=0
2026-07-24 12:27:30,374 INFO trader_dost_arun.ops.alerts telegram disabled: ⚠️ <b>Health warning</b> bybit: score=30.0, p95=8549.4ms, stale=17.3s, reconnects=0
2026-07-24 12:27:30,384 INFO trader_dost_arun.ops.alerts telegram disabled: ⚠️ <b>Health warning</b> bybit: score=30.0, p95=8549.4ms, stale=17.3s, reconnects=0
2026-07-24 12:27:30,395 INFO trader_dost_arun.ops.alerts telegram disabled: ⚠️ <b>Health warning</b> bybit: score=30.0, p95=8549.4ms, stale=17.3s, reconnects=0
2026-07-24 12:27:30,406 INFO trader_dost_arun.ops.alerts telegram disabled: ⚠️ <b>Health warning</b> bybit: score=30.0, p95=8549.4ms, stale=17.3s, reconnects=0
2026-07-24 12:27:30,416 INFO trader_dost_arun.ops.alerts telegram disabled: ⚠️ <b>Health warning</b> bybit: score=30.0, p95=8549.4ms, stale=17.3s, reconnects=0
2026-07-24 12:27:30,428 INFO trader_dost_arun.ops.alerts telegram disabled: ⚠️ <b>Health warning</b> bybit: score=30.0, p95=8549.4ms, stale=17.4s, reconnects=0
2026-07-24 12:27:30,439 INFO trader_dost_arun.ops.alerts telegram disabled: ⚠️ <b>Health warning</b> bybit: score=30.0, p95=8549.4ms, stale=17.4s, reconnects=0
2026-07-24 12:27:30,450 INFO trader_dost_arun.ops.alerts telegram disabled: ⚠️ <b>Health warning</b> bybit: score=30.0, p95=8549.4ms, stale=17.4s, reconnects=0
2026-07-24 12:27:30,461 INFO trader_dost_arun.ops.alerts telegram disabled: ⚠️ <b>Health warning</b> bybit: score=30.0, p95=8549.4ms, stale=17.4s, reconnects=0
2026-07-24 12:27:30,472 INFO trader_dost_arun.ops.alerts telegram disabled: ⚠️ <b>Health warning</b> bybit: score=30.0, p95=8549.4ms, stale=17.4s, reconnects=0
2026-07-24 12:27:30,485 INFO trader_dost_arun.ops.alerts telegram disabled: ⚠️ <b>Health warning</b> bybit: score=30.0, p95=8549.4ms, stale=17.4s, reconnects=0
2026-07-24 12:27:30,496 INFO trader_dost_arun.ops.alerts telegram disabled: ⚠️ <b>Health warning</b> bybit: score=30.0, p95=8549.4ms, stale=17.4s, reconnects=0
2026-07-24 12:27:30,506 INFO trader_dost_arun.ops.alerts telegram disabled: ⚠️ <b>Health warning</b> bybit: score=30.0, p95=8549.4ms, stale=17.4s, reconnects=0
2026-07-24 12:27:30,517 INFO trader_dost_arun.ops.alerts telegram disabled: ⚠️ <b>Health warning</b> bybit: score=30.0, p95=8549.4ms, stale=17.4s, reconnects=0
2026-07-24 12:27:30,527 INFO trader_dost_arun.ops.alerts telegram disabled: ⚠️ <b>Health warning</b> bybit: score=30.0, p95=8549.4ms, stale=17.5s, reconnects=0
2026-07-24 12:27:30,538 INFO trader_dost_arun.ops.alerts telegram disabled: ⚠️ <b>Health warning</b> bybit: score=30.0, p95=8549.4ms, stale=17.5s, reconnects=0
2026-07-24 12:27:30,549 INFO trader_dost_arun.ops.alerts telegram disabled: ⚠️ <b>Health warning</b> bybit: score=30.0, p95=8549.4ms, stale=17.5s, reconnects=0
2026-07-24 12:27:30,561 INFO trader_dost_arun.ops.alerts telegram disabled: ⚠️ <b>Health warning</b> bybit: score=30.0, p95=8549.4ms, stale=17.5s, reconnects=0
2026-07-24 12:27:30,573 INFO trader_dost_arun.ops.alerts telegram disabled: ⚠️ <b>Health warning</b> bybit: score=30.0, p95=8549.4ms, stale=17.5s, reconnects=0
2026-07-24 12:27:30,584 INFO trader_dost_arun.ops.alerts telegram disabled: ⚠️ <b>Health warning</b> bybit: score=30.0, p95=8549.4ms, stale=17.5s, reconnects=0
2026-07-24 12:27:30,595 INFO trader_dost_arun.ops.alerts telegram disabled: ⚠️ <b>Health warning</b> bybit: score=30.0, p95=8549.4ms, stale=17.5s, reconnects=0
2026-07-24 12:27:30,607 INFO trader_dost_arun.ops.alerts telegram disabled: ⚠️ <b>Health warning</b> bybit: score=30.0, p95=8549.4ms, stale=17.5s, reconnects=0
2026-07-24 12:27:30,619 INFO trader_dost_arun.ops.alerts telegram disabled: ⚠️ <b>Health warning</b> bybit: score=30.0, p95=8549.4ms, stale=17.6s, reconnects=0
2026-07-24 12:27:30,630 INFO trader_dost_arun.ops.alerts telegram disabled: ⚠️ <b>Health warning</b> bybit: score=30.0, p95=8549.4ms, stale=17.6s, reconnects=0
2026-07-24 12:27:30,642 INFO trader_dost_arun.ops.alerts telegram disabled: ⚠️ <b>Health warning</b> bybit: score=30.0, p95=8549.4ms, stale=17.6s, reconnects=0
2026-07-24 12:27:30,655 INFO trader_dost_arun.ops.alerts telegram disabled: ⚠️ <b>Health warning</b> bybit: score=30.0, p95=8549.4ms, stale=17.6s, reconnects=0
2026-07-24 12:27:30,666 INFO trader_dost_arun.ops.alerts telegram disabled: ⚠️ <b>Health warning</b> bybit: score=30.0, p95=8549.4ms, stale=17.6s, reconnects=0
2026-07-24 12:27:30,679 INFO trader_dost_arun.ops.alerts telegram disabled: ⚠️ <b>Health warning</b> bybit: score=30.0, p95=8549.4ms, stale=17.6s, reconnects=0
2026-07-24 12:27:30,690 INFO trader_dost_arun.ops.alerts telegram disabled: ⚠️ <b>Health warning</b> bybit: score=30.0, p95=8549.4ms, stale=17.6s, reconnects=0
2026-07-24 12:27:30,701 INFO trader_dost_arun.ops.alerts telegram disabled: ⚠️ <b>Health warning</b> bybit: score=30.0, p95=8549.4ms, stale=17.6s, reconnects=0
2026-07-24 12:27:30,712 INFO trader_dost_arun.ops.alerts telegram disabled: ⚠️ <b>Health warning</b> bybit: score=30.0, p95=8549.4ms, stale=17.6s, reconnects=0
2026-07-24 12:27:30,723 INFO trader_dost_arun.ops.alerts telegram disabled: ⚠️ <b>Health warning</b> bybit: score=30.0, p95=8549.4ms, stale=17.7s, reconnects=0
2026-07-24 12:27:30,734 INFO trader_dost_arun.ops.alerts telegram disabled: ⚠️ <b>Health warning</b> bybit: score=30.0, p95=8549.4ms, stale=17.7s, reconnects=0
2026-07-24 12:27:30,746 INFO trader_dost_arun.ops.alerts telegram disabled: ⚠️ <b>Health warning</b> bybit: score=30.0, p95=8549.4ms, stale=17.7s, reconnects=0
2026-07-24 12:27:30,757 INFO trader_dost_arun.ops.alerts telegram disabled: ⚠️ <b>Health warning</b> bybit: score=30.0, p95=8549.4ms, stale=17.7s, reconnects=0
2026-07-24 12:27:30,775 INFO trader_dost_arun.ops.alerts telegram disabled: ⚠️ <b>Health warning</b> bybit: score=30.0, p95=8549.4ms, stale=17.7s, reconnects=0
2026-07-24 12:27:30,787 INFO trader_dost_arun.ops.alerts telegram disabled: ⚠️ <b>Health warning</b> bybit: score=30.0, p95=8549.4ms, stale=17.7s, reconnects=0
2026-07-24 12:27:30,799 INFO trader_dost_arun.ops.alerts telegram disabled: ⚠️ <b>Health warning</b> bybit: score=30.0, p95=8549.4ms, stale=17.7s, reconnects=0
2026-07-24 12:27:30,810 INFO trader_dost_arun.ops.alerts telegram disabled: ⚠️ <b>Health warning</b> bybit: score=30.0, p95=8549.4ms, stale=17.7s, reconnects=0
2026-07-24 12:27:30,821 INFO trader_dost_arun.ops.alerts telegram disabled: ⚠️ <b>Health warning</b> bybit: score=30.0, p95=8549.4ms, stale=17.8s, reconnects=0
2026-07-24 12:27:30,832 INFO trader_dost_arun.ops.alerts telegram disabled: ⚠️ <b>Health warning</b> bybit: score=30.0, p95=8549.4ms, stale=17.8s, reconnects=0
2026-07-24 12:27:30,844 INFO trader_dost_arun.ops.alerts telegram disabled: ⚠️ <b>Health warning</b> bybit: score=30.0, p95=8549.4ms, stale=17.8s, reconnects=0
2026-07-24 12:27:30,857 INFO trader_dost_arun.ops.alerts telegram disabled: ⚠️ <b>Health warning</b> bybit: score=30.0, p95=8549.4ms, stale=17.8s, reconnects=0
2026-07-24 12:27:30,868 INFO trader_dost_arun.ops.alerts telegram disabled: ⚠️ <b>Health warning</b> bybit: score=30.0, p95=8549.4ms, stale=17.8s, reconnects=0
2026-07-24 12:27:30,879 INFO trader_dost_arun.ops.alerts telegram disabled: ⚠️ <b>Health warning</b> bybit: score=30.0, p95=8549.4ms, stale=17.8s, reconnects=0
2026-07-24 12:27:30,889 INFO trader_dost_arun.ops.alerts telegram disabled: ⚠️ <b>Health warning</b> bybit: score=30.0, p95=8549.4ms, stale=17.8s, reconnects=0
2026-07-24 12:27:30,901 INFO trader_dost_arun.ops.alerts telegram disabled: ⚠️ <b>Health warning</b> bybit: score=30.0, p95=8549.4ms, stale=17.8s, reconnects=0
2026-07-24 12:27:30,913 INFO trader_dost_arun.ops.alerts telegram disabled: ⚠️ <b>Health warning</b> bybit: score=30.0, p95=8549.4ms, stale=17.8s, reconnects=0
2026-07-24 12:27:30,925 INFO trader_dost_arun.ops.alerts telegram disabled: ⚠️ <b>Health warning</b> bybit: score=30.0, p95=8549.4ms, stale=17.9s, reconnects=0
2026-07-24 12:27:30,937 INFO trader_dost_arun.ops.alerts telegram disabled: ⚠️ <b>Health warning</b> bybit: score=30.0, p95=8549.4ms, stale=17.9s, reconnects=0
2026-07-24 12:27:30,948 INFO trader_dost_arun.ops.alerts telegram disabled: ⚠️ <b>Health warning</b> bybit: score=30.0, p95=8549.4ms, stale=17.9s, reconnects=0
2026-07-24 12:27:30,960 INFO trader_dost_arun.ops.alerts telegram disabled: ⚠️ <b>Health warning</b> bybit: score=30.0, p95=8549.4ms, stale=17.9s, reconnects=0
2026-07-24 12:27:30,972 INFO trader_dost_arun.ops.alerts telegram disabled: ⚠️ <b>Health warning</b> bybit: score=30.0, p95=8549.4ms, stale=17.9s, reconnects=0
2026-07-24 12:27:30,984 INFO trader_dost_arun.ops.alerts telegram disabled: ⚠️ <b>Health warning</b> bybit: score=30.0, p95=8549.4ms, stale=17.9s, reconnects=0
2026-07-24 12:27:30,995 INFO trader_dost_arun.ops.alerts telegram disabled: ⚠️ <b>Health warning</b> bybit: score=30.0, p95=8549.4ms, stale=17.9s, reconnects=0
2026-07-24 12:27:31,006 INFO trader_dost_arun.ops.alerts telegram disabled: ⚠️ <b>Health warning</b> bybit: score=30.0, p95=8549.4ms, stale=17.9s, reconnects=0
2026-07-24 12:27:31,016 INFO trader_dost_arun.ops.alerts telegram disabled: ⚠️ <b>Health warning</b> bybit: score=30.0, p95=8549.4ms, stale=17.9s, reconnects=0
2026-07-24 12:27:31,027 INFO trader_dost_arun.ops.alerts telegram disabled: ⚠️ <b>Health warning</b> bybit: score=30.0, p95=8549.4ms, stale=18.0s, reconnects=0
2026-07-24 12:27:31,039 INFO trader_dost_arun.ops.alerts telegram disabled: ⚠️ <b>Health warning</b> bybit: score=30.0, p95=8549.4ms, stale=18.0s, reconnects=0
2026-07-24 12:27:31,051 INFO trader_dost_arun.ops.alerts telegram disabled: ⚠️ <b>Health warning</b> bybit: score=30.0, p95=8549.4ms, stale=18.0s, reconnects=0
2026-07-24 12:27:31,064 INFO trader_dost_arun.ops.alerts telegram disabled: ⚠️ <b>Health warning</b> bybit: score=30.0, p95=8549.4ms, stale=18.0s, reconnects=0
2026-07-24 12:27:31,076 INFO trader_dost_arun.ops.alerts telegram disabled: ⚠️ <b>Health warning</b> bybit: score=30.0, p95=8549.4ms, stale=18.0s, reconnects=0
2026-07-24 12:27:31,088 INFO trader_dost_arun.ops.alerts telegram disabled: ⚠️ <b>Health warning</b> bybit: score=30.0, p95=8549.4ms, stale=18.0s, reconnects=0
2026-07-24 12:27:31,100 INFO trader_dost_arun.ops.alerts telegram disabled: ⚠️ <b>Health warning</b> bybit: score=30.0, p95=8549.4ms, stale=18.0s, reconnects=0
2026-07-24 12:27:31,113 INFO trader_dost_arun.ops.alerts telegram disabled: ⚠️ <b>Health warning</b> bybit: score=30.0, p95=8549.4ms, stale=18.0s, reconnects=0
2026-07-24 12:27:31,125 INFO trader_dost_arun.ops.alerts telegram disabled: ⚠️ <b>Health warning</b> bybit: score=30.0, p95=8549.4ms, stale=18.1s, reconnects=0
2026-07-24 12:27:31,137 INFO trader_dost_arun.ops.alerts telegram disabled: ⚠️ <b>Health warning</b> bybit: score=30.0, p95=8549.4ms, stale=18.1s, reconnects=0
2026-07-24 12:27:31,149 INFO trader_dost_arun.ops.alerts telegram disabled: ⚠️ <b>Health warning</b> bybit: score=30.0, p95=8549.4ms, stale=18.1s, reconnects=0
2026-07-24 12:27:31,162 INFO trader_dost_arun.ops.alerts telegram disabled: ⚠️ <b>Health warning</b> bybit: score=30.0, p95=8549.4ms, stale=18.1s, reconnects=0
2026-07-24 12:27:31,175 INFO trader_dost_arun.ops.alerts telegram disabled: ⚠️ <b>Health warning</b> bybit: score=30.0, p95=8549.4ms, stale=18.1s, reconnects=0
2026-07-24 12:27:31,187 INFO trader_dost_arun.ops.alerts telegram disabled: ⚠️ <b>Health warning</b> bybit: score=30.0, p95=8549.4ms, stale=18.1s, reconnects=0
2026-07-24 12:27:31,198 INFO trader_dost_arun.ops.alerts telegram disabled: ⚠️ <b>Health warning</b> bybit: score=30.0, p95=8549.4ms, stale=18.1s, reconnects=0
2026-07-24 12:27:31,211 INFO trader_dost_arun.ops.alerts telegram disabled: ⚠️ <b>Health warning</b> bybit: score=30.0, p95=8549.4ms, stale=18.1s, reconnects=0
2026-07-24 12:27:31,224 INFO trader_dost_arun.ops.alerts telegram disabled: ⚠️ <b>Health warning</b> bybit: score=30.0, p95=8549.4ms, stale=18.2s, reconnects=0
2026-07-24 12:27:31,234 INFO trader_dost_arun.ops.alerts telegram disabled: ⚠️ <b>Health warning</b> bybit: score=30.0, p95=8549.4ms, stale=18.2s, reconnects=0
2026-07-24 12:27:31,245 INFO trader_dost_arun.ops.alerts telegram disabled: ⚠️ <b>Health warning</b> bybit: score=30.0, p95=8549.4ms, stale=18.2s, reconnects=0
2026-07-24 12:27:31,258 INFO trader_dost_arun.ops.alerts telegram disabled: ⚠️ <b>Health warning</b> bybit: score=30.0, p95=8549.4ms, stale=18.2s, reconnects=0
2026-07-24 12:27:31,270 INFO trader_dost_arun.ops.alerts telegram disabled: ⚠️ <b>Health warning</b> bybit: score=30.0, p95=8549.4ms, stale=18.2s, reconnects=0
2026-07-24 12:27:31,281 INFO trader_dost_arun.ops.alerts telegram disabled: ⚠️ <b>Health warning</b> bybit: score=30.0, p95=8549.4ms, stale=18.2s, reconnects=0
2026-07-24 12:27:31,293 INFO trader_dost_arun.ops.alerts telegram disabled: ⚠️ <b>Health warning</b> bybit: score=30.0, p95=8549.4ms, stale=18.2s, reconnects=0
2026-07-24 12:27:31,305 INFO trader_dost_arun.ops.alerts telegram disabled: ⚠️ <b>Health warning</b> bybit: score=30.0, p95=8549.4ms, stale=18.2s, reconnects=0
2026-07-24 12:27:31,317 INFO trader_dost_arun.ops.alerts telegram disabled: ⚠️ <b>Health warning</b> bybit: score=30.0, p95=8549.4ms, stale=18.2s, reconnects=0
2026-07-24 12:27:31,328 INFO trader_dost_arun.ops.alerts telegram disabled: ⚠️ <b>Health warning</b> bybit: score=30.0, p95=8549.4ms, stale=18.3s, reconnects=0
2026-07-24 12:27:31,340 INFO trader_dost_arun.ops.alerts telegram disabled: ⚠️ <b>Health warning</b> bybit: score=30.0, p95=8549.4ms, stale=18.3s, reconnects=0
2026-07-24 12:27:31,352 INFO trader_dost_arun.ops.alerts telegram disabled: ⚠️ <b>Health warning</b> bybit: score=30.0, p95=8549.4ms, stale=18.3s, reconnects=0
2026-07-24 12:27:31,363 INFO trader_dost_arun.ops.alerts telegram disabled: ⚠️ <b>Health warning</b> bybit: score=30.0, p95=8549.4ms, stale=18.3s, reconnects=0
2026-07-24 12:27:31,375 INFO trader_dost_arun.ops.alerts telegram disabled: ⚠️ <b>Health warning</b> bybit: score=30.0, p95=8549.4ms, stale=18.3s, reconnects=0
2026-07-24 12:27:31,386 INFO trader_dost_arun.ops.alerts telegram disabled: ⚠️ <b>Health warning</b> bybit: score=30.0, p95=8549.4ms, stale=18.3s, reconnects=0
2026-07-24 12:27:31,398 INFO trader_dost_arun.ops.alerts telegram disabled: ⚠️ <b>Health warning</b> bybit: score=30.0, p95=8549.4ms, stale=18.3s, reconnects=0
2026-07-24 12:27:31,410 INFO trader_dost_arun.ops.alerts telegram disabled: ⚠️ <b>Health warning</b> bybit: score=30.0, p95=8549.4ms, stale=18.3s, reconnects=0
2026-07-24 12:27:31,420 INFO trader_dost_arun.ops.alerts telegram disabled: ⚠️ <b>Health warning</b> bybit: score=30.0, p95=8549.4ms, stale=18.4s, reconnects=0
2026-07-24 12:27:31,432 INFO trader_dost_arun.ops.alerts telegram disabled: ⚠️ <b>Health warning</b> bybit: score=30.0, p95=8549.4ms, stale=18.4s, reconnects=0
2026-07-24 12:27:31,444 INFO trader_dost_arun.ops.alerts telegram disabled: ⚠️ <b>Health warning</b> bybit: score=30.0, p95=8549.4ms, stale=18.4s, reconnects=0
2026-07-24 12:27:31,457 INFO trader_dost_arun.ops.alerts telegram disabled: ⚠️ <b>Health warning</b> bybit: score=30.0, p95=8549.4ms, stale=18.4s, reconnects=0
2026-07-24 12:27:31,469 INFO trader_dost_arun.ops.alerts telegram disabled: ⚠️ <b>Health warning</b> bybit: score=30.0, p95=8549.4ms, stale=18.4s, reconnects=0
2026-07-24 12:27:31,481 INFO trader_dost_arun.ops.alerts telegram disabled: ⚠️ <b>Health warning</b> bybit: score=30.0, p95=8549.4ms, stale=18.4s, reconnects=0
2026-07-24 12:27:31,493 INFO trader_dost_arun.ops.alerts telegram disabled: ⚠️ <b>Health warning</b> bybit: score=30.0, p95=8549.4ms, stale=18.4s, reconnects=0
2026-07-24 12:27:31,505 INFO trader_dost_arun.ops.alerts telegram disabled: ⚠️ <b>Health warning</b> bybit: score=30.0, p95=8549.4ms, stale=18.4s, reconnects=0
2026-07-24 12:27:31,516 INFO trader_dost_arun.ops.alerts telegram disabled: ⚠️ <b>Health warning</b> bybit: score=30.0, p95=8549.4ms, stale=18.4s, reconnects=0
2026-07-24 12:27:31,527 INFO trader_dost_arun.ops.alerts telegram disabled: ⚠️ <b>Health warning</b> bybit: score=30.0, p95=8549.4ms, stale=18.5s, reconnects=0
2026-07-24 12:27:31,538 INFO trader_dost_arun.ops.alerts telegram disabled: ⚠️ <b>Health warning</b> bybit: score=30.0, p95=8549.4ms, stale=18.5s, reconnects=0
2026-07-24 12:27:31,550 INFO trader_dost_arun.ops.alerts telegram disabled: ⚠️ <b>Health warning</b> bybit: score=30.0, p95=8549.4ms, stale=18.5s, reconnects=0
2026-07-24 12:27:31,563 INFO trader_dost_arun.ops.alerts telegram disabled: ⚠️ <b>Health warning</b> bybit: score=30.0, p95=8549.4ms, stale=18.5s, reconnects=0
2026-07-24 12:27:31,576 INFO trader_dost_arun.ops.alerts telegram disabled: ⚠️ <b>Health warning</b> bybit: score=30.0, p95=8549.4ms, stale=18.5s, reconnects=0
2026-07-24 12:27:31,587 INFO trader_dost_arun.ops.alerts telegram disabled: ⚠️ <b>Health warning</b> bybit: score=30.0, p95=8549.4ms, stale=18.5s, reconnects=0
2026-07-24 12:27:31,599 INFO trader_dost_arun.ops.alerts telegram disabled: ⚠️ <b>Health warning</b> bybit: score=30.0, p95=8549.4ms, stale=18.5s, reconnects=0
2026-07-24 12:27:31,612 INFO trader_dost_arun.ops.alerts telegram disabled: ⚠️ <b>Health warning</b> bybit: score=30.0, p95=8549.4ms, stale=18.5s, reconnects=0
2026-07-24 12:27:31,624 INFO trader_dost_arun.ops.alerts telegram disabled: ⚠️ <b>Health warning</b> bybit: score=30.0, p95=8549.4ms, stale=18.6s, reconnects=0
2026-07-24 12:27:31,636 INFO trader_dost_arun.ops.alerts telegram disabled: ⚠️ <b>Health warning</b> bybit: score=30.0, p95=8549.4ms, stale=18.6s, reconnects=0
2026-07-24 12:27:31,649 INFO trader_dost_arun.ops.alerts telegram disabled: ⚠️ <b>Health warning</b> bybit: score=30.0, p95=8549.4ms, stale=18.6s, reconnects=0
2026-07-24 12:27:31,664 INFO trader_dost_arun.ops.alerts telegram disabled: ⚠️ <b>Health warning</b> bybit: score=30.0, p95=8549.4ms, stale=18.6s, reconnects=0
2026-07-24 12:27:31,677 INFO trader_dost_arun.ops.alerts telegram disabled: ⚠️ <b>Health warning</b> bybit: score=30.0, p95=8549.4ms, stale=18.6s, reconnects=0
2026-07-24 12:27:31,690 INFO trader_dost_arun.ops.alerts telegram disabled: ⚠️ <b>Health warning</b> bybit: score=30.0, p95=8549.4ms, stale=18.6s, reconnects=0
2026-07-24 12:27:31,703 INFO trader_dost_arun.ops.alerts telegram disabled: ⚠️ <b>Health warning</b> bybit: score=30.0, p95=8549.4ms, stale=18.6s, reconnects=0
2026-07-24 12:27:31,715 INFO trader_dost_arun.ops.alerts telegram disabled: ⚠️ <b>Health warning</b> bybit: score=30.0, p95=8549.4ms, stale=18.6s, reconnects=0
2026-07-24 12:27:31,728 INFO trader_dost_arun.ops.alerts telegram disabled: ⚠️ <b>Health warning</b> bybit: score=30.0, p95=8549.4ms, stale=18.7s, reconnects=0
2026-07-24 12:27:31,740 INFO trader_dost_arun.ops.alerts telegram disabled: ⚠️ <b>Health warning</b> bybit: score=30.0, p95=8549.4ms, stale=18.7s, reconnects=0
2026-07-24 12:27:31,753 INFO trader_dost_arun.ops.alerts telegram disabled: ⚠️ <b>Health warning</b> bybit: score=30.0, p95=8549.4ms, stale=18.7s, reconnects=0
2026-07-24 12:27:31,765 INFO trader_dost_arun.ops.alerts telegram disabled: ⚠️ <b>Health warning</b> bybit: score=30.0, p95=8549.4ms, stale=18.7s, reconnects=0
2026-07-24 12:27:31,777 INFO trader_dost_arun.ops.alerts telegram disabled: ⚠️ <b>Health warning</b> bybit: score=30.0, p95=8549.4ms, stale=18.7s, reconnects=0
2026-07-24 12:27:31,790 INFO trader_dost_arun.ops.alerts telegram disabled: ⚠️ <b>Health warning</b> bybit: score=30.0, p95=8549.4ms, stale=18.7s, reconnects=0
2026-07-24 12:27:31,803 INFO trader_dost_arun.ops.alerts telegram disabled: ⚠️ <b>Health warning</b> bybit: score=30.0, p95=8549.4ms, stale=18.7s, reconnects=0
2026-07-24 12:27:31,815 INFO trader_dost_arun.ops.alerts telegram disabled: ⚠️ <b>Health warning</b> bybit: score=30.0, p95=8549.4ms, stale=18.7s, reconnects=0
2026-07-24 12:27:31,828 INFO trader_dost_arun.ops.alerts telegram disabled: ⚠️ <b>Health warning</b> bybit: score=30.0, p95=8549.4ms, stale=18.8s, reconnects=0
2026-07-24 12:27:31,842 INFO trader_dost_arun.ops.alerts telegram disabled: ⚠️ <b>Health warning</b> bybit: score=30.0, p95=8549.4ms, stale=18.8s, reconnects=0
2026-07-24 12:27:31,860 INFO trader_dost_arun.ops.alerts telegram disabled: ⚠️ <b>Health warning</b> bybit: score=30.0, p95=8549.4ms, stale=18.8s, reconnects=0
2026-07-24 12:27:31,873 INFO trader_dost_arun.ops.alerts telegram disabled: ⚠️ <b>Health warning</b> bybit: score=30.0, p95=8549.4ms, stale=18.8s, reconnects=0
2026-07-24 12:27:31,886 INFO trader_dost_arun.ops.alerts telegram disabled: ⚠️ <b>Health warning</b> bybit: score=30.0, p95=8549.4ms, stale=18.8s, reconnects=0
2026-07-24 12:27:31,903 INFO trader_dost_arun.ops.alerts telegram disabled: ⚠️ <b>Health warning</b> bybit: score=30.0, p95=8549.4ms, stale=18.8s, reconnects=0
2026-07-24 12:27:31,921 INFO trader_dost_arun.ops.alerts telegram disabled: ⚠️ <b>Health warning</b> bybit: score=30.0, p95=8549.4ms, stale=18.9s, reconnects=0
2026-07-24 12:27:31,938 INFO trader_dost_arun.ops.alerts telegram disabled: ⚠️ <b>Health warning</b> bybit: score=30.0, p95=8549.4ms, stale=18.9s, reconnects=0
2026-07-24 12:27:31,954 INFO trader_dost_arun.ops.alerts telegram disabled: ⚠️ <b>Health warning</b> bybit: score=30.0, p95=8549.4ms, stale=18.9s, reconnects=0
2026-07-24 12:27:31,972 INFO trader_dost_arun.ops.alerts telegram disabled: ⚠️ <b>Health warning</b> bybit: score=30.0, p95=8549.4ms, stale=18.9s, reconnects=0
2026-07-24 12:27:31,989 INFO trader_dost_arun.ops.alerts telegram disabled: ⚠️ <b>Health warning</b> bybit: score=30.0, p95=8549.4ms, stale=18.9s, reconnects=0
2026-07-24 12:27:32,005 INFO trader_dost_arun.ops.alerts telegram disabled: ⚠️ <b>Health warning</b> bybit: score=30.0, p95=8549.4ms, stale=18.9s, reconnects=0
2026-07-24 12:27:32,022 INFO trader_dost_arun.ops.alerts telegram disabled: ⚠️ <b>Health warning</b> bybit: score=30.0, p95=8549.4ms, stale=19.0s, reconnects=0
2026-07-24 12:27:32,040 INFO trader_dost_arun.ops.alerts telegram disabled: ⚠️ <b>Health warning</b> bybit: score=30.0, p95=8549.4ms, stale=19.0s, reconnects=0
2026-07-24 12:27:32,057 INFO trader_dost_arun.ops.alerts telegram disabled: ⚠️ <b>Health warning</b> bybit: score=30.0, p95=8549.4ms, stale=19.0s, reconnects=0
2026-07-24 12:27:32,074 INFO trader_dost_arun.ops.alerts telegram disabled: ⚠️ <b>Health warning</b> bybit: score=30.0, p95=8549.4ms, stale=19.0s, reconnects=0
2026-07-24 12:27:32,091 INFO trader_dost_arun.ops.alerts telegram disabled: ⚠️ <b>Health warning</b> bybit: score=30.0, p95=8549.4ms, stale=19.0s, reconnects=0
2026-07-24 12:27:32,107 INFO trader_dost_arun.ops.alerts telegram disabled: ⚠️ <b>Health warning</b> bybit: score=30.0, p95=8549.4ms, stale=19.0s, reconnects=0
2026-07-24 12:27:32,123 INFO trader_dost_arun.ops.alerts telegram disabled: ⚠️ <b>Health warning</b> bybit: score=30.0, p95=8549.4ms, stale=19.1s, reconnects=0
2026-07-24 12:27:32,140 INFO trader_dost_arun.ops.alerts telegram disabled: ⚠️ <b>Health warning</b> bybit: score=30.0, p95=8549.4ms, stale=19.1s, reconnects=0
2026-07-24 12:27:32,157 INFO trader_dost_arun.ops.alerts telegram disabled: ⚠️ <b>Health warning</b> bybit: score=30.0, p95=8549.4ms, stale=19.1s, reconnects=0
2026-07-24 12:27:32,174 INFO trader_dost_arun.ops.alerts telegram disabled: ⚠️ <b>Health warning</b> bybit: score=30.0, p95=8549.4ms, stale=19.1s, reconnects=0
2026-07-24 12:27:32,192 INFO trader_dost_arun.ops.alerts telegram disabled: ⚠️ <b>Health warning</b> bybit: score=30.0, p95=8549.4ms, stale=19.1s, reconnects=0
2026-07-24 12:27:32,215 INFO trader_dost_arun.ops.alerts telegram disabled: ⚠️ <b>Health warning</b> bybit: score=30.0, p95=8549.4ms, stale=19.1s, reconnects=0
2026-07-24 12:27:32,231 INFO trader_dost_arun.ops.alerts telegram disabled: ⚠️ <b>Health warning</b> bybit: score=30.0, p95=8549.4ms, stale=19.2s, reconnects=0
2026-07-24 12:27:32,247 INFO trader_dost_arun.ops.alerts telegram disabled: ⚠️ <b>Health warning</b> bybit: score=30.0, p95=8549.4ms, stale=19.2s, reconnects=0
2026-07-24 12:27:32,264 INFO trader_dost_arun.ops.alerts telegram disabled: ⚠️ <b>Health warning</b> bybit: score=30.0, p95=8549.4ms, stale=19.2s, reconnects=0
2026-07-24 12:27:32,280 INFO trader_dost_arun.ops.alerts telegram disabled: ⚠️ <b>Health warning</b> bybit: score=30.0, p95=8549.4ms, stale=19.2s, reconnects=0
2026-07-24 12:27:32,297 INFO trader_dost_arun.ops.alerts telegram disabled: ⚠️ <b>Health warning</b> bybit: score=30.0, p95=8549.4ms, stale=19.2s, reconnects=0
2026-07-24 12:27:32,315 INFO trader_dost_arun.ops.alerts telegram disabled: ⚠️ <b>Health warning</b> bybit: score=30.0, p95=8549.4ms, stale=19.2s, reconnects=0
2026-07-24 12:27:32,332 INFO trader_dost_arun.ops.alerts telegram disabled: ⚠️ <b>Health warning</b> bybit: score=30.0, p95=8549.4ms, stale=19.3s, reconnects=0
2026-07-24 12:27:32,350 INFO trader_dost_arun.ops.alerts telegram disabled: ⚠️ <b>Health warning</b> bybit: score=30.0, p95=8549.4ms, stale=19.3s, reconnects=0
2026-07-24 12:27:32,366 INFO trader_dost_arun.ops.alerts telegram disabled: ⚠️ <b>Health warning</b> bybit: score=30.0, p95=8549.4ms, stale=19.3s, reconnects=0
2026-07-24 12:27:32,383 INFO trader_dost_arun.ops.alerts telegram disabled: ⚠️ <b>Health warning</b> bybit: score=30.0, p95=8549.4ms, stale=19.3s, reconnects=0
2026-07-24 12:27:32,399 INFO trader_dost_arun.ops.alerts telegram disabled: ⚠️ <b>Health warning</b> bybit: score=30.0, p95=8549.4ms, stale=19.3s, reconnects=0
2026-07-24 12:27:32,415 INFO trader_dost_arun.ops.alerts telegram disabled: ⚠️ <b>Health warning</b> bybit: score=30.0, p95=8549.4ms, stale=19.3s, reconnects=0
2026-07-24 12:27:32,432 INFO trader_dost_arun.ops.alerts telegram disabled: ⚠️ <b>Health warning</b> bybit: score=30.0, p95=8549.4ms, stale=19.4s, reconnects=0
2026-07-24 12:27:32,448 INFO trader_dost_arun.ops.alerts telegram disabled: ⚠️ <b>Health warning</b> bybit: score=30.0, p95=8549.4ms, stale=19.4s, reconnects=0
2026-07-24 12:27:32,465 INFO trader_dost_arun.ops.alerts telegram disabled: ⚠️ <b>Health warning</b> bybit: score=30.0, p95=8549.4ms, stale=19.4s, reconnects=0
2026-07-24 12:27:32,482 INFO trader_dost_arun.ops.alerts telegram disabled: ⚠️ <b>Health warning</b> bybit: score=30.0, p95=8549.4ms, stale=19.4s, reconnects=0
2026-07-24 12:27:32,499 INFO trader_dost_arun.ops.alerts telegram disabled: ⚠️ <b>Health warning</b> bybit: score=30.0, p95=8549.4ms, stale=19.4s, reconnects=0
2026-07-24 12:27:32,598 INFO trader_dost_arun.ops.alerts telegram disabled: ⚠️ <b>Health warning</b> bybit: score=30.0, p95=8549.4ms, stale=19.5s, reconnects=0
2026-07-24 12:27:32,616 INFO trader_dost_arun.ops.alerts telegram disabled: ⚠️ <b>Health warning</b> bybit: score=30.0, p95=8549.4ms, stale=19.5s, reconnects=0
2026-07-24 12:27:32,633 INFO trader_dost_arun.ops.alerts telegram disabled: ⚠️ <b>Health warning</b> bybit: score=30.0, p95=8549.4ms, stale=19.6s, reconnects=0
2026-07-24 12:27:32,650 INFO trader_dost_arun.ops.alerts telegram disabled: ⚠️ <b>Health warning</b> bybit: score=30.0, p95=8549.4ms, stale=19.6s, reconnects=0
2026-07-24 12:27:32,668 INFO trader_dost_arun.ops.alerts telegram disabled: ⚠️ <b>Health warning</b> bybit: score=30.0, p95=8549.4ms, stale=19.6s, reconnects=0
2026-07-24 12:27:32,685 INFO trader_dost_arun.ops.alerts telegram disabled: ⚠️ <b>Health warning</b> bybit: score=30.0, p95=8549.4ms, stale=19.6s, reconnects=0
2026-07-24 12:27:32,702 INFO trader_dost_arun.ops.alerts telegram disabled: ⚠️ <b>Health warning</b> bybit: score=30.0, p95=8549.4ms, stale=19.6s, reconnects=0
2026-07-24 12:27:32,720 INFO trader_dost_arun.ops.alerts telegram disabled: ⚠️ <b>Health warning</b> bybit: score=30.0, p95=8549.4ms, stale=19.7s, reconnects=0
2026-07-24 12:27:32,736 INFO trader_dost_arun.ops.alerts telegram disabled: ⚠️ <b>Health warning</b> bybit: score=30.0, p95=8549.4ms, stale=19.7s, reconnects=0
2026-07-24 12:27:32,753 INFO trader_dost_arun.ops.alerts telegram disabled: ⚠️ <b>Health warning</b> bybit: score=30.0, p95=8549.4ms, stale=19.7s, reconnects=0
2026-07-24 12:27:32,770 INFO trader_dost_arun.ops.alerts telegram disabled: ⚠️ <b>Health warning</b> bybit: score=30.0, p95=8549.4ms, stale=19.7s, reconnects=0
2026-07-24 12:27:32,787 INFO trader_dost_arun.ops.alerts telegram disabled: ⚠️ <b>Health warning</b> bybit: score=30.0, p95=8549.4ms, stale=19.7s, reconnects=0
2026-07-24 12:27:32,803 INFO trader_dost_arun.ops.alerts telegram disabled: ⚠️ <b>Health warning</b> bybit: score=30.0, p95=8549.4ms, stale=19.7s, reconnects=0
2026-07-24 12:27:32,820 INFO trader_dost_arun.ops.alerts telegram disabled: ⚠️ <b>Health warning</b> bybit: score=30.0, p95=8549.4ms, stale=19.8s, reconnects=0
2026-07-24 12:27:32,837 INFO trader_dost_arun.ops.alerts telegram disabled: ⚠️ <b>Health warning</b> bybit: score=30.0, p95=8549.4ms, stale=19.8s, reconnects=0
2026-07-24 12:27:32,853 INFO trader_dost_arun.ops.alerts telegram disabled: ⚠️ <b>Health warning</b> bybit: score=30.0, p95=8549.4ms, stale=19.8s, reconnects=0
2026-07-24 12:27:32,874 INFO trader_dost_arun.ops.alerts telegram disabled: ⚠️ <b>Health warning</b> bybit: score=30.0, p95=8549.4ms, stale=19.8s, reconnects=0
2026-07-24 12:27:32,892 INFO trader_dost_arun.ops.alerts telegram disabled: ⚠️ <b>Health warning</b> bybit: score=30.0, p95=8549.4ms, stale=19.8s, reconnects=0
2026-07-24 12:27:32,908 INFO trader_dost_arun.ops.alerts telegram disabled: ⚠️ <b>Health warning</b> bybit: score=30.0, p95=8549.4ms, stale=19.8s, reconnects=0
2026-07-24 12:27:32,926 INFO trader_dost_arun.ops.alerts telegram disabled: ⚠️ <b>Health warning</b> bybit: score=30.0, p95=8549.4ms, stale=19.9s, reconnects=0
2026-07-24 12:27:32,942 INFO trader_dost_arun.ops.alerts telegram disabled: ⚠️ <b>Health warning</b> bybit: score=30.0, p95=8549.4ms, stale=19.9s, reconnects=0
2026-07-24 12:27:32,959 INFO trader_dost_arun.ops.alerts telegram disabled: ⚠️ <b>Health warning</b> bybit: score=30.0, p95=8549.4ms, stale=19.9s, reconnects=0
2026-07-24 12:27:32,975 INFO trader_dost_arun.ops.alerts telegram disabled: ⚠️ <b>Health warning</b> bybit: score=30.0, p95=8549.4ms, stale=19.9s, reconnects=0
2026-07-24 12:27:32,991 INFO trader_dost_arun.ops.alerts telegram disabled: ⚠️ <b>Health warning</b> bybit: score=30.0, p95=8549.4ms, stale=19.9s, reconnects=0
2026-07-24 12:27:33,008 INFO trader_dost_arun.ops.alerts telegram disabled: ⚠️ <b>Health warning</b> bybit: score=30.0, p95=8549.4ms, stale=19.9s, reconnects=0
2026-07-24 12:27:33,025 INFO trader_dost_arun.ops.alerts telegram disabled: ⚠️ <b>Health warning</b> bybit: score=30.0, p95=8549.4ms, stale=20.0s, reconnects=0
2026-07-24 12:27:33,041 INFO trader_dost_arun.ops.alerts telegram disabled: ⚠️ <b>Health warning</b> bybit: score=30.0, p95=8549.4ms, stale=20.0s, reconnects=0
2026-07-24 12:27:33,057 INFO trader_dost_arun.ops.alerts telegram disabled: ⚠️ <b>Health warning</b> bybit: score=30.0, p95=8549.4ms, stale=20.0s, reconnects=0
2026-07-24 12:27:33,075 INFO trader_dost_arun.ops.alerts telegram disabled: ⚠️ <b>Health warning</b> bybit: score=30.0, p95=8549.4ms, stale=20.0s, reconnects=0
2026-07-24 12:27:33,094 INFO trader_dost_arun.ops.alerts telegram disabled: ⚠️ <b>Health warning</b> bybit: score=30.0, p95=8549.4ms, stale=20.0s, reconnects=0
2026-07-24 12:27:33,111 INFO trader_dost_arun.ops.alerts telegram disabled: ⚠️ <b>Health warning</b> bybit: score=30.0, p95=8549.4ms, stale=20.0s, reconnects=0
2026-07-24 12:27:33,128 INFO trader_dost_arun.ops.alerts telegram disabled: ⚠️ <b>Health warning</b> bybit: score=30.0, p95=8549.4ms, stale=20.1s, reconnects=0
2026-07-24 12:27:33,145 INFO trader_dost_arun.ops.alerts telegram disabled: ⚠️ <b>Health warning</b> bybit: score=30.0, p95=8549.4ms, stale=20.1s, reconnects=0
2026-07-24 12:27:33,163 INFO trader_dost_arun.ops.alerts telegram disabled: ⚠️ <b>Health warning</b> bybit: score=30.0, p95=8549.4ms, stale=20.1s, reconnects=0
2026-07-24 12:27:33,186 INFO trader_dost_arun.ops.alerts telegram disabled: ⚠️ <b>Health warning</b> bybit: score=30.0, p95=8549.4ms, stale=20.1s, reconnects=0
2026-07-24 12:27:33,203 INFO trader_dost_arun.ops.alerts telegram disabled: ⚠️ <b>Health warning</b> bybit: score=30.0, p95=8549.4ms, stale=20.1s, reconnects=0
2026-07-24 12:27:33,218 INFO trader_dost_arun.ops.alerts telegram disabled: ⚠️ <b>Health warning</b> bybit: score=30.0, p95=8549.4ms, stale=20.2s, reconnects=0
2026-07-24 12:27:33,233 INFO trader_dost_arun.ops.alerts telegram disabled: ⚠️ <b>Health warning</b> bybit: score=30.0, p95=8549.4ms, stale=20.2s, reconnects=0
2026-07-24 12:27:33,248 INFO trader_dost_arun.ops.alerts telegram disabled: ⚠️ <b>Health warning</b> bybit: score=30.0, p95=8549.4ms, stale=20.2s, reconnects=0
2026-07-24 12:27:33,266 INFO trader_dost_arun.ops.alerts telegram disabled: ⚠️ <b>Health warning</b> bybit: score=30.0, p95=8549.4ms, stale=20.2s, reconnects=0
2026-07-24 12:27:33,282 INFO trader_dost_arun.ops.alerts telegram disabled: ⚠️ <b>Health warning</b> bybit: score=30.0, p95=8549.4ms, stale=20.2s, reconnects=0
2026-07-24 12:27:33,298 INFO trader_dost_arun.ops.alerts telegram disabled: ⚠️ <b>Health warning</b> bybit: score=30.0, p95=8549.4ms, stale=20.2s, reconnects=0
2026-07-24 12:27:33,314 INFO trader_dost_arun.ops.alerts telegram disabled: ⚠️ <b>Health warning</b> bybit: score=30.0, p95=8549.4ms, stale=20.2s, reconnects=0
2026-07-24 12:27:33,330 INFO trader_dost_arun.ops.alerts telegram disabled: ⚠️ <b>Health warning</b> bybit: score=30.0, p95=8549.4ms, stale=20.3s, reconnects=0
2026-07-24 12:27:33,346 INFO trader_dost_arun.ops.alerts telegram disabled: ⚠️ <b>Health warning</b> bybit: score=30.0, p95=8549.4ms, stale=20.3s, reconnects=0
2026-07-24 12:27:33,363 INFO trader_dost_arun.ops.alerts telegram disabled: ⚠️ <b>Health warning</b> bybit: score=30.0, p95=8549.4ms, stale=20.3s, reconnects=0
2026-07-24 12:27:33,380 INFO trader_dost_arun.ops.alerts telegram disabled: ⚠️ <b>Health warning</b> bybit: score=30.0, p95=8549.4ms, stale=20.3s, reconnects=0
2026-07-24 12:27:33,395 INFO trader_dost_arun.ops.alerts telegram disabled: ⚠️ <b>Health warning</b> bybit: score=30.0, p95=8549.4ms, stale=20.3s, reconnects=0
2026-07-24 12:27:33,412 INFO trader_dost_arun.ops.alerts telegram disabled: ⚠️ <b>Health warning</b> bybit: score=30.0, p95=8549.4ms, stale=20.3s, reconnects=0
2026-07-24 12:27:33,429 INFO trader_dost_arun.ops.alerts telegram disabled: ⚠️ <b>Health warning</b> bybit: score=30.0, p95=8549.4ms, stale=20.4s, reconnects=0
2026-07-24 12:27:33,445 INFO trader_dost_arun.ops.alerts telegram disabled: ⚠️ <b>Health warning</b> bybit: score=30.0, p95=8549.4ms, stale=20.4s, reconnects=0
2026-07-24 12:27:33,461 INFO trader_dost_arun.ops.alerts telegram disabled: ⚠️ <b>Health warning</b> bybit: score=30.0, p95=8549.4ms, stale=20.4s, reconnects=0
2026-07-24 12:27:33,478 INFO trader_dost_arun.ops.alerts telegram disabled: ⚠️ <b>Health warning</b> bybit: score=30.0, p95=8549.4ms, stale=20.4s, reconnects=0
2026-07-24 12:27:33,504 INFO trader_dost_arun.ops.alerts telegram disabled: ⚠️ <b>Health warning</b> bybit: score=30.0, p95=8549.4ms, stale=20.4s, reconnects=0
2026-07-24 12:27:33,521 INFO trader_dost_arun.ops.alerts telegram disabled: ⚠️ <b>Health warning</b> bybit: score=30.0, p95=8549.4ms, stale=20.5s, reconnects=0
2026-07-24 12:27:33,537 INFO trader_dost_arun.ops.alerts telegram disabled: ⚠️ <b>Health warning</b> bybit: score=30.0, p95=8549.4ms, stale=20.5s, reconnects=0
2026-07-24 12:27:33,555 INFO trader_dost_arun.ops.alerts telegram disabled: ⚠️ <b>Health warning</b> bybit: score=30.0, p95=8549.4ms, stale=20.5s, reconnects=0
2026-07-24 12:27:33,573 INFO trader_dost_arun.ops.alerts telegram disabled: ⚠️ <b>Health warning</b> bybit: score=30.0, p95=8549.4ms, stale=20.5s, reconnects=0
2026-07-24 12:27:33,590 INFO trader_dost_arun.ops.alerts telegram disabled: ⚠️ <b>Health warning</b> bybit: score=30.0, p95=8549.4ms, stale=20.5s, reconnects=0
2026-07-24 12:27:33,607 INFO trader_dost_arun.ops.alerts telegram disabled: ⚠️ <b>Health warning</b> bybit: score=30.0, p95=8549.4ms, stale=20.5s, reconnects=0
2026-07-24 12:27:33,625 INFO trader_dost_arun.ops.alerts telegram disabled: ⚠️ <b>Health warning</b> bybit: score=30.0, p95=8549.4ms, stale=20.6s, reconnects=0
2026-07-24 12:27:33,643 INFO trader_dost_arun.ops.alerts telegram disabled: ⚠️ <b>Health warning</b> bybit: score=30.0, p95=8549.4ms, stale=20.6s, reconnects=0
2026-07-24 12:27:33,661 INFO trader_dost_arun.ops.alerts telegram disabled: ⚠️ <b>Health warning</b> bybit: score=30.0, p95=8549.4ms, stale=20.6s, reconnects=0
2026-07-24 12:27:33,679 INFO trader_dost_arun.ops.alerts telegram disabled: ⚠️ <b>Health warning</b> bybit: score=30.0, p95=8549.4ms, stale=20.6s, reconnects=0
2026-07-24 12:27:33,697 INFO trader_dost_arun.ops.alerts telegram disabled: ⚠️ <b>Health warning</b> bybit: score=30.0, p95=8549.4ms, stale=20.6s, reconnects=0
2026-07-24 12:27:33,714 INFO trader_dost_arun.ops.alerts telegram disabled: ⚠️ <b>Health warning</b> bybit: score=30.0, p95=8549.4ms, stale=20.6s, reconnects=0
2026-07-24 12:27:33,734 INFO trader_dost_arun.ops.alerts telegram disabled: ⚠️ <b>Health warning</b> bybit: score=30.0, p95=8549.4ms, stale=20.7s, reconnects=0
2026-07-24 12:27:33,752 INFO trader_dost_arun.ops.alerts telegram disabled: ⚠️ <b>Health warning</b> bybit: score=30.0, p95=8549.4ms, stale=20.7s, reconnects=0
2026-07-24 12:27:33,769 INFO trader_dost_arun.ops.alerts telegram disabled: ⚠️ <b>Health warning</b> bybit: score=30.0, p95=8549.4ms, stale=20.7s, reconnects=0
2026-07-24 12:27:33,787 INFO trader_dost_arun.ops.alerts telegram disabled: ⚠️ <b>Health warning</b> bybit: score=30.0, p95=8549.4ms, stale=20.7s, reconnects=0
2026-07-24 12:27:33,804 INFO trader_dost_arun.ops.alerts telegram disabled: ⚠️ <b>Health warning</b> bybit: score=30.0, p95=8549.4ms, stale=20.7s, reconnects=0
2026-07-24 12:27:33,827 INFO trader_dost_arun.ops.alerts telegram disabled: ⚠️ <b>Health warning</b> bybit: score=30.0, p95=8549.4ms, stale=20.8s, reconnects=0
2026-07-24 12:27:33,845 INFO trader_dost_arun.ops.alerts telegram disabled: ⚠️ <b>Health warning</b> bybit: score=30.0, p95=8549.4ms, stale=20.8s, reconnects=0
2026-07-24 12:27:33,863 INFO trader_dost_arun.ops.alerts telegram disabled: ⚠️ <b>Health warning</b> bybit: score=30.0, p95=8549.4ms, stale=20.8s, reconnects=0
2026-07-24 12:27:33,880 INFO trader_dost_arun.ops.alerts telegram disabled: ⚠️ <b>Health warning</b> bybit: score=30.0, p95=8549.4ms, stale=20.8s, reconnects=0
2026-07-24 12:27:33,897 INFO trader_dost_arun.ops.alerts telegram disabled: ⚠️ <b>Health warning</b> bybit: score=30.0, p95=8549.4ms, stale=20.8s, reconnects=0
2026-07-24 12:27:33,913 INFO trader_dost_arun.ops.alerts telegram disabled: ⚠️ <b>Health warning</b> bybit: score=30.0, p95=8549.4ms, stale=20.8s, reconnects=0
2026-07-24 12:27:33,932 INFO trader_dost_arun.ops.alerts telegram disabled: ⚠️ <b>Health warning</b> bybit: score=30.0, p95=8549.4ms, stale=20.9s, reconnects=0
2026-07-24 12:27:33,949 INFO trader_dost_arun.ops.alerts telegram disabled: ⚠️ <b>Health warning</b> bybit: score=30.0, p95=8549.4ms, stale=20.9s, reconnects=0
2026-07-24 12:27:33,966 INFO trader_dost_arun.ops.alerts telegram disabled: ⚠️ <b>Health warning</b> bybit: score=30.0, p95=8549.4ms, stale=20.9s, reconnects=0
2026-07-24 12:27:33,982 INFO trader_dost_arun.ops.alerts telegram disabled: ⚠️ <b>Health warning</b> bybit: score=30.0, p95=8549.4ms, stale=20.9s, reconnects=0
2026-07-24 12:27:33,999 INFO trader_dost_arun.ops.alerts telegram disabled: ⚠️ <b>Health warning</b> bybit: score=30.0, p95=8549.4ms, stale=20.9s, reconnects=0
2026-07-24 12:27:34,015 INFO trader_dost_arun.ops.alerts telegram disabled: ⚠️ <b>Health warning</b> bybit: score=30.0, p95=8549.4ms, stale=20.9s, reconnects=0
2026-07-24 12:27:34,031 INFO trader_dost_arun.ops.alerts telegram disabled: ⚠️ <b>Health warning</b> bybit: score=30.0, p95=8549.4ms, stale=21.0s, reconnects=0
2026-07-24 12:27:34,048 INFO trader_dost_arun.ops.alerts telegram disabled: ⚠️ <b>Health warning</b> bybit: score=30.0, p95=8549.4ms, stale=21.0s, reconnects=0
2026-07-24 12:27:34,065 INFO trader_dost_arun.ops.alerts telegram disabled: ⚠️ <b>Health warning</b> bybit: score=30.0, p95=8549.4ms, stale=21.0s, reconnects=0
2026-07-24 12:27:34,082 INFO trader_dost_arun.ops.alerts telegram disabled: ⚠️ <b>Health warning</b> bybit: score=30.0, p95=8549.4ms, stale=21.0s, reconnects=0
2026-07-24 12:27:34,099 INFO trader_dost_arun.ops.alerts telegram disabled: ⚠️ <b>Health warning</b> bybit: score=30.0, p95=8549.4ms, stale=21.0s, reconnects=0
2026-07-24 12:27:34,116 INFO trader_dost_arun.ops.alerts telegram disabled: ⚠️ <b>Health warning</b> bybit: score=30.0, p95=8549.4ms, stale=21.0s, reconnects=0
2026-07-24 12:27:34,140 INFO trader_dost_arun.ops.alerts telegram disabled: ⚠️ <b>Health warning</b> bybit: score=30.0, p95=8549.4ms, stale=21.1s, reconnects=0
2026-07-24 12:27:34,157 INFO trader_dost_arun.ops.alerts telegram disabled: ⚠️ <b>Health warning</b> bybit: score=30.0, p95=8549.4ms, stale=21.1s, reconnects=0
2026-07-24 12:27:34,174 INFO trader_dost_arun.ops.alerts telegram disabled: ⚠️ <b>Health warning</b> bybit: score=30.0, p95=8549.4ms, stale=21.1s, reconnects=0
2026-07-24 12:27:34,193 INFO trader_dost_arun.ops.alerts telegram disabled: ⚠️ <b>Health warning</b> bybit: score=30.0, p95=8549.4ms, stale=21.1s, reconnects=0
2026-07-24 12:27:34,210 INFO trader_dost_arun.ops.alerts telegram disabled: ⚠️ <b>Health warning</b> bybit: score=30.0, p95=8549.4ms, stale=21.1s, reconnects=0
2026-07-24 12:27:34,228 INFO trader_dost_arun.ops.alerts telegram disabled: ⚠️ <b>Health warning</b> bybit: score=30.0, p95=8549.4ms, stale=21.2s, reconnects=0
2026-07-24 12:27:34,246 INFO trader_dost_arun.ops.alerts telegram disabled: ⚠️ <b>Health warning</b> bybit: score=30.0, p95=8549.4ms, stale=21.2s, reconnects=0
2026-07-24 12:27:34,263 INFO trader_dost_arun.ops.alerts telegram disabled: ⚠️ <b>Health warning</b> bybit: score=30.0, p95=8549.4ms, stale=21.2s, reconnects=0
2026-07-24 12:27:34,280 INFO trader_dost_arun.ops.alerts telegram disabled: ⚠️ <b>Health warning</b> bybit: score=30.0, p95=8549.4ms, stale=21.2s, reconnects=0
2026-07-24 12:27:34,298 INFO trader_dost_arun.ops.alerts telegram disabled: ⚠️ <b>Health warning</b> bybit: score=30.0, p95=8549.4ms, stale=21.2s, reconnects=0
2026-07-24 12:27:34,316 INFO trader_dost_arun.ops.alerts telegram disabled: ⚠️ <b>Health warning</b> bybit: score=30.0, p95=8549.4ms, stale=21.2s, reconnects=0
2026-07-24 12:27:34,333 INFO trader_dost_arun.ops.alerts telegram disabled: ⚠️ <b>Health warning</b> bybit: score=30.0, p95=8549.4ms, stale=21.3s, reconnects=0
2026-07-24 12:27:34,351 INFO trader_dost_arun.ops.alerts telegram disabled: ⚠️ <b>Health warning</b> bybit: score=30.0, p95=8549.4ms, stale=21.3s, reconnects=0
2026-07-24 12:27:34,369 INFO trader_dost_arun.ops.alerts telegram disabled: ⚠️ <b>Health warning</b> bybit: score=30.0, p95=8549.4ms, stale=21.3s, reconnects=0
2026-07-24 12:27:34,387 INFO trader_dost_arun.ops.alerts telegram disabled: ⚠️ <b>Health warning</b> bybit: score=30.0, p95=8549.4ms, stale=21.3s, reconnects=0
2026-07-24 12:27:34,406 INFO trader_dost_arun.ops.alerts telegram disabled: ⚠️ <b>Health warning</b> bybit: score=30.0, p95=8549.4ms, stale=21.3s, reconnects=0
2026-07-24 12:27:34,424 INFO trader_dost_arun.ops.alerts telegram disabled: ⚠️ <b>Health warning</b> bybit: score=30.0, p95=8549.4ms, stale=21.4s, reconnects=0
2026-07-24 12:27:34,443 INFO trader_dost_arun.ops.alerts telegram disabled: ⚠️ <b>Health warning</b> bybit: score=30.0, p95=8549.4ms, stale=21.4s, reconnects=0
2026-07-24 12:27:34,462 INFO trader_dost_arun.ops.alerts telegram disabled: ⚠️ <b>Health warning</b> bybit: score=30.0, p95=8549.4ms, stale=21.4s, reconnects=0
2026-07-24 12:27:34,486 INFO trader_dost_arun.ops.alerts telegram disabled: ⚠️ <b>Health warning</b> bybit: score=30.0, p95=8549.4ms, stale=21.4s, reconnects=0
2026-07-24 12:27:34,505 INFO trader_dost_arun.ops.alerts telegram disabled: ⚠️ <b>Health warning</b> bybit: score=30.0, p95=8549.4ms, stale=21.4s, reconnects=0
2026-07-24 12:27:34,524 INFO trader_dost_arun.ops.alerts telegram disabled: ⚠️ <b>Health warning</b> bybit: score=30.0, p95=8549.4ms, stale=21.5s, reconnects=0
2026-07-24 12:27:34,543 INFO trader_dost_arun.ops.alerts telegram disabled: ⚠️ <b>Health warning</b> bybit: score=30.0, p95=8549.4ms, stale=21.5s, reconnects=0
2026-07-24 12:27:34,562 INFO trader_dost_arun.ops.alerts telegram disabled: ⚠️ <b>Health warning</b> bybit: score=30.0, p95=8549.4ms, stale=21.5s, reconnects=0
2026-07-24 12:27:34,581 INFO trader_dost_arun.ops.alerts telegram disabled: ⚠️ <b>Health warning</b> bybit: score=30.0, p95=8549.4ms, stale=21.5s, reconnects=0
2026-07-24 12:27:34,601 INFO trader_dost_arun.ops.alerts telegram disabled: ⚠️ <b>Health warning</b> bybit: score=30.0, p95=8549.4ms, stale=21.5s, reconnects=0
2026-07-24 12:27:34,620 INFO trader_dost_arun.ops.alerts telegram disabled: ⚠️ <b>Health warning</b> bybit: score=30.0, p95=8549.4ms, stale=21.6s, reconnects=0
2026-07-24 12:27:34,638 INFO trader_dost_arun.ops.alerts telegram disabled: ⚠️ <b>Health warning</b> bybit: score=30.0, p95=8549.4ms, stale=21.6s, reconnects=0
2026-07-24 12:27:34,656 INFO trader_dost_arun.ops.alerts telegram disabled: ⚠️ <b>Health warning</b> bybit: score=30.0, p95=8549.4ms, stale=21.6s, reconnects=0
2026-07-24 12:27:34,675 INFO trader_dost_arun.ops.alerts telegram disabled: ⚠️ <b>Health warning</b> bybit: score=30.0, p95=8549.4ms, stale=21.6s, reconnects=0
2026-07-24 12:27:34,694 INFO trader_dost_arun.ops.alerts telegram disabled: ⚠️ <b>Health warning</b> bybit: score=30.0, p95=8549.4ms, stale=21.6s, reconnects=0
2026-07-24 12:27:34,712 INFO trader_dost_arun.ops.alerts telegram disabled: ⚠️ <b>Health warning</b> bybit: score=30.0, p95=8549.4ms, stale=21.6s, reconnects=0
2026-07-24 12:27:34,730 INFO trader_dost_arun.ops.alerts telegram disabled: ⚠️ <b>Health warning</b> bybit: score=30.0, p95=8549.4ms, stale=21.7s, reconnects=0
2026-07-24 12:27:34,747 INFO trader_dost_arun.ops.alerts telegram disabled: ⚠️ <b>Health warning</b> bybit: score=30.0, p95=8549.4ms, stale=21.7s, reconnects=0
2026-07-24 12:27:34,765 INFO trader_dost_arun.ops.alerts telegram disabled: ⚠️ <b>Health warning</b> bybit: score=30.0, p95=8549.4ms, stale=21.7s, reconnects=0
2026-07-24 12:27:34,783 INFO trader_dost_arun.ops.alerts telegram disabled: ⚠️ <b>Health warning</b> bybit: score=30.0, p95=8549.4ms, stale=21.7s, reconnects=0
2026-07-24 12:27:34,801 INFO trader_dost_arun.ops.alerts telegram disabled: ⚠️ <b>Health warning</b> bybit: score=30.0, p95=8549.4ms, stale=21.7s, reconnects=0
2026-07-24 12:27:34,825 INFO trader_dost_arun.ops.alerts telegram disabled: ⚠️ <b>Health warning</b> bybit: score=30.0, p95=8549.4ms, stale=21.8s, reconnects=0
2026-07-24 12:27:34,844 INFO trader_dost_arun.ops.alerts telegram disabled: ⚠️ <b>Health warning</b> bybit: score=30.0, p95=8549.4ms, stale=21.8s, reconnects=0
2026-07-24 12:27:34,862 INFO trader_dost_arun.ops.alerts telegram disabled: ⚠️ <b>Health warning</b> bybit: score=30.0, p95=8549.4ms, stale=21.8s, reconnects=0
2026-07-24 12:27:34,880 INFO trader_dost_arun.ops.alerts telegram disabled: ⚠️ <b>Health warning</b> bybit: score=30.0, p95=8549.4ms, stale=21.8s, reconnects=0
2026-07-24 12:27:34,899 INFO trader_dost_arun.ops.alerts telegram disabled: ⚠️ <b>Health warning</b> bybit: score=30.0, p95=8549.4ms, stale=21.8s, reconnects=0
2026-07-24 12:27:34,917 INFO trader_dost_arun.ops.alerts telegram disabled: ⚠️ <b>Health warning</b> bybit: score=30.0, p95=8549.4ms, stale=21.8s, reconnects=0
2026-07-24 12:27:34,934 INFO trader_dost_arun.ops.alerts telegram disabled: ⚠️ <b>Health warning</b> bybit: score=30.0, p95=8549.4ms, stale=21.9s, reconnects=0
2026-07-24 12:27:34,953 INFO trader_dost_arun.ops.alerts telegram disabled: ⚠️ <b>Health warning</b> bybit: score=30.0, p95=8549.4ms, stale=21.9s, reconnects=0
2026-07-24 12:27:34,972 INFO trader_dost_arun.ops.alerts telegram disabled: ⚠️ <b>Health warning</b> bybit: score=30.0, p95=8549.4ms, stale=21.9s, reconnects=0
2026-07-24 12:27:34,991 INFO trader_dost_arun.ops.alerts telegram disabled: ⚠️ <b>Health warning</b> bybit: score=30.0, p95=8549.4ms, stale=21.9s, reconnects=0
2026-07-24 12:27:35,009 INFO trader_dost_arun.ops.alerts telegram disabled: ⚠️ <b>Health warning</b> bybit: score=30.0, p95=8549.4ms, stale=21.9s, reconnects=0
2026-07-24 12:27:35,026 INFO trader_dost_arun.ops.alerts telegram disabled: ⚠️ <b>Health warning</b> bybit: score=30.0, p95=8549.4ms, stale=22.0s, reconnects=0
2026-07-24 12:27:35,045 INFO trader_dost_arun.ops.alerts telegram disabled: ⚠️ <b>Health warning</b> bybit: score=30.0, p95=8549.4ms, stale=22.0s, reconnects=0
2026-07-24 12:27:35,066 INFO trader_dost_arun.ops.alerts telegram disabled: ⚠️ <b>Health warning</b> bybit: score=30.0, p95=8549.4ms, stale=22.0s, reconnects=0
2026-07-24 12:27:35,084 INFO trader_dost_arun.ops.alerts telegram disabled: ⚠️ <b>Health warning</b> bybit: score=30.0, p95=8549.4ms, stale=22.0s, reconnects=0
2026-07-24 12:27:35,102 INFO trader_dost_arun.ops.alerts telegram disabled: ⚠️ <b>Health warning</b> bybit: score=30.0, p95=8549.4ms, stale=22.0s, reconnects=0
2026-07-24 12:27:35,120 INFO trader_dost_arun.ops.alerts telegram disabled: ⚠️ <b>Health warning</b> bybit: score=30.0, p95=8549.4ms, stale=22.1s, reconnects=0
2026-07-24 12:27:35,139 INFO trader_dost_arun.ops.alerts telegram disabled: ⚠️ <b>Health warning</b> bybit: score=30.0, p95=8549.4ms, stale=22.1s, reconnects=0
2026-07-24 12:27:35,163 INFO trader_dost_arun.ops.alerts telegram disabled: ⚠️ <b>Health warning</b> bybit: score=30.0, p95=8549.4ms, stale=22.1s, reconnects=0
2026-07-24 12:27:35,182 INFO trader_dost_arun.ops.alerts telegram disabled: ⚠️ <b>Health warning</b> bybit: score=30.0, p95=8549.4ms, stale=22.1s, reconnects=0
2026-07-24 12:27:35,201 INFO trader_dost_arun.ops.alerts telegram disabled: ⚠️ <b>Health warning</b> bybit: score=30.0, p95=8549.4ms, stale=22.1s, reconnects=0
2026-07-24 12:27:35,219 INFO trader_dost_arun.ops.alerts telegram disabled: ⚠️ <b>Health warning</b> bybit: score=30.0, p95=8549.4ms, stale=22.2s, reconnects=0
2026-07-24 12:27:35,237 INFO trader_dost_arun.ops.alerts telegram disabled: ⚠️ <b>Health warning</b> bybit: score=30.0, p95=8549.4ms, stale=22.2s, reconnects=0
2026-07-24 12:27:35,255 INFO trader_dost_arun.ops.alerts telegram disabled: ⚠️ <b>Health warning</b> bybit: score=30.0, p95=8549.4ms, stale=22.2s, reconnects=0
2026-07-24 12:27:35,275 INFO trader_dost_arun.ops.alerts telegram disabled: ⚠️ <b>Health warning</b> bybit: score=30.0, p95=8549.4ms, stale=22.2s, reconnects=0
2026-07-24 12:27:35,294 INFO trader_dost_arun.ops.alerts telegram disabled: ⚠️ <b>Health warning</b> bybit: score=30.0, p95=8549.4ms, stale=22.2s, reconnects=0
2026-07-24 12:27:35,313 INFO trader_dost_arun.ops.alerts telegram disabled: ⚠️ <b>Health warning</b> bybit: score=30.0, p95=8549.4ms, stale=22.2s, reconnects=0
2026-07-24 12:27:35,331 INFO trader_dost_arun.ops.alerts telegram disabled: ⚠️ <b>Health warning</b> bybit: score=30.0, p95=8549.4ms, stale=22.3s, reconnects=0
2026-07-24 12:27:35,349 INFO trader_dost_arun.ops.alerts telegram disabled: ⚠️ <b>Health warning</b> bybit: score=30.0, p95=8549.4ms, stale=22.3s, reconnects=0
2026-07-24 12:27:35,367 INFO trader_dost_arun.ops.alerts telegram disabled: ⚠️ <b>Health warning</b> bybit: score=30.0, p95=8549.4ms, stale=22.3s, reconnects=0
2026-07-24 12:27:35,385 INFO trader_dost_arun.ops.alerts telegram disabled: ⚠️ <b>Health warning</b> bybit: score=30.0, p95=8549.4ms, stale=22.3s, reconnects=0
2026-07-24 12:27:35,403 INFO trader_dost_arun.ops.alerts telegram disabled: ⚠️ <b>Health warning</b> bybit: score=30.0, p95=8549.4ms, stale=22.3s, reconnects=0
2026-07-24 12:27:35,421 INFO trader_dost_arun.ops.alerts telegram disabled: ⚠️ <b>Health warning</b> bybit: score=30.0, p95=8549.4ms, stale=22.4s, reconnects=0
2026-07-24 12:27:35,439 INFO trader_dost_arun.ops.alerts telegram disabled: ⚠️ <b>Health warning</b> bybit: score=30.0, p95=8549.4ms, stale=22.4s, reconnects=0
2026-07-24 12:27:35,457 INFO trader_dost_arun.ops.alerts telegram disabled: ⚠️ <b>Health warning</b> bybit: score=30.0, p95=8549.4ms, stale=22.4s, reconnects=0
2026-07-24 12:27:35,476 INFO trader_dost_arun.ops.alerts telegram disabled: ⚠️ <b>Health warning</b> bybit: score=30.0, p95=8549.4ms, stale=22.4s, reconnects=0
2026-07-24 12:27:35,495 INFO trader_dost_arun.ops.alerts telegram disabled: ⚠️ <b>Health warning</b> bybit: score=30.0, p95=8549.4ms, stale=22.4s, reconnects=0
2026-07-24 12:27:35,526 INFO trader_dost_arun.ops.alerts telegram disabled: ⚠️ <b>Health warning</b> bybit: score=30.0, p95=8549.4ms, stale=22.5s, reconnects=0
2026-07-24 12:27:35,544 INFO trader_dost_arun.ops.alerts telegram disabled: ⚠️ <b>Health warning</b> bybit: score=30.0, p95=8549.4ms, stale=22.5s, reconnects=0
2026-07-24 12:27:35,564 INFO trader_dost_arun.ops.alerts telegram disabled: ⚠️ <b>Health warning</b> bybit: score=30.0, p95=8549.4ms, stale=22.5s, reconnects=0
2026-07-24 12:27:35,589 INFO trader_dost_arun.ops.alerts telegram disabled: ⚠️ <b>Health warning</b> bybit: score=30.0, p95=8549.4ms, stale=22.5s, reconnects=0
2026-07-24 12:27:35,616 INFO trader_dost_arun.ops.alerts telegram disabled: ⚠️ <b>Health warning</b> bybit: score=30.0, p95=8549.4ms, stale=22.5s, reconnects=0
2026-07-24 12:27:35,634 INFO trader_dost_arun.ops.alerts telegram disabled: ⚠️ <b>Health warning</b> bybit: score=30.0, p95=8549.4ms, stale=22.6s, reconnects=0
2026-07-24 12:27:35,652 INFO trader_dost_arun.ops.alerts telegram disabled: ⚠️ <b>Health warning</b> bybit: score=30.0, p95=8549.4ms, stale=22.6s, reconnects=0
2026-07-24 12:27:35,669 INFO trader_dost_arun.ops.alerts telegram disabled: ⚠️ <b>Health warning</b> bybit: score=30.0, p95=8549.4ms, stale=22.6s, reconnects=0
2026-07-24 12:27:35,687 INFO trader_dost_arun.ops.alerts telegram disabled: ⚠️ <b>Health warning</b> bybit: score=30.0, p95=8549.4ms, stale=22.6s, reconnects=0
2026-07-24 12:27:35,708 INFO trader_dost_arun.ops.alerts telegram disabled: ⚠️ <b>Health warning</b> bybit: score=30.0, p95=8549.4ms, stale=22.6s, reconnects=0
2026-07-24 12:27:35,728 INFO trader_dost_arun.ops.alerts telegram disabled: ⚠️ <b>Health warning</b> bybit: score=30.0, p95=8549.4ms, stale=22.7s, reconnects=0
2026-07-24 12:27:35,746 INFO trader_dost_arun.ops.alerts telegram disabled: ⚠️ <b>Health warning</b> bybit: score=30.0, p95=8549.4ms, stale=22.7s, reconnects=0
2026-07-24 12:27:35,765 INFO trader_dost_arun.ops.alerts telegram disabled: ⚠️ <b>Health warning</b> bybit: score=30.0, p95=8549.4ms, stale=22.7s, reconnects=0
2026-07-24 12:27:35,782 INFO trader_dost_arun.ops.alerts telegram disabled: ⚠️ <b>Health warning</b> bybit: score=30.0, p95=8549.4ms, stale=22.7s, reconnects=0
2026-07-24 12:27:35,799 INFO trader_dost_arun.ops.alerts telegram disabled: ⚠️ <b>Health warning</b> bybit: score=30.0, p95=8549.4ms, stale=22.7s, reconnects=0
2026-07-24 12:27:35,817 INFO trader_dost_arun.ops.alerts telegram disabled: ⚠️ <b>Health warning</b> bybit: score=30.0, p95=8549.4ms, stale=22.8s, reconnects=0
2026-07-24 12:27:35,835 INFO trader_dost_arun.ops.alerts telegram disabled: ⚠️ <b>Health warning</b> bybit: score=30.0, p95=8549.4ms, stale=22.8s, reconnects=0
2026-07-24 12:27:35,852 INFO trader_dost_arun.ops.alerts telegram disabled: ⚠️ <b>Health warning</b> bybit: score=30.0, p95=8549.4ms, stale=22.8s, reconnects=0
2026-07-24 12:27:35,876 INFO trader_dost_arun.ops.alerts telegram disabled: ⚠️ <b>Health warning</b> bybit: score=30.0, p95=8549.4ms, stale=22.8s, reconnects=0
2026-07-24 12:27:35,894 INFO trader_dost_arun.ops.alerts telegram disabled: ⚠️ <b>Health warning</b> bybit: score=30.0, p95=8549.4ms, stale=22.8s, reconnects=0
2026-07-24 12:27:35,911 INFO trader_dost_arun.ops.alerts telegram disabled: ⚠️ <b>Health warning</b> bybit: score=30.0, p95=8549.4ms, stale=22.8s, reconnects=0
2026-07-24 12:27:35,930 INFO trader_dost_arun.ops.alerts telegram disabled: ⚠️ <b>Health warning</b> bybit: score=30.0, p95=8549.4ms, stale=22.9s, reconnects=0
2026-07-24 12:27:35,947 INFO trader_dost_arun.ops.alerts telegram disabled: ⚠️ <b>Health warning</b> bybit: score=30.0, p95=8549.4ms, stale=22.9s, reconnects=0
2026-07-24 12:27:35,966 INFO trader_dost_arun.ops.alerts telegram disabled: ⚠️ <b>Health warning</b> bybit: score=30.0, p95=8549.4ms, stale=22.9s, reconnects=0
2026-07-24 12:27:35,985 INFO trader_dost_arun.ops.alerts telegram disabled: ⚠️ <b>Health warning</b> bybit: score=30.0, p95=8549.4ms, stale=22.9s, reconnects=0
2026-07-24 12:27:36,003 INFO trader_dost_arun.ops.alerts telegram disabled: ⚠️ <b>Health warning</b> bybit: score=30.0, p95=8549.4ms, stale=22.9s, reconnects=0
2026-07-24 12:27:36,021 INFO trader_dost_arun.ops.alerts telegram disabled: ⚠️ <b>Health warning</b> bybit: score=30.0, p95=8549.4ms, stale=23.0s, reconnects=0
2026-07-24 12:27:36,038 INFO trader_dost_arun.ops.alerts telegram disabled: ⚠️ <b>Health warning</b> bybit: score=30.0, p95=8549.4ms, stale=23.0s, reconnects=0
2026-07-24 12:27:36,056 INFO trader_dost_arun.ops.alerts telegram disabled: ⚠️ <b>Health warning</b> bybit: score=30.0, p95=8549.4ms, stale=23.0s, reconnects=0
2026-07-24 12:27:36,075 INFO trader_dost_arun.ops.alerts telegram disabled: ⚠️ <b>Health warning</b> bybit: score=30.0, p95=8549.4ms, stale=23.0s, reconnects=0
2026-07-24 12:27:36,093 INFO trader_dost_arun.ops.alerts telegram disabled: ⚠️ <b>Health warning</b> bybit: score=30.0, p95=8549.4ms, stale=23.0s, reconnects=0
2026-07-24 12:27:36,111 INFO trader_dost_arun.ops.alerts telegram disabled: ⚠️ <b>Health warning</b> bybit: score=30.0, p95=8549.4ms, stale=23.0s, reconnects=0
2026-07-24 12:27:36,129 INFO trader_dost_arun.ops.alerts telegram disabled: ⚠️ <b>Health warning</b> bybit: score=30.0, p95=8549.4ms, stale=23.1s, reconnects=0
2026-07-24 12:27:36,148 INFO trader_dost_arun.ops.alerts telegram disabled: ⚠️ <b>Health warning</b> bybit: score=30.0, p95=8549.4ms, stale=23.1s, reconnects=0
2026-07-24 12:27:36,167 INFO trader_dost_arun.ops.alerts telegram disabled: ⚠️ <b>Health warning</b> bybit: score=30.0, p95=8549.4ms, stale=23.1s, reconnects=0
2026-07-24 12:27:36,185 INFO trader_dost_arun.ops.alerts telegram disabled: ⚠️ <b>Health warning</b> bybit: score=30.0, p95=8549.4ms, stale=23.1s, reconnects=0
2026-07-24 12:27:36,202 INFO trader_dost_arun.ops.alerts telegram disabled: ⚠️ <b>Health warning</b> bybit: score=30.0, p95=8549.4ms, stale=23.1s, reconnects=0
2026-07-24 12:27:36,227 INFO trader_dost_arun.ops.alerts telegram disabled: ⚠️ <b>Health warning</b> bybit: score=30.0, p95=8549.4ms, stale=23.2s, reconnects=0
2026-07-24 12:27:36,244 INFO trader_dost_arun.ops.alerts telegram disabled: ⚠️ <b>Health warning</b> bybit: score=30.0, p95=8549.4ms, stale=23.2s, reconnects=0
2026-07-24 12:27:36,263 INFO trader_dost_arun.ops.alerts telegram disabled: ⚠️ <b>Health warning</b> bybit: score=30.0, p95=8549.4ms, stale=23.2s, reconnects=0
2026-07-24 12:27:36,281 INFO trader_dost_arun.ops.alerts telegram disabled: ⚠️ <b>Health warning</b> bybit: score=30.0, p95=8549.4ms, stale=23.2s, reconnects=0
2026-07-24 12:27:36,301 INFO trader_dost_arun.ops.alerts telegram disabled: ⚠️ <b>Health warning</b> bybit: score=30.0, p95=8549.4ms, stale=23.2s, reconnects=0
2026-07-24 12:27:36,319 INFO trader_dost_arun.ops.alerts telegram disabled: ⚠️ <b>Health warning</b> bybit: score=30.0, p95=8549.4ms, stale=23.3s, reconnects=0
2026-07-24 12:27:36,338 INFO trader_dost_arun.ops.alerts telegram disabled: ⚠️ <b>Health warning</b> bybit: score=30.0, p95=8549.4ms, stale=23.3s, reconnects=0
2026-07-24 12:27:36,356 INFO trader_dost_arun.ops.alerts telegram disabled: ⚠️ <b>Health warning</b> bybit: score=30.0, p95=8549.4ms, stale=23.3s, reconnects=0
2026-07-24 12:27:36,376 INFO trader_dost_arun.ops.alerts telegram disabled: ⚠️ <b>Health warning</b> bybit: score=30.0, p95=8549.4ms, stale=23.3s, reconnects=0
2026-07-24 12:27:36,399 INFO trader_dost_arun.ops.alerts telegram disabled: ⚠️ <b>Health warning</b> bybit: score=30.0, p95=8549.4ms, stale=23.3s, reconnects=0
2026-07-24 12:27:36,419 INFO trader_dost_arun.ops.alerts telegram disabled: ⚠️ <b>Health warning</b> bybit: score=30.0, p95=8549.4ms, stale=23.4s, reconnects=0
2026-07-24 12:27:36,437 INFO trader_dost_arun.ops.alerts telegram disabled: ⚠️ <b>Health warning</b> bybit: score=30.0, p95=8549.4ms, stale=23.4s, reconnects=0
2026-07-24 12:27:36,455 INFO trader_dost_arun.ops.alerts telegram disabled: ⚠️ <b>Health warning</b> bybit: score=30.0, p95=8549.4ms, stale=23.4s, reconnects=0
2026-07-24 12:27:36,474 INFO trader_dost_arun.ops.alerts telegram disabled: ⚠️ <b>Health warning</b> bybit: score=30.0, p95=8549.4ms, stale=23.4s, reconnects=0
2026-07-24 12:27:36,494 INFO trader_dost_arun.ops.alerts telegram disabled: ⚠️ <b>Health warning</b> bybit: score=30.0, p95=8549.4ms, stale=23.4s, reconnects=0
2026-07-24 12:27:36,512 INFO trader_dost_arun.ops.alerts telegram disabled: ⚠️ <b>Health warning</b> bybit: score=30.0, p95=8549.4ms, stale=23.4s, reconnects=0
2026-07-24 12:27:36,531 INFO trader_dost_arun.ops.alerts telegram disabled: ⚠️ <b>Health warning</b> bybit: score=30.0, p95=8549.4ms, stale=23.5s, reconnects=0
2026-07-24 12:27:36,550 INFO trader_dost_arun.ops.alerts telegram disabled: ⚠️ <b>Health warning</b> bybit: score=30.0, p95=8549.4ms, stale=23.5s, reconnects=0
2026-07-24 12:27:36,574 INFO trader_dost_arun.ops.alerts telegram disabled: ⚠️ <b>Health warning</b> bybit: score=30.0, p95=8549.4ms, stale=23.5s, reconnects=0
2026-07-24 12:27:36,592 INFO trader_dost_arun.ops.alerts telegram disabled: ⚠️ <b>Health warning</b> bybit: score=30.0, p95=8549.4ms, stale=23.5s, reconnects=0
2026-07-24 12:27:36,611 INFO trader_dost_arun.ops.alerts telegram disabled: ⚠️ <b>Health warning</b> bybit: score=30.0, p95=8549.4ms, stale=23.5s, reconnects=0
2026-07-24 12:27:36,629 INFO trader_dost_arun.ops.alerts telegram disabled: ⚠️ <b>Health warning</b> bybit: score=30.0, p95=8549.4ms, stale=23.6s, reconnects=0
2026-07-24 12:27:36,646 INFO trader_dost_arun.ops.alerts telegram disabled: ⚠️ <b>Health warning</b> bybit: score=30.0, p95=8549.4ms, stale=23.6s, reconnects=0
2026-07-24 12:27:36,663 INFO trader_dost_arun.ops.alerts telegram disabled: ⚠️ <b>Health warning</b> bybit: score=30.0, p95=8549.4ms, stale=23.6s, reconnects=0
2026-07-24 12:27:36,681 INFO trader_dost_arun.ops.alerts telegram disabled: ⚠️ <b>Health warning</b> bybit: score=30.0, p95=8549.4ms, stale=23.6s, reconnects=0
2026-07-24 12:27:36,699 INFO trader_dost_arun.ops.alerts telegram disabled: ⚠️ <b>Health warning</b> bybit: score=30.0, p95=8549.4ms, stale=23.6s, reconnects=0
2026-07-24 12:27:36,719 INFO trader_dost_arun.ops.alerts telegram disabled: ⚠️ <b>Health warning</b> bybit: score=30.0, p95=8549.4ms, stale=23.7s, reconnects=0
2026-07-24 12:27:36,737 INFO trader_dost_arun.ops.alerts telegram disabled: ⚠️ <b>Health warning</b> bybit: score=30.0, p95=8549.4ms, stale=23.7s, reconnects=0
2026-07-24 12:27:36,755 INFO trader_dost_arun.ops.alerts telegram disabled: ⚠️ <b>Health warning</b> bybit: score=30.0, p95=8549.4ms, stale=23.7s, reconnects=0
2026-07-24 12:27:36,773 INFO trader_dost_arun.ops.alerts telegram disabled: ⚠️ <b>Health warning</b> bybit: score=30.0, p95=8549.4ms, stale=23.7s, reconnects=0
2026-07-24 12:27:36,790 INFO trader_dost_arun.ops.alerts telegram disabled: ⚠️ <b>Health warning</b> bybit: score=30.0, p95=8549.4ms, stale=23.7s, reconnects=0
2026-07-24 12:27:36,808 INFO trader_dost_arun.ops.alerts telegram disabled: ⚠️ <b>Health warning</b> bybit: score=30.0, p95=8549.4ms, stale=23.7s, reconnects=0
2026-07-24 12:27:36,825 INFO trader_dost_arun.ops.alerts telegram disabled: ⚠️ <b>Health warning</b> bybit: score=30.0, p95=8549.4ms, stale=23.8s, reconnects=0
2026-07-24 12:27:36,842 INFO trader_dost_arun.ops.alerts telegram disabled: ⚠️ <b>Health warning</b> bybit: score=30.0, p95=8549.4ms, stale=23.8s, reconnects=0
2026-07-24 12:27:36,860 INFO trader_dost_arun.ops.alerts telegram disabled: ⚠️ <b>Health warning</b> bybit: score=30.0, p95=8549.4ms, stale=23.8s, reconnects=0
2026-07-24 12:27:36,878 INFO trader_dost_arun.ops.alerts telegram disabled: ⚠️ <b>Health warning</b> bybit: score=30.0, p95=8549.4ms, stale=23.8s, reconnects=0
2026-07-24 12:27:36,901 INFO trader_dost_arun.ops.alerts telegram disabled: ⚠️ <b>Health warning</b> bybit: score=30.0, p95=8549.4ms, stale=23.8s, reconnects=0
2026-07-24 12:27:36,919 INFO trader_dost_arun.ops.alerts telegram disabled: ⚠️ <b>Health warning</b> bybit: score=30.0, p95=8549.4ms, stale=23.9s, reconnects=0
2026-07-24 12:27:36,939 INFO trader_dost_arun.ops.alerts telegram disabled: ⚠️ <b>Health warning</b> bybit: score=30.0, p95=8549.4ms, stale=23.9s, reconnects=0
2026-07-24 12:27:36,958 INFO trader_dost_arun.ops.alerts telegram disabled: ⚠️ <b>Health warning</b> bybit: score=30.0, p95=8549.4ms, stale=23.9s, reconnects=0
2026-07-24 12:27:36,975 INFO trader_dost_arun.ops.alerts telegram disabled: ⚠️ <b>Health warning</b> bybit: score=30.0, p95=8549.4ms, stale=23.9s, reconnects=0
2026-07-24 12:27:36,993 INFO trader_dost_arun.ops.alerts telegram disabled: ⚠️ <b>Health warning</b> bybit: score=30.0, p95=8549.4ms, stale=23.9s, reconnects=0
2026-07-24 12:27:37,011 INFO trader_dost_arun.ops.alerts telegram disabled: ⚠️ <b>Health warning</b> bybit: score=30.0, p95=8549.4ms, stale=23.9s, reconnects=0
2026-07-24 12:27:37,029 INFO trader_dost_arun.ops.alerts telegram disabled: ⚠️ <b>Health warning</b> bybit: score=30.0, p95=8549.4ms, stale=24.0s, reconnects=0
2026-07-24 12:27:37,047 INFO trader_dost_arun.ops.alerts telegram disabled: ⚠️ <b>Health warning</b> bybit: score=30.0, p95=8549.4ms, stale=24.0s, reconnects=0
2026-07-24 12:27:37,065 INFO trader_dost_arun.ops.alerts telegram disabled: ⚠️ <b>Health warning</b> bybit: score=30.0, p95=8549.4ms, stale=24.0s, reconnects=0
2026-07-24 12:27:37,083 INFO trader_dost_arun.ops.alerts telegram disabled: ⚠️ <b>Health warning</b> bybit: score=30.0, p95=8549.4ms, stale=24.0s, reconnects=0
2026-07-24 12:27:37,101 INFO trader_dost_arun.ops.alerts telegram disabled: ⚠️ <b>Health warning</b> bybit: score=30.0, p95=8549.4ms, stale=24.0s, reconnects=0
2026-07-24 12:27:37,119 INFO trader_dost_arun.ops.alerts telegram disabled: ⚠️ <b>Health warning</b> bybit: score=30.0, p95=8549.4ms, stale=24.1s, reconnects=0
2026-07-24 12:27:37,138 INFO trader_dost_arun.ops.alerts telegram disabled: ⚠️ <b>Health warning</b> bybit: score=30.0, p95=8549.4ms, stale=24.1s, reconnects=0
2026-07-24 12:27:37,160 INFO trader_dost_arun.ops.alerts telegram disabled: ⚠️ <b>Health warning</b> bybit: score=30.0, p95=8549.4ms, stale=24.1s, reconnects=0
2026-07-24 12:27:37,179 INFO trader_dost_arun.ops.alerts telegram disabled: ⚠️ <b>Health warning</b> bybit: score=30.0, p95=8549.4ms, stale=24.1s, reconnects=0
2026-07-24 12:27:37,197 INFO trader_dost_arun.ops.alerts telegram disabled: ⚠️ <b>Health warning</b> bybit: score=30.0, p95=8549.4ms, stale=24.1s, reconnects=0
2026-07-24 12:27:37,216 INFO trader_dost_arun.ops.alerts telegram disabled: ⚠️ <b>Health warning</b> bybit: score=30.0, p95=8549.4ms, stale=24.1s, reconnects=0
2026-07-24 12:27:37,235 INFO trader_dost_arun.ops.alerts telegram disabled: ⚠️ <b>Health warning</b> bybit: score=30.0, p95=8549.4ms, stale=24.2s, reconnects=0
2026-07-24 12:27:37,260 INFO trader_dost_arun.ops.alerts telegram disabled: ⚠️ <b>Health warning</b> bybit: score=30.0, p95=8549.4ms, stale=24.2s, reconnects=0
2026-07-24 12:27:37,279 INFO trader_dost_arun.ops.alerts telegram disabled: ⚠️ <b>Health warning</b> bybit: score=30.0, p95=8549.4ms, stale=24.2s, reconnects=0
2026-07-24 12:27:37,298 INFO trader_dost_arun.ops.alerts telegram disabled: ⚠️ <b>Health warning</b> bybit: score=30.0, p95=8549.4ms, stale=24.2s, reconnects=0
2026-07-24 12:27:37,316 INFO trader_dost_arun.ops.alerts telegram disabled: ⚠️ <b>Health warning</b> bybit: score=30.0, p95=8549.4ms, stale=24.2s, reconnects=0
2026-07-24 12:27:37,335 INFO trader_dost_arun.ops.alerts telegram disabled: ⚠️ <b>Health warning</b> bybit: score=30.0, p95=8549.4ms, stale=24.3s, reconnects=0
2026-07-24 12:27:37,354 INFO trader_dost_arun.ops.alerts telegram disabled: ⚠️ <b>Health warning</b> bybit: score=30.0, p95=8549.4ms, stale=24.3s, reconnects=0
2026-07-24 12:27:37,374 INFO trader_dost_arun.ops.alerts telegram disabled: ⚠️ <b>Health warning</b> bybit: score=30.0, p95=8549.4ms, stale=24.3s, reconnects=0
2026-07-24 12:27:37,393 INFO trader_dost_arun.ops.alerts telegram disabled: ⚠️ <b>Health warning</b> bybit: score=30.0, p95=8549.4ms, stale=24.3s, reconnects=0
2026-07-24 12:27:37,411 INFO trader_dost_arun.ops.alerts telegram disabled: ⚠️ <b>Health warning</b> bybit: score=30.0, p95=8549.4ms, stale=24.3s, reconnects=0
2026-07-24 12:27:37,429 INFO trader_dost_arun.ops.alerts telegram disabled: ⚠️ <b>Health warning</b> bybit: score=30.0, p95=8549.4ms, stale=24.4s, reconnects=0
2026-07-24 12:27:37,448 INFO trader_dost_arun.ops.alerts telegram disabled: ⚠️ <b>Health warning</b> bybit: score=30.0, p95=8549.4ms, stale=24.4s, reconnects=0
2026-07-24 12:27:37,467 INFO trader_dost_arun.ops.alerts telegram disabled: ⚠️ <b>Health warning</b> bybit: score=30.0, p95=8549.4ms, stale=24.4s, reconnects=0
2026-07-24 12:27:37,486 INFO trader_dost_arun.ops.alerts telegram disabled: ⚠️ <b>Health warning</b> bybit: score=30.0, p95=8549.4ms, stale=24.4s, reconnects=0
2026-07-24 12:27:37,505 INFO trader_dost_arun.ops.alerts telegram disabled: ⚠️ <b>Health warning</b> bybit: score=30.0, p95=8549.4ms, stale=24.4s, reconnects=0
2026-07-24 12:27:37,523 INFO trader_dost_arun.ops.alerts telegram disabled: ⚠️ <b>Health warning</b> bybit: score=30.0, p95=8549.4ms, stale=24.5s, reconnects=0
2026-07-24 12:27:37,543 INFO trader_dost_arun.ops.alerts telegram disabled: ⚠️ <b>Health warning</b> bybit: score=30.0, p95=8549.4ms, stale=24.5s, reconnects=0
2026-07-24 12:27:37,562 INFO trader_dost_arun.ops.alerts telegram disabled: ⚠️ <b>Health warning</b> bybit: score=30.0, p95=8549.4ms, stale=24.5s, reconnects=0
2026-07-24 12:27:37,581 INFO trader_dost_arun.ops.alerts telegram disabled: ⚠️ <b>Health warning</b> bybit: score=30.0, p95=8549.4ms, stale=24.5s, reconnects=0
2026-07-24 12:27:37,608 INFO trader_dost_arun.ops.alerts telegram disabled: ⚠️ <b>Health warning</b> bybit: score=30.0, p95=8549.4ms, stale=24.5s, reconnects=0
2026-07-24 12:27:37,627 INFO trader_dost_arun.ops.alerts telegram disabled: ⚠️ <b>Health warning</b> bybit: score=30.0, p95=8549.4ms, stale=24.6s, reconnects=0
2026-07-24 12:27:37,645 INFO trader_dost_arun.ops.alerts telegram disabled: ⚠️ <b>Health warning</b> bybit: score=30.0, p95=8549.4ms, stale=24.6s, reconnects=0
2026-07-24 12:27:37,664 INFO trader_dost_arun.ops.alerts telegram disabled: ⚠️ <b>Health warning</b> bybit: score=30.0, p95=8549.4ms, stale=24.6s, reconnects=0
2026-07-24 12:27:37,683 INFO trader_dost_arun.ops.alerts telegram disabled: ⚠️ <b>Health warning</b> bybit: score=30.0, p95=8549.4ms, stale=24.6s, reconnects=0
2026-07-24 12:27:37,701 INFO trader_dost_arun.ops.alerts telegram disabled: ⚠️ <b>Health warning</b> bybit: score=30.0, p95=8549.4ms, stale=24.6s, reconnects=0
2026-07-24 12:27:37,721 INFO trader_dost_arun.ops.alerts telegram disabled: ⚠️ <b>Health warning</b> bybit: score=30.0, p95=8549.4ms, stale=24.7s, reconnects=0
2026-07-24 12:27:37,741 INFO trader_dost_arun.ops.alerts telegram disabled: ⚠️ <b>Health warning</b> bybit: score=30.0, p95=8549.4ms, stale=24.7s, reconnects=0
2026-07-24 12:27:37,760 INFO trader_dost_arun.ops.alerts telegram disabled: ⚠️ <b>Health warning</b> bybit: score=30.0, p95=8549.4ms, stale=24.7s, reconnects=0
2026-07-24 12:27:37,777 INFO trader_dost_arun.ops.alerts telegram disabled: ⚠️ <b>Health warning</b> bybit: score=30.0, p95=8549.4ms, stale=24.7s, reconnects=0
2026-07-24 12:27:37,796 INFO trader_dost_arun.ops.alerts telegram disabled: ⚠️ <b>Health warning</b> bybit: score=30.0, p95=8549.4ms, stale=24.7s, reconnects=0
2026-07-24 12:27:37,814 INFO trader_dost_arun.ops.alerts telegram disabled: ⚠️ <b>Health warning</b> bybit: score=30.0, p95=8549.4ms, stale=24.7s, reconnects=0
2026-07-24 12:27:37,832 INFO trader_dost_arun.ops.alerts telegram disabled: ⚠️ <b>Health warning</b> bybit: score=30.0, p95=8549.4ms, stale=24.8s, reconnects=0
2026-07-24 12:27:37,850 INFO trader_dost_arun.ops.alerts telegram disabled: ⚠️ <b>Health warning</b> bybit: score=30.0, p95=8549.4ms, stale=24.8s, reconnects=0
2026-07-24 12:27:37,868 INFO trader_dost_arun.ops.alerts telegram disabled: ⚠️ <b>Health warning</b> bybit: score=30.0, p95=8549.4ms, stale=24.8s, reconnects=0
2026-07-24 12:27:37,888 INFO trader_dost_arun.ops.alerts telegram disabled: ⚠️ <b>Health warning</b> bybit: score=30.0, p95=8549.4ms, stale=24.8s, reconnects=0
2026-07-24 12:27:37,906 INFO trader_dost_arun.ops.alerts telegram disabled: ⚠️ <b>Health warning</b> bybit: score=30.0, p95=8549.4ms, stale=24.8s, reconnects=0
2026-07-24 12:27:37,926 INFO trader_dost_arun.ops.alerts telegram disabled: ⚠️ <b>Health warning</b> bybit: score=30.0, p95=8549.4ms, stale=24.9s, reconnects=0
2026-07-24 12:27:37,945 INFO trader_dost_arun.ops.alerts telegram disabled: ⚠️ <b>Health warning</b> bybit: score=30.0, p95=8549.4ms, stale=24.9s, reconnects=0
2026-07-24 12:27:37,971 INFO trader_dost_arun.ops.alerts telegram disabled: ⚠️ <b>Health warning</b> bybit: score=30.0, p95=8549.4ms, stale=24.9s, reconnects=0
2026-07-24 12:27:37,992 INFO trader_dost_arun.ops.alerts telegram disabled: ⚠️ <b>Health warning</b> bybit: score=30.0, p95=8549.4ms, stale=24.9s, reconnects=0
2026-07-24 12:27:38,012 INFO trader_dost_arun.ops.alerts telegram disabled: ⚠️ <b>Health warning</b> bybit: score=30.0, p95=8549.4ms, stale=24.9s, reconnects=0
2026-07-24 12:27:38,033 INFO trader_dost_arun.ops.alerts telegram disabled: ⚠️ <b>Health warning</b> bybit: score=30.0, p95=8549.4ms, stale=25.0s, reconnects=0
2026-07-24 12:27:38,052 INFO trader_dost_arun.ops.alerts telegram disabled: ⚠️ <b>Health warning</b> bybit: score=30.0, p95=8549.4ms, stale=25.0s, reconnects=0
2026-07-24 12:27:38,072 INFO trader_dost_arun.ops.alerts telegram disabled: ⚠️ <b>Health warning</b> bybit: score=30.0, p95=8549.4ms, stale=25.0s, reconnects=0
2026-07-24 12:27:38,091 INFO trader_dost_arun.ops.alerts telegram disabled: ⚠️ <b>Health warning</b> bybit: score=30.0, p95=8549.4ms, stale=25.0s, reconnects=0
2026-07-24 12:27:38,111 INFO trader_dost_arun.ops.alerts telegram disabled: ⚠️ <b>Health warning</b> bybit: score=30.0, p95=8549.4ms, stale=25.0s, reconnects=0
2026-07-24 12:27:38,130 INFO trader_dost_arun.ops.alerts telegram disabled: ⚠️ <b>Health warning</b> bybit: score=30.0, p95=8549.4ms, stale=25.1s, reconnects=0
2026-07-24 12:27:38,150 INFO trader_dost_arun.ops.alerts telegram disabled: ⚠️ <b>Health warning</b> bybit: score=30.0, p95=8549.4ms, stale=25.1s, reconnects=0
2026-07-24 12:27:38,171 INFO trader_dost_arun.ops.alerts telegram disabled: ⚠️ <b>Health warning</b> bybit: score=30.0, p95=8549.4ms, stale=25.1s, reconnects=0
2026-07-24 12:27:38,190 INFO trader_dost_arun.ops.alerts telegram disabled: ⚠️ <b>Health warning</b> bybit: score=30.0, p95=8549.4ms, stale=25.1s, reconnects=0
2026-07-24 12:27:38,210 INFO trader_dost_arun.ops.alerts telegram disabled: ⚠️ <b>Health warning</b> bybit: score=30.0, p95=8549.4ms, stale=25.1s, reconnects=0
2026-07-24 12:27:38,231 INFO trader_dost_arun.ops.alerts telegram disabled: ⚠️ <b>Health warning</b> bybit: score=30.0, p95=8549.4ms, stale=25.2s, reconnects=0
2026-07-24 12:27:38,250 INFO trader_dost_arun.ops.alerts telegram disabled: ⚠️ <b>Health warning</b> bybit: score=30.0, p95=8549.4ms, stale=25.2s, reconnects=0
2026-07-24 12:27:38,271 INFO trader_dost_arun.ops.alerts telegram disabled: ⚠️ <b>Health warning</b> bybit: score=30.0, p95=8549.4ms, stale=25.2s, reconnects=0
2026-07-24 12:27:38,291 INFO trader_dost_arun.ops.alerts telegram disabled: ⚠️ <b>Health warning</b> bybit: score=30.0, p95=8549.4ms, stale=25.2s, reconnects=0
2026-07-24 12:27:38,310 INFO trader_dost_arun.ops.alerts telegram disabled: ⚠️ <b>Health warning</b> bybit: score=30.0, p95=8549.4ms, stale=25.2s, reconnects=0
2026-07-24 12:27:38,335 INFO trader_dost_arun.ops.alerts telegram disabled: ⚠️ <b>Health warning</b> bybit: score=30.0, p95=8549.4ms, stale=25.3s, reconnects=0
2026-07-24 12:27:38,355 INFO trader_dost_arun.ops.alerts telegram disabled: ⚠️ <b>Health warning</b> bybit: score=30.0, p95=8549.4ms, stale=25.3s, reconnects=0
2026-07-24 12:27:38,375 INFO trader_dost_arun.ops.alerts telegram disabled: ⚠️ <b>Health warning</b> bybit: score=30.0, p95=8549.4ms, stale=25.3s, reconnects=0
2026-07-24 12:27:38,395 INFO trader_dost_arun.ops.alerts telegram disabled: ⚠️ <b>Health warning</b> bybit: score=30.0, p95=8549.4ms, stale=25.3s, reconnects=0
2026-07-24 12:27:38,415 INFO trader_dost_arun.ops.alerts telegram disabled: ⚠️ <b>Health warning</b> bybit: score=30.0, p95=8549.4ms, stale=25.3s, reconnects=0
2026-07-24 12:27:38,434 INFO trader_dost_arun.ops.alerts telegram disabled: ⚠️ <b>Health warning</b> bybit: score=30.0, p95=8549.4ms, stale=25.4s, reconnects=0
2026-07-24 12:27:38,455 INFO trader_dost_arun.ops.alerts telegram disabled: ⚠️ <b>Health warning</b> bybit: score=30.0, p95=8549.4ms, stale=25.4s, reconnects=0
2026-07-24 12:27:38,477 INFO trader_dost_arun.ops.alerts telegram disabled: ⚠️ <b>Health warning</b> bybit: score=30.0, p95=8549.4ms, stale=25.4s, reconnects=0
2026-07-24 12:27:38,497 INFO trader_dost_arun.ops.alerts telegram disabled: ⚠️ <b>Health warning</b> bybit: score=30.0, p95=8549.4ms, stale=25.4s, reconnects=0
2026-07-24 12:27:38,516 INFO trader_dost_arun.ops.alerts telegram disabled: ⚠️ <b>Health warning</b> bybit: score=30.0, p95=8549.4ms, stale=25.4s, reconnects=0
2026-07-24 12:27:38,536 INFO trader_dost_arun.ops.alerts telegram disabled: ⚠️ <b>Health warning</b> bybit: score=30.0, p95=8549.4ms, stale=25.5s, reconnects=0
2026-07-24 12:27:38,555 INFO trader_dost_arun.ops.alerts telegram disabled: ⚠️ <b>Health warning</b> bybit: score=30.0, p95=8549.4ms, stale=25.5s, reconnects=0
2026-07-24 12:27:38,575 INFO trader_dost_arun.ops.alerts telegram disabled: ⚠️ <b>Health warning</b> bybit: score=30.0, p95=8549.4ms, stale=25.5s, reconnects=0
2026-07-24 12:27:38,594 INFO trader_dost_arun.ops.alerts telegram disabled: ⚠️ <b>Health warning</b> bybit: score=30.0, p95=8549.4ms, stale=25.5s, reconnects=0
2026-07-24 12:27:38,613 INFO trader_dost_arun.ops.alerts telegram disabled: ⚠️ <b>Health warning</b> bybit: score=30.0, p95=8549.4ms, stale=25.5s, reconnects=0
2026-07-24 12:27:38,634 INFO trader_dost_arun.ops.alerts telegram disabled: ⚠️ <b>Health warning</b> bybit: score=30.0, p95=8549.4ms, stale=25.6s, reconnects=0
2026-07-24 12:27:38,654 INFO trader_dost_arun.ops.alerts telegram disabled: ⚠️ <b>Health warning</b> bybit: score=30.0, p95=8549.4ms, stale=25.6s, reconnects=0
2026-07-24 12:27:38,673 INFO trader_dost_arun.ops.alerts telegram disabled: ⚠️ <b>Health warning</b> bybit: score=30.0, p95=8549.4ms, stale=25.6s, reconnects=0
2026-07-24 12:27:38,698 INFO trader_dost_arun.ops.alerts telegram disabled: ⚠️ <b>Health warning</b> bybit: score=30.0, p95=8549.4ms, stale=25.6s, reconnects=0
2026-07-24 12:27:38,716 INFO trader_dost_arun.ops.alerts telegram disabled: ⚠️ <b>Health warning</b> bybit: score=30.0, p95=8549.4ms, stale=25.6s, reconnects=0
2026-07-24 12:27:38,737 INFO trader_dost_arun.ops.alerts telegram disabled: ⚠️ <b>Health warning</b> bybit: score=30.0, p95=8549.4ms, stale=25.7s, reconnects=0
2026-07-24 12:27:38,755 INFO trader_dost_arun.ops.alerts telegram disabled: ⚠️ <b>Health warning</b> bybit: score=30.0, p95=8549.4ms, stale=25.7s, reconnects=0
2026-07-24 12:27:38,773 INFO trader_dost_arun.ops.alerts telegram disabled: ⚠️ <b>Health warning</b> bybit: score=30.0, p95=8549.4ms, stale=25.7s, reconnects=0
2026-07-24 12:27:38,791 INFO trader_dost_arun.ops.alerts telegram disabled: ⚠️ <b>Health warning</b> bybit: score=30.0, p95=8549.4ms, stale=25.7s, reconnects=0
2026-07-24 12:27:38,810 INFO trader_dost_arun.ops.alerts telegram disabled: ⚠️ <b>Health warning</b> bybit: score=30.0, p95=8549.4ms, stale=25.7s, reconnects=0
2026-07-24 12:27:38,827 INFO trader_dost_arun.ops.alerts telegram disabled: ⚠️ <b>Health warning</b> bybit: score=30.0, p95=8549.4ms, stale=25.8s, reconnects=0
2026-07-24 12:27:38,846 INFO trader_dost_arun.ops.alerts telegram disabled: ⚠️ <b>Health warning</b> bybit: score=30.0, p95=8549.4ms, stale=25.8s, reconnects=0
2026-07-24 12:27:38,864 INFO trader_dost_arun.ops.alerts telegram disabled: ⚠️ <b>Health warning</b> bybit: score=30.0, p95=8549.4ms, stale=25.8s, reconnects=0
2026-07-24 12:27:38,882 INFO trader_dost_arun.ops.alerts telegram disabled: ⚠️ <b>Health warning</b> bybit: score=30.0, p95=8549.4ms, stale=25.8s, reconnects=0
2026-07-24 12:27:38,901 INFO trader_dost_arun.ops.alerts telegram disabled: ⚠️ <b>Health warning</b> bybit: score=30.0, p95=8549.4ms, stale=25.8s, reconnects=0
2026-07-24 12:27:38,920 INFO trader_dost_arun.ops.alerts telegram disabled: ⚠️ <b>Health warning</b> bybit: score=30.0, p95=8549.4ms, stale=25.9s, reconnects=0
2026-07-24 12:27:38,938 INFO trader_dost_arun.ops.alerts telegram disabled: ⚠️ <b>Health warning</b> bybit: score=30.0, p95=8549.4ms, stale=25.9s, reconnects=0
2026-07-24 12:27:38,958 INFO trader_dost_arun.ops.alerts telegram disabled: ⚠️ <b>Health warning</b> bybit: score=30.0, p95=8549.4ms, stale=25.9s, reconnects=0
2026-07-24 12:27:38,978 INFO trader_dost_arun.ops.alerts telegram disabled: ⚠️ <b>Health warning</b> bybit: score=30.0, p95=8549.4ms, stale=25.9s, reconnects=0
2026-07-24 12:27:38,996 INFO trader_dost_arun.ops.alerts telegram disabled: ⚠️ <b>Health warning</b> bybit: score=30.0, p95=8549.4ms, stale=25.9s, reconnects=0
2026-07-24 12:27:39,014 INFO trader_dost_arun.ops.alerts telegram disabled: ⚠️ <b>Health warning</b> bybit: score=30.0, p95=8549.4ms, stale=25.9s, reconnects=0
2026-07-24 12:27:39,032 INFO trader_dost_arun.ops.alerts telegram disabled: ⚠️ <b>Health warning</b> bybit: score=30.0, p95=8549.4ms, stale=26.0s, reconnects=0
2026-07-24 12:27:39,057 INFO trader_dost_arun.ops.alerts telegram disabled: ⚠️ <b>Health warning</b> bybit: score=30.0, p95=8549.4ms, stale=26.0s, reconnects=0
2026-07-24 12:27:39,076 INFO trader_dost_arun.ops.alerts telegram disabled: ⚠️ <b>Health warning</b> bybit: score=30.0, p95=8549.4ms, stale=26.0s, reconnects=0
2026-07-24 12:27:39,095 INFO trader_dost_arun.ops.alerts telegram disabled: ⚠️ <b>Health warning</b> bybit: score=30.0, p95=8549.4ms, stale=26.0s, reconnects=0
2026-07-24 12:27:39,114 INFO trader_dost_arun.ops.alerts telegram disabled: ⚠️ <b>Health warning</b> bybit: score=30.0, p95=8549.4ms, stale=26.0s, reconnects=0
2026-07-24 12:27:39,133 INFO trader_dost_arun.ops.alerts telegram disabled: ⚠️ <b>Health warning</b> bybit: score=30.0, p95=8549.4ms, stale=26.1s, reconnects=0
2026-07-24 12:27:39,151 INFO trader_dost_arun.ops.alerts telegram disabled: ⚠️ <b>Health warning</b> bybit: score=30.0, p95=8549.4ms, stale=26.1s, reconnects=0
2026-07-24 12:27:39,170 INFO trader_dost_arun.ops.alerts telegram disabled: ⚠️ <b>Health warning</b> bybit: score=30.0, p95=8549.4ms, stale=26.1s, reconnects=0
2026-07-24 12:27:39,189 INFO trader_dost_arun.ops.alerts telegram disabled: ⚠️ <b>Health warning</b> bybit: score=30.0, p95=8549.4ms, stale=26.1s, reconnects=0
2026-07-24 12:27:39,208 INFO trader_dost_arun.ops.alerts telegram disabled: ⚠️ <b>Health warning</b> bybit: score=30.0, p95=8549.4ms, stale=26.1s, reconnects=0
2026-07-24 12:27:39,227 INFO trader_dost_arun.ops.alerts telegram disabled: ⚠️ <b>Health warning</b> bybit: score=30.0, p95=8549.4ms, stale=26.2s, reconnects=0
2026-07-24 12:27:39,245 INFO trader_dost_arun.ops.alerts telegram disabled: ⚠️ <b>Health warning</b> bybit: score=30.0, p95=8549.4ms, stale=26.2s, reconnects=0
2026-07-24 12:27:39,264 INFO trader_dost_arun.ops.alerts telegram disabled: ⚠️ <b>Health warning</b> bybit: score=30.0, p95=8549.4ms, stale=26.2s, reconnects=0
2026-07-24 12:27:39,284 INFO trader_dost_arun.ops.alerts telegram disabled: ⚠️ <b>Health warning</b> bybit: score=30.0, p95=8549.4ms, stale=26.2s, reconnects=0
2026-07-24 12:27:39,303 INFO trader_dost_arun.ops.alerts telegram disabled: ⚠️ <b>Health warning</b> bybit: score=30.0, p95=8549.4ms, stale=26.2s, reconnects=0
2026-07-24 12:27:39,324 INFO trader_dost_arun.ops.alerts telegram disabled: ⚠️ <b>Health warning</b> bybit: score=30.0, p95=8549.4ms, stale=26.3s, reconnects=0
2026-07-24 12:27:39,343 INFO trader_dost_arun.ops.alerts telegram disabled: ⚠️ <b>Health warning</b> bybit: score=30.0, p95=8549.4ms, stale=26.3s, reconnects=0
2026-07-24 12:27:39,363 INFO trader_dost_arun.ops.alerts telegram disabled: ⚠️ <b>Health warning</b> bybit: score=30.0, p95=8549.4ms, stale=26.3s, reconnects=0
2026-07-24 12:27:39,383 INFO trader_dost_arun.ops.alerts telegram disabled: ⚠️ <b>Health warning</b> bybit: score=30.0, p95=8549.4ms, stale=26.3s, reconnects=0
2026-07-24 12:27:39,408 INFO trader_dost_arun.ops.alerts telegram disabled: ⚠️ <b>Health warning</b> bybit: score=30.0, p95=8549.4ms, stale=26.3s, reconnects=0
2026-07-24 12:27:39,427 INFO trader_dost_arun.ops.alerts telegram disabled: ⚠️ <b>Health warning</b> bybit: score=30.0, p95=8549.4ms, stale=26.4s, reconnects=0
2026-07-24 12:27:39,446 INFO trader_dost_arun.ops.alerts telegram disabled: ⚠️ <b>Health warning</b> bybit: score=30.0, p95=8549.4ms, stale=26.4s, reconnects=0
2026-07-24 12:27:39,465 INFO trader_dost_arun.ops.alerts telegram disabled: ⚠️ <b>Health warning</b> bybit: score=30.0, p95=8549.4ms, stale=26.4s, reconnects=0
2026-07-24 12:27:39,485 INFO trader_dost_arun.ops.alerts telegram disabled: ⚠️ <b>Health warning</b> bybit: score=30.0, p95=8549.4ms, stale=26.4s, reconnects=0
2026-07-24 12:27:39,504 INFO trader_dost_arun.ops.alerts telegram disabled: ⚠️ <b>Health warning</b> bybit: score=30.0, p95=8549.4ms, stale=26.4s, reconnects=0
2026-07-24 12:27:39,523 INFO trader_dost_arun.ops.alerts telegram disabled: ⚠️ <b>Health warning</b> bybit: score=30.0, p95=8549.4ms, stale=26.5s, reconnects=0
2026-07-24 12:27:39,542 INFO trader_dost_arun.ops.alerts telegram disabled: ⚠️ <b>Health warning</b> bybit: score=30.0, p95=8549.4ms, stale=26.5s, reconnects=0
2026-07-24 12:27:39,562 INFO trader_dost_arun.ops.alerts telegram disabled: ⚠️ <b>Health warning</b> bybit: score=30.0, p95=8549.4ms, stale=26.5s, reconnects=0
2026-07-24 12:27:39,582 INFO trader_dost_arun.ops.alerts telegram disabled: ⚠️ <b>Health warning</b> bybit: score=30.0, p95=8549.4ms, stale=26.5s, reconnects=0
2026-07-24 12:27:39,602 INFO trader_dost_arun.ops.alerts telegram disabled: ⚠️ <b>Health warning</b> bybit: score=30.0, p95=8549.4ms, stale=26.5s, reconnects=0
2026-07-24 12:27:39,621 INFO trader_dost_arun.ops.alerts telegram disabled: ⚠️ <b>Health warning</b> bybit: score=30.0, p95=8549.4ms, stale=26.6s, reconnects=0
2026-07-24 12:27:39,641 INFO trader_dost_arun.ops.alerts telegram disabled: ⚠️ <b>Health warning</b> bybit: score=30.0, p95=8549.4ms, stale=26.6s, reconnects=0
2026-07-24 12:27:39,662 INFO trader_dost_arun.ops.alerts telegram disabled: ⚠️ <b>Health warning</b> bybit: score=30.0, p95=8549.4ms, stale=26.6s, reconnects=0
2026-07-24 12:27:39,681 INFO trader_dost_arun.ops.alerts telegram disabled: ⚠️ <b>Health warning</b> bybit: score=30.0, p95=8549.4ms, stale=26.6s, reconnects=0
2026-07-24 12:27:39,701 INFO trader_dost_arun.ops.alerts telegram disabled: ⚠️ <b>Health warning</b> bybit: score=30.0, p95=8549.4ms, stale=26.6s, reconnects=0
2026-07-24 12:27:39,720 INFO trader_dost_arun.ops.alerts telegram disabled: ⚠️ <b>Health warning</b> bybit: score=30.0, p95=8549.4ms, stale=26.7s, reconnects=0
2026-07-24 12:27:39,745 INFO trader_dost_arun.ops.alerts telegram disabled: ⚠️ <b>Health warning</b> bybit: score=30.0, p95=8549.4ms, stale=26.7s, reconnects=0
2026-07-24 12:27:39,769 INFO trader_dost_arun.ops.alerts telegram disabled: ⚠️ <b>Health warning</b> bybit: score=30.0, p95=8549.4ms, stale=26.7s, reconnects=0
2026-07-24 12:27:39,789 INFO trader_dost_arun.ops.alerts telegram disabled: ⚠️ <b>Health warning</b> bybit: score=30.0, p95=8549.4ms, stale=26.7s, reconnects=0
2026-07-24 12:27:39,809 INFO trader_dost_arun.ops.alerts telegram disabled: ⚠️ <b>Health warning</b> bybit: score=30.0, p95=8549.4ms, stale=26.7s, reconnects=0
2026-07-24 12:27:39,830 INFO trader_dost_arun.ops.alerts telegram disabled: ⚠️ <b>Health warning</b> bybit: score=30.0, p95=8549.4ms, stale=26.8s, reconnects=0
2026-07-24 12:27:39,851 INFO trader_dost_arun.ops.alerts telegram disabled: ⚠️ <b>Health warning</b> bybit: score=30.0, p95=8549.4ms, stale=26.8s, reconnects=0
2026-07-24 12:27:39,871 INFO trader_dost_arun.ops.alerts telegram disabled: ⚠️ <b>Health warning</b> bybit: score=30.0, p95=8549.4ms, stale=26.8s, reconnects=0
2026-07-24 12:27:39,892 INFO trader_dost_arun.ops.alerts telegram disabled: ⚠️ <b>Health warning</b> bybit: score=30.0, p95=8549.4ms, stale=26.8s, reconnects=0
2026-07-24 12:27:39,912 INFO trader_dost_arun.ops.alerts telegram disabled: ⚠️ <b>Health warning</b> bybit: score=30.0, p95=8549.4ms, stale=26.8s, reconnects=0
2026-07-24 12:27:39,932 INFO trader_dost_arun.ops.alerts telegram disabled: ⚠️ <b>Health warning</b> bybit: score=30.0, p95=8549.4ms, stale=26.9s, reconnects=0
2026-07-24 12:27:39,954 INFO trader_dost_arun.ops.alerts telegram disabled: ⚠️ <b>Health warning</b> bybit: score=30.0, p95=8549.4ms, stale=26.9s, reconnects=0
2026-07-24 12:27:39,973 INFO trader_dost_arun.ops.alerts telegram disabled: ⚠️ <b>Health warning</b> bybit: score=30.0, p95=8549.4ms, stale=26.9s, reconnects=0
2026-07-24 12:27:39,993 INFO trader_dost_arun.ops.alerts telegram disabled: ⚠️ <b>Health warning</b> bybit: score=30.0, p95=8549.4ms, stale=26.9s, reconnects=0
2026-07-24 12:27:40,013 INFO trader_dost_arun.ops.alerts telegram disabled: ⚠️ <b>Health warning</b> bybit: score=30.0, p95=8549.4ms, stale=26.9s, reconnects=0
2026-07-24 12:27:40,033 INFO trader_dost_arun.ops.alerts telegram disabled: ⚠️ <b>Health warning</b> bybit: score=30.0, p95=8549.4ms, stale=27.0s, reconnects=0
2026-07-24 12:27:40,057 INFO trader_dost_arun.ops.alerts telegram disabled: ⚠️ <b>Health warning</b> bybit: score=30.0, p95=8549.4ms, stale=27.0s, reconnects=0
2026-07-24 12:27:40,079 INFO trader_dost_arun.ops.alerts telegram disabled: ⚠️ <b>Health warning</b> bybit: score=30.0, p95=8549.4ms, stale=27.0s, reconnects=0
2026-07-24 12:27:40,105 INFO trader_dost_arun.ops.alerts telegram disabled: ⚠️ <b>Health warning</b> bybit: score=30.0, p95=8549.4ms, stale=27.0s, reconnects=0
2026-07-24 12:27:40,126 INFO trader_dost_arun.ops.alerts telegram disabled: ⚠️ <b>Health warning</b> bybit: score=30.0, p95=8549.4ms, stale=27.1s, reconnects=0
2026-07-24 12:27:40,147 INFO trader_dost_arun.ops.alerts telegram disabled: ⚠️ <b>Health warning</b> bybit: score=30.0, p95=8549.4ms, stale=27.1s, reconnects=0
2026-07-24 12:27:40,168 INFO trader_dost_arun.ops.alerts telegram disabled: ⚠️ <b>Health warning</b> bybit: score=30.0, p95=8549.4ms, stale=27.1s, reconnects=0
2026-07-24 12:27:40,189 INFO trader_dost_arun.ops.alerts telegram disabled: ⚠️ <b>Health warning</b> bybit: score=30.0, p95=8549.4ms, stale=27.1s, reconnects=0
2026-07-24 12:27:40,209 INFO trader_dost_arun.ops.alerts telegram disabled: ⚠️ <b>Health warning</b> bybit: score=30.0, p95=8549.4ms, stale=27.1s, reconnects=0
2026-07-24 12:27:40,230 INFO trader_dost_arun.ops.alerts telegram disabled: ⚠️ <b>Health warning</b> bybit: score=30.0, p95=8549.4ms, stale=27.2s, reconnects=0
2026-07-24 12:27:40,236 INFO trader_dost_arun.ops.alerts telegram disabled: ⚠️ <b>Health warning</b> bybit: score=30.0, p95=8549.4ms, stale=27.2s, reconnects=0
2026-07-24 12:27:40,241 INFO trader_dost_arun.ops.alerts telegram disabled: ⚠️ <b>Health warning</b> bybit: score=30.0, p95=8549.4ms, stale=27.2s, reconnects=0
2026-07-24 12:27:40,247 INFO trader_dost_arun.ops.alerts telegram disabled: ⚠️ <b>Health warning</b> bybit: score=30.0, p95=8549.4ms, stale=27.2s, reconnects=0
2026-07-24 12:27:40,252 INFO trader_dost_arun.ops.alerts telegram disabled: ⚠️ <b>Health warning</b> bybit: score=30.0, p95=8549.4ms, stale=27.2s, reconnects=0
2026-07-24 12:27:40,258 INFO trader_dost_arun.ops.alerts telegram disabled: ⚠️ <b>Health warning</b> bybit: score=30.0, p95=8549.4ms, stale=27.2s, reconnects=0
2026-07-24 12:27:40,264 INFO trader_dost_arun.ops.alerts telegram disabled: ⚠️ <b>Health warning</b> bybit: score=30.0, p95=8549.4ms, stale=27.2s, reconnects=0
2026-07-24 12:27:40,269 INFO trader_dost_arun.ops.alerts telegram disabled: ⚠️ <b>Health warning</b> bybit: score=30.0, p95=8549.4ms, stale=27.2s, reconnects=0
2026-07-24 12:27:40,275 INFO trader_dost_arun.ops.alerts telegram disabled: ⚠️ <b>Health warning</b> bybit: score=30.0, p95=8549.4ms, stale=27.2s, reconnects=0
2026-07-24 12:27:40,281 INFO trader_dost_arun.ops.alerts telegram disabled: ⚠️ <b>Health warning</b> bybit: score=30.0, p95=8549.4ms, stale=27.2s, reconnects=0
2026-07-24 12:27:40,286 INFO trader_dost_arun.ops.alerts telegram disabled: ⚠️ <b>Health warning</b> bybit: score=30.0, p95=8549.4ms, stale=27.2s, reconnects=0
2026-07-24 12:27:40,292 INFO trader_dost_arun.ops.alerts telegram disabled: ⚠️ <b>Health warning</b> bybit: score=30.0, p95=8549.4ms, stale=27.2s, reconnects=0
2026-07-24 12:27:40,297 INFO trader_dost_arun.ops.alerts telegram disabled: ⚠️ <b>Health warning</b> bybit: score=30.0, p95=8549.4ms, stale=27.2s, reconnects=0
2026-07-24 12:27:40,303 INFO trader_dost_arun.ops.alerts telegram disabled: ⚠️ <b>Health warning</b> bybit: score=30.0, p95=8549.4ms, stale=27.2s, reconnects=0
2026-07-24 12:27:40,309 INFO trader_dost_arun.ops.alerts telegram disabled: ⚠️ <b>Health warning</b> bybit: score=30.0, p95=8549.4ms, stale=27.2s, reconnects=0
2026-07-24 12:27:40,314 INFO trader_dost_arun.ops.alerts telegram disabled: ⚠️ <b>Health warning</b> bybit: score=30.0, p95=8549.4ms, stale=27.2s, reconnects=0
2026-07-24 12:27:40,320 INFO trader_dost_arun.ops.alerts telegram disabled: ⚠️ <b>Health warning</b> bybit: score=30.0, p95=8549.4ms, stale=27.3s, reconnects=0
2026-07-24 12:27:40,326 INFO trader_dost_arun.ops.alerts telegram disabled: ⚠️ <b>Health warning</b> bybit: score=30.0, p95=8549.4ms, stale=27.3s, reconnects=0
2026-07-24 12:27:40,331 INFO trader_dost_arun.ops.alerts telegram disabled: ⚠️ <b>Health warning</b> bybit: score=30.0, p95=8549.4ms, stale=27.3s, reconnects=0
2026-07-24 12:27:40,338 INFO trader_dost_arun.ops.alerts telegram disabled: ⚠️ <b>Health warning</b> bybit: score=30.0, p95=8549.4ms, stale=27.3s, reconnects=0
2026-07-24 12:27:40,344 INFO trader_dost_arun.ops.alerts telegram disabled: ⚠️ <b>Health warning</b> bybit: score=30.0, p95=8549.4ms, stale=27.3s, reconnects=0
2026-07-24 12:27:40,350 INFO trader_dost_arun.ops.alerts telegram disabled: ⚠️ <b>Health warning</b> bybit: score=30.0, p95=8549.4ms, stale=27.3s, reconnects=0
2026-07-24 12:27:40,355 INFO trader_dost_arun.ops.alerts telegram disabled: ⚠️ <b>Health warning</b> bybit: score=30.0, p95=8549.4ms, stale=27.3s, reconnects=0
2026-07-24 12:27:40,361 INFO trader_dost_arun.ops.alerts telegram disabled: ⚠️ <b>Health warning</b> bybit: score=30.0, p95=8549.4ms, stale=27.3s, reconnects=0
2026-07-24 12:27:40,367 INFO trader_dost_arun.ops.alerts telegram disabled: ⚠️ <b>Health warning</b> bybit: score=30.0, p95=8549.4ms, stale=27.3s, reconnects=0
2026-07-24 12:27:40,373 INFO trader_dost_arun.ops.alerts telegram disabled: ⚠️ <b>Health warning</b> bybit: score=30.0, p95=8549.4ms, stale=27.3s, reconnects=0
2026-07-24 12:27:40,379 INFO trader_dost_arun.ops.alerts telegram disabled: ⚠️ <b>Health warning</b> bybit: score=30.0, p95=8549.4ms, stale=27.3s, reconnects=0
2026-07-24 12:27:40,385 INFO trader_dost_arun.ops.alerts telegram disabled: ⚠️ <b>Health warning</b> bybit: score=30.0, p95=8549.4ms, stale=27.3s, reconnects=0
2026-07-24 12:27:40,391 INFO trader_dost_arun.ops.alerts telegram disabled: ⚠️ <b>Health warning</b> bybit: score=30.0, p95=8549.4ms, stale=27.3s, reconnects=0
2026-07-24 12:27:40,397 INFO trader_dost_arun.ops.alerts telegram disabled: ⚠️ <b>Health warning</b> bybit: score=30.0, p95=8549.4ms, stale=27.3s, reconnects=0
2026-07-24 12:27:40,403 INFO trader_dost_arun.ops.alerts telegram disabled: ⚠️ <b>Health warning</b> bybit: score=30.0, p95=8549.4ms, stale=27.3s, reconnects=0
2026-07-24 12:27:40,409 INFO trader_dost_arun.ops.alerts telegram disabled: ⚠️ <b>Health warning</b> bybit: score=30.0, p95=8549.4ms, stale=27.3s, reconnects=0
2026-07-24 12:27:40,414 INFO trader_dost_arun.ops.alerts telegram disabled: ⚠️ <b>Health warning</b> bybit: score=30.0, p95=8549.4ms, stale=27.3s, reconnects=0
2026-07-24 12:27:40,420 INFO trader_dost_arun.ops.alerts telegram disabled: ⚠️ <b>Health warning</b> bybit: score=30.0, p95=8549.4ms, stale=27.4s, reconnects=0
2026-07-24 12:27:40,428 INFO trader_dost_arun.ops.alerts telegram disabled: ⚠️ <b>Health warning</b> bybit: score=30.0, p95=8549.4ms, stale=27.4s, reconnects=0
2026-07-24 12:27:40,436 INFO trader_dost_arun.ops.alerts telegram disabled: ⚠️ <b>Health warning</b> bybit: score=30.0, p95=8549.4ms, stale=27.4s, reconnects=0
2026-07-24 12:27:40,442 INFO trader_dost_arun.ops.alerts telegram disabled: ⚠️ <b>Health warning</b> bybit: score=30.0, p95=8549.4ms, stale=27.4s, reconnects=0
2026-07-24 12:27:40,448 INFO trader_dost_arun.ops.alerts telegram disabled: ⚠️ <b>Health warning</b> bybit: score=30.0, p95=8549.4ms, stale=27.4s, reconnects=0
2026-07-24 12:27:40,454 INFO trader_dost_arun.ops.alerts telegram disabled: ⚠️ <b>Health warning</b> bybit: score=30.0, p95=8549.4ms, stale=27.4s, reconnects=0
2026-07-24 12:27:40,460 INFO trader_dost_arun.ops.alerts telegram disabled: ⚠️ <b>Health warning</b> bybit: score=30.0, p95=8549.4ms, stale=27.4s, reconnects=0
2026-07-24 12:27:40,466 INFO trader_dost_arun.ops.alerts telegram disabled: ⚠️ <b>Health warning</b> bybit: score=30.0, p95=8549.4ms, stale=27.4s, reconnects=0
2026-07-24 12:27:40,472 INFO trader_dost_arun.ops.alerts telegram disabled: ⚠️ <b>Health warning</b> bybit: score=30.0, p95=8549.4ms, stale=27.4s, reconnects=0
2026-07-24 12:27:40,478 INFO trader_dost_arun.ops.alerts telegram disabled: ⚠️ <b>Health warning</b> bybit: score=30.0, p95=8549.4ms, stale=27.4s, reconnects=0
2026-07-24 12:27:40,484 INFO trader_dost_arun.ops.alerts telegram disabled: ⚠️ <b>Health warning</b> bybit: score=30.0, p95=8549.4ms, stale=27.4s, reconnects=0
2026-07-24 12:27:40,490 INFO trader_dost_arun.ops.alerts telegram disabled: ⚠️ <b>Health warning</b> bybit: score=30.0, p95=8549.4ms, stale=27.4s, reconnects=0
2026-07-24 12:27:40,497 INFO trader_dost_arun.ops.alerts telegram disabled: ⚠️ <b>Health warning</b> bybit: score=30.0, p95=8549.4ms, stale=27.4s, reconnects=0
2026-07-24 12:27:40,504 INFO trader_dost_arun.ops.alerts telegram disabled: ⚠️ <b>Health warning</b> bybit: score=30.0, p95=8549.4ms, stale=27.4s, reconnects=0
2026-07-24 12:27:40,510 INFO trader_dost_arun.ops.alerts telegram disabled: ⚠️ <b>Health warning</b> bybit: score=30.0, p95=8549.4ms, stale=27.4s, reconnects=0
2026-07-24 12:27:40,517 INFO trader_dost_arun.ops.alerts telegram disabled: ⚠️ <b>Health warning</b> bybit: score=30.0, p95=8549.4ms, stale=27.5s, reconnects=0
2026-07-24 12:27:40,523 INFO trader_dost_arun.ops.alerts telegram disabled: ⚠️ <b>Health warning</b> bybit: score=30.0, p95=8549.4ms, stale=27.5s, reconnects=0
2026-07-24 12:27:40,529 INFO trader_dost_arun.ops.alerts telegram disabled: ⚠️ <b>Health warning</b> bybit: score=30.0, p95=8549.4ms, stale=27.5s, reconnects=0
2026-07-24 12:27:40,537 INFO trader_dost_arun.ops.alerts telegram disabled: ⚠️ <b>Health warning</b> bybit: score=30.0, p95=8549.4ms, stale=27.5s, reconnects=0
2026-07-24 12:27:40,544 INFO trader_dost_arun.ops.alerts telegram disabled: ⚠️ <b>Health warning</b> bybit: score=30.0, p95=8549.4ms, stale=27.5s, reconnects=0
2026-07-24 12:27:40,550 INFO trader_dost_arun.ops.alerts telegram disabled: ⚠️ <b>Health warning</b> bybit: score=30.0, p95=8549.4ms, stale=27.5s, reconnects=0
2026-07-24 12:27:40,562 INFO trader_dost_arun.ops.alerts telegram disabled: ⚠️ <b>Health warning</b> bybit: score=30.0, p95=8549.4ms, stale=27.5s, reconnects=0
2026-07-24 12:27:40,569 INFO trader_dost_arun.ops.alerts telegram disabled: ⚠️ <b>Health warning</b> bybit: score=30.0, p95=8549.4ms, stale=27.5s, reconnects=0
2026-07-24 12:27:40,576 INFO trader_dost_arun.ops.alerts telegram disabled: ⚠️ <b>Health warning</b> bybit: score=30.0, p95=8549.4ms, stale=27.5s, reconnects=0
2026-07-24 12:27:40,583 INFO trader_dost_arun.ops.alerts telegram disabled: ⚠️ <b>Health warning</b> bybit: score=30.0, p95=8549.4ms, stale=27.5s, reconnects=0
2026-07-24 12:27:40,590 INFO trader_dost_arun.ops.alerts telegram disabled: ⚠️ <b>Health warning</b> bybit: score=30.0, p95=8549.4ms, stale=27.5s, reconnects=0
2026-07-24 12:27:40,597 INFO trader_dost_arun.ops.alerts telegram disabled: ⚠️ <b>Health warning</b> bybit: score=30.0, p95=8549.4ms, stale=27.5s, reconnects=0
2026-07-24 12:27:40,604 INFO trader_dost_arun.ops.alerts telegram disabled: ⚠️ <b>Health warning</b> bybit: score=30.0, p95=8549.4ms, stale=27.5s, reconnects=0
2026-07-24 12:27:40,610 INFO trader_dost_arun.ops.alerts telegram disabled: ⚠️ <b>Health warning</b> bybit: score=30.0, p95=8549.4ms, stale=27.5s, reconnects=0
2026-07-24 12:27:40,617 INFO trader_dost_arun.ops.alerts telegram disabled: ⚠️ <b>Health warning</b> bybit: score=30.0, p95=8549.4ms, stale=27.6s, reconnects=0
2026-07-24 12:27:40,623 INFO trader_dost_arun.ops.alerts telegram disabled: ⚠️ <b>Health warning</b> bybit: score=30.0, p95=8549.4ms, stale=27.6s, reconnects=0
2026-07-24 12:27:40,630 INFO trader_dost_arun.ops.alerts telegram disabled: ⚠️ <b>Health warning</b> bybit: score=30.0, p95=8549.4ms, stale=27.6s, reconnects=0
2026-07-24 12:27:40,637 INFO trader_dost_arun.ops.alerts telegram disabled: ⚠️ <b>Health warning</b> bybit: score=30.0, p95=8549.4ms, stale=27.6s, reconnects=0
2026-07-24 12:27:40,644 INFO trader_dost_arun.ops.alerts telegram disabled: ⚠️ <b>Health warning</b> bybit: score=30.0, p95=8549.4ms, stale=27.6s, reconnects=0
2026-07-24 12:27:40,650 INFO trader_dost_arun.ops.alerts telegram disabled: ⚠️ <b>Health warning</b> bybit: score=30.0, p95=8549.4ms, stale=27.6s, reconnects=0
2026-07-24 12:27:40,656 INFO trader_dost_arun.ops.alerts telegram disabled: ⚠️ <b>Health warning</b> bybit: score=30.0, p95=8549.4ms, stale=27.6s, reconnects=0
2026-07-24 12:27:40,663 INFO trader_dost_arun.ops.alerts telegram disabled: ⚠️ <b>Health warning</b> bybit: score=30.0, p95=8549.4ms, stale=27.6s, reconnects=0
2026-07-24 12:27:40,670 INFO trader_dost_arun.ops.alerts telegram disabled: ⚠️ <b>Health warning</b> bybit: score=30.0, p95=8549.4ms, stale=27.6s, reconnects=0
2026-07-24 12:27:40,677 INFO trader_dost_arun.ops.alerts telegram disabled: ⚠️ <b>Health warning</b> bybit: score=30.0, p95=8549.4ms, stale=27.6s, reconnects=0
2026-07-24 12:27:40,683 INFO trader_dost_arun.ops.alerts telegram disabled: ⚠️ <b>Health warning</b> bybit: score=30.0, p95=8549.4ms, stale=27.6s, reconnects=0
2026-07-24 12:27:40,690 INFO trader_dost_arun.ops.alerts telegram disabled: ⚠️ <b>Health warning</b> bybit: score=30.0, p95=8549.4ms, stale=27.6s, reconnects=0
2026-07-24 12:27:40,698 INFO trader_dost_arun.ops.alerts telegram disabled: ⚠️ <b>Health warning</b> bybit: score=30.0, p95=8549.4ms, stale=27.6s, reconnects=0
2026-07-24 12:27:40,705 INFO trader_dost_arun.ops.alerts telegram disabled: ⚠️ <b>Health warning</b> bybit: score=30.0, p95=8549.4ms, stale=27.6s, reconnects=0
2026-07-24 12:27:40,712 INFO trader_dost_arun.ops.alerts telegram disabled: ⚠️ <b>Health warning</b> bybit: score=30.0, p95=8549.4ms, stale=27.6s, reconnects=0
2026-07-24 12:27:40,719 INFO trader_dost_arun.ops.alerts telegram disabled: ⚠️ <b>Health warning</b> bybit: score=30.0, p95=8549.4ms, stale=27.7s, reconnects=0
2026-07-24 12:27:40,726 INFO trader_dost_arun.ops.alerts telegram disabled: ⚠️ <b>Health warning</b> bybit: score=30.0, p95=8549.4ms, stale=27.7s, reconnects=0
2026-07-24 12:27:40,734 INFO trader_dost_arun.ops.alerts telegram disabled: ⚠️ <b>Health warning</b> bybit: score=30.0, p95=8549.4ms, stale=27.7s, reconnects=0
2026-07-24 12:27:40,743 INFO trader_dost_arun.ops.alerts telegram disabled: ⚠️ <b>Health warning</b> bybit: score=30.0, p95=8549.4ms, stale=27.7s, reconnects=0
2026-07-24 12:27:40,751 INFO trader_dost_arun.ops.alerts telegram disabled: ⚠️ <b>Health warning</b> bybit: score=30.0, p95=8549.4ms, stale=27.7s, reconnects=0
2026-07-24 12:27:40,757 INFO trader_dost_arun.ops.alerts telegram disabled: ⚠️ <b>Health warning</b> bybit: score=30.0, p95=8549.4ms, stale=27.7s, reconnects=0
2026-07-24 12:27:40,764 INFO trader_dost_arun.ops.alerts telegram disabled: ⚠️ <b>Health warning</b> bybit: score=30.0, p95=8549.4ms, stale=27.7s, reconnects=0
2026-07-24 12:27:40,771 INFO trader_dost_arun.ops.alerts telegram disabled: ⚠️ <b>Health warning</b> bybit: score=30.0, p95=8549.4ms, stale=27.7s, reconnects=0
2026-07-24 12:27:40,777 INFO trader_dost_arun.ops.alerts telegram disabled: ⚠️ <b>Health warning</b> bybit: score=30.0, p95=8549.4ms, stale=27.7s, reconnects=0
2026-07-24 12:27:40,784 INFO trader_dost_arun.ops.alerts telegram disabled: ⚠️ <b>Health warning</b> bybit: score=30.0, p95=8549.4ms, stale=27.7s, reconnects=0
2026-07-24 12:27:40,790 INFO trader_dost_arun.ops.alerts telegram disabled: ⚠️ <b>Health warning</b> bybit: score=30.0, p95=8549.4ms, stale=27.7s, reconnects=0
2026-07-24 12:27:40,798 INFO trader_dost_arun.ops.alerts telegram disabled: ⚠️ <b>Health warning</b> bybit: score=30.0, p95=8549.4ms, stale=27.7s, reconnects=0
2026-07-24 12:27:40,804 INFO trader_dost_arun.ops.alerts telegram disabled: ⚠️ <b>Health warning</b> bybit: score=30.0, p95=8549.4ms, stale=27.7s, reconnects=0
2026-07-24 12:27:40,811 INFO trader_dost_arun.ops.alerts telegram disabled: ⚠️ <b>Health warning</b> bybit: score=30.0, p95=8549.4ms, stale=27.7s, reconnects=0
2026-07-24 12:27:40,818 INFO trader_dost_arun.ops.alerts telegram disabled: ⚠️ <b>Health warning</b> bybit: score=30.0, p95=8549.4ms, stale=27.8s, reconnects=0
2026-07-24 12:27:40,825 INFO trader_dost_arun.ops.alerts telegram disabled: ⚠️ <b>Health warning</b> bybit: score=30.0, p95=8549.4ms, stale=27.8s, reconnects=0
2026-07-24 12:27:40,833 INFO trader_dost_arun.ops.alerts telegram disabled: ⚠️ <b>Health warning</b> bybit: score=30.0, p95=8549.4ms, stale=27.8s, reconnects=0
2026-07-24 12:27:40,840 INFO trader_dost_arun.ops.alerts telegram disabled: ⚠️ <b>Health warning</b> bybit: score=30.0, p95=8549.4ms, stale=27.8s, reconnects=0
2026-07-24 12:27:40,847 INFO trader_dost_arun.ops.alerts telegram disabled: ⚠️ <b>Health warning</b> bybit: score=30.0, p95=8549.4ms, stale=27.8s, reconnects=0
2026-07-24 12:27:40,854 INFO trader_dost_arun.ops.alerts telegram disabled: ⚠️ <b>Health warning</b> bybit: score=30.0, p95=8549.4ms, stale=27.8s, reconnects=0
2026-07-24 12:27:40,861 INFO trader_dost_arun.ops.alerts telegram disabled: ⚠️ <b>Health warning</b> bybit: score=30.0, p95=8549.4ms, stale=27.8s, reconnects=0
2026-07-24 12:27:40,868 INFO trader_dost_arun.ops.alerts telegram disabled: ⚠️ <b>Health warning</b> bybit: score=30.0, p95=8549.4ms, stale=27.8s, reconnects=0
2026-07-24 12:27:40,875 INFO trader_dost_arun.ops.alerts telegram disabled: ⚠️ <b>Health warning</b> bybit: score=30.0, p95=8549.4ms, stale=27.8s, reconnects=0
2026-07-24 12:27:40,882 INFO trader_dost_arun.ops.alerts telegram disabled: ⚠️ <b>Health warning</b> bybit: score=30.0, p95=8549.4ms, stale=27.8s, reconnects=0
2026-07-24 12:27:40,888 INFO trader_dost_arun.ops.alerts telegram disabled: ⚠️ <b>Health warning</b> bybit: score=30.0, p95=8549.4ms, stale=27.8s, reconnects=0
2026-07-24 12:27:40,895 INFO trader_dost_arun.ops.alerts telegram disabled: ⚠️ <b>Health warning</b> bybit: score=30.0, p95=8549.4ms, stale=27.8s, reconnects=0
2026-07-24 12:27:40,902 INFO trader_dost_arun.ops.alerts telegram disabled: ⚠️ <b>Health warning</b> bybit: score=30.0, p95=8549.4ms, stale=27.8s, reconnects=0
2026-07-24 12:27:40,909 INFO trader_dost_arun.ops.alerts telegram disabled: ⚠️ <b>Health warning</b> bybit: score=30.0, p95=8549.4ms, stale=27.8s, reconnects=0
2026-07-24 12:27:40,916 INFO trader_dost_arun.ops.alerts telegram disabled: ⚠️ <b>Health warning</b> bybit: score=30.0, p95=8549.4ms, stale=27.8s, reconnects=0
2026-07-24 12:27:40,923 INFO trader_dost_arun.ops.alerts telegram disabled: ⚠️ <b>Health warning</b> bybit: score=30.0, p95=8549.4ms, stale=27.9s, reconnects=0
2026-07-24 12:27:40,930 INFO trader_dost_arun.ops.alerts telegram disabled: ⚠️ <b>Health warning</b> bybit: score=30.0, p95=8549.4ms, stale=27.9s, reconnects=0
2026-07-24 12:27:40,938 INFO trader_dost_arun.ops.alerts telegram disabled: ⚠️ <b>Health warning</b> bybit: score=30.0, p95=8549.4ms, stale=27.9s, reconnects=0
2026-07-24 12:27:40,944 INFO trader_dost_arun.ops.alerts telegram disabled: ⚠️ <b>Health warning</b> bybit: score=30.0, p95=8549.4ms, stale=27.9s, reconnects=0
2026-07-24 12:27:40,951 INFO trader_dost_arun.ops.alerts telegram disabled: ⚠️ <b>Health warning</b> bybit: score=30.0, p95=8549.4ms, stale=27.9s, reconnects=0
2026-07-24 12:27:40,958 INFO trader_dost_arun.ops.alerts telegram disabled: ⚠️ <b>Health warning</b> bybit: score=30.0, p95=8549.4ms, stale=27.9s, reconnects=0
2026-07-24 12:27:40,965 INFO trader_dost_arun.ops.alerts telegram disabled: ⚠️ <b>Health warning</b> bybit: score=30.0, p95=8549.4ms, stale=27.9s, reconnects=0
2026-07-24 12:27:40,972 INFO trader_dost_arun.ops.alerts telegram disabled: ⚠️ <b>Health warning</b> bybit: score=30.0, p95=8549.4ms, stale=27.9s, reconnects=0
2026-07-24 12:27:40,979 INFO trader_dost_arun.ops.alerts telegram disabled: ⚠️ <b>Health warning</b> bybit: score=30.0, p95=8549.4ms, stale=27.9s, reconnects=0
2026-07-24 12:27:40,986 INFO trader_dost_arun.ops.alerts telegram disabled: ⚠️ <b>Health warning</b> bybit: score=30.0, p95=8549.4ms, stale=27.9s, reconnects=0
2026-07-24 12:27:40,994 INFO trader_dost_arun.ops.alerts telegram disabled: ⚠️ <b>Health warning</b> bybit: score=30.0, p95=8549.4ms, stale=27.9s, reconnects=0
2026-07-24 12:27:41,001 INFO trader_dost_arun.ops.alerts telegram disabled: ⚠️ <b>Health warning</b> bybit: score=30.0, p95=8549.4ms, stale=27.9s, reconnects=0
2026-07-24 12:27:41,008 INFO trader_dost_arun.ops.alerts telegram disabled: ⚠️ <b>Health warning</b> bybit: score=30.0, p95=8549.4ms, stale=27.9s, reconnects=0
2026-07-24 12:27:41,015 INFO trader_dost_arun.ops.alerts telegram disabled: ⚠️ <b>Health warning</b> bybit: score=30.0, p95=8549.4ms, stale=27.9s, reconnects=0
2026-07-24 12:27:41,022 INFO trader_dost_arun.ops.alerts telegram disabled: ⚠️ <b>Health warning</b> bybit: score=30.0, p95=8549.4ms, stale=28.0s, reconnects=0
2026-07-24 12:27:41,030 INFO trader_dost_arun.ops.alerts telegram disabled: ⚠️ <b>Health warning</b> bybit: score=30.0, p95=8549.4ms, stale=28.0s, reconnects=0
2026-07-24 12:27:41,037 INFO trader_dost_arun.ops.alerts telegram disabled: ⚠️ <b>Health warning</b> bybit: score=30.0, p95=8549.4ms, stale=28.0s, reconnects=0
2026-07-24 12:27:41,044 INFO trader_dost_arun.ops.alerts telegram disabled: ⚠️ <b>Health warning</b> bybit: score=30.0, p95=8549.4ms, stale=28.0s, reconnects=0
2026-07-24 12:27:41,051 INFO trader_dost_arun.ops.alerts telegram disabled: ⚠️ <b>Health warning</b> bybit: score=30.0, p95=8549.4ms, stale=28.0s, reconnects=0
2026-07-24 12:27:41,058 INFO trader_dost_arun.ops.alerts telegram disabled: ⚠️ <b>Health warning</b> bybit: score=30.0, p95=8549.4ms, stale=28.0s, reconnects=0
2026-07-24 12:27:41,066 INFO trader_dost_arun.ops.alerts telegram disabled: ⚠️ <b>Health warning</b> bybit: score=30.0, p95=8549.4ms, stale=28.0s, reconnects=0
2026-07-24 12:27:41,073 INFO trader_dost_arun.ops.alerts telegram disabled: ⚠️ <b>Health warning</b> bybit: score=30.0, p95=8549.4ms, stale=28.0s, reconnects=0
2026-07-24 12:27:41,080 INFO trader_dost_arun.ops.alerts telegram disabled: ⚠️ <b>Health warning</b> bybit: score=30.0, p95=8549.4ms, stale=28.0s, reconnects=0
2026-07-24 12:27:41,087 INFO trader_dost_arun.ops.alerts telegram disabled: ⚠️ <b>Health warning</b> bybit: score=30.0, p95=8549.4ms, stale=28.0s, reconnects=0
2026-07-24 12:27:41,094 INFO trader_dost_arun.ops.alerts telegram disabled: ⚠️ <b>Health warning</b> bybit: score=30.0, p95=8549.4ms, stale=28.0s, reconnects=0
2026-07-24 12:27:41,101 INFO trader_dost_arun.ops.alerts telegram disabled: ⚠️ <b>Health warning</b> bybit: score=30.0, p95=8549.4ms, stale=28.0s, reconnects=0
2026-07-24 12:27:41,109 INFO trader_dost_arun.ops.alerts telegram disabled: ⚠️ <b>Health warning</b> bybit: score=30.0, p95=8549.4ms, stale=28.0s, reconnects=0
2026-07-24 12:27:41,117 INFO trader_dost_arun.ops.alerts telegram disabled: ⚠️ <b>Health warning</b> bybit: score=30.0, p95=8549.4ms, stale=28.1s, reconnects=0
2026-07-24 12:27:41,125 INFO trader_dost_arun.ops.alerts telegram disabled: ⚠️ <b>Health warning</b> bybit: score=30.0, p95=8549.4ms, stale=28.1s, reconnects=0
2026-07-24 12:27:41,133 INFO trader_dost_arun.ops.alerts telegram disabled: ⚠️ <b>Health warning</b> bybit: score=30.0, p95=8549.4ms, stale=28.1s, reconnects=0
2026-07-24 12:27:41,147 INFO trader_dost_arun.ops.alerts telegram disabled: ⚠️ <b>Health warning</b> bybit: score=30.0, p95=8549.4ms, stale=28.1s, reconnects=0
2026-07-24 12:27:41,154 INFO trader_dost_arun.ops.alerts telegram disabled: ⚠️ <b>Health warning</b> bybit: score=30.0, p95=8549.4ms, stale=28.1s, reconnects=0
2026-07-24 12:27:41,162 INFO trader_dost_arun.ops.alerts telegram disabled: ⚠️ <b>Health warning</b> bybit: score=30.0, p95=8549.4ms, stale=28.1s, reconnects=0
2026-07-24 12:27:41,169 INFO trader_dost_arun.ops.alerts telegram disabled: ⚠️ <b>Health warning</b> bybit: score=30.0, p95=8549.4ms, stale=28.1s, reconnects=0
2026-07-24 12:27:41,177 INFO trader_dost_arun.ops.alerts telegram disabled: ⚠️ <b>Health warning</b> bybit: score=30.0, p95=8549.4ms, stale=28.1s, reconnects=0
2026-07-24 12:27:41,184 INFO trader_dost_arun.ops.alerts telegram disabled: ⚠️ <b>Health warning</b> bybit: score=30.0, p95=8549.4ms, stale=28.1s, reconnects=0
2026-07-24 12:27:41,192 INFO trader_dost_arun.ops.alerts telegram disabled: ⚠️ <b>Health warning</b> bybit: score=30.0, p95=8549.4ms, stale=28.1s, reconnects=0
2026-07-24 12:27:41,199 INFO trader_dost_arun.ops.alerts telegram disabled: ⚠️ <b>Health warning</b> bybit: score=30.0, p95=8549.4ms, stale=28.1s, reconnects=0
2026-07-24 12:27:41,207 INFO trader_dost_arun.ops.alerts telegram disabled: ⚠️ <b>Health warning</b> bybit: score=30.0, p95=8549.4ms, stale=28.1s, reconnects=0
2026-07-24 12:27:41,214 INFO trader_dost_arun.ops.alerts telegram disabled: ⚠️ <b>Health warning</b> bybit: score=30.0, p95=8549.4ms, stale=28.1s, reconnects=0
2026-07-24 12:27:41,223 INFO trader_dost_arun.ops.alerts telegram disabled: ⚠️ <b>Health warning</b> bybit: score=30.0, p95=8549.4ms, stale=28.2s, reconnects=0
2026-07-24 12:27:41,230 INFO trader_dost_arun.ops.alerts telegram disabled: ⚠️ <b>Health warning</b> bybit: score=30.0, p95=8549.4ms, stale=28.2s, reconnects=0
2026-07-24 12:27:41,238 INFO trader_dost_arun.ops.alerts telegram disabled: ⚠️ <b>Health warning</b> bybit: score=30.0, p95=8549.4ms, stale=28.2s, reconnects=0
2026-07-24 12:27:41,246 INFO trader_dost_arun.ops.alerts telegram disabled: ⚠️ <b>Health warning</b> bybit: score=30.0, p95=8549.4ms, stale=28.2s, reconnects=0
2026-07-24 12:27:41,253 INFO trader_dost_arun.ops.alerts telegram disabled: ⚠️ <b>Health warning</b> bybit: score=30.0, p95=8549.4ms, stale=28.2s, reconnects=0
2026-07-24 12:27:41,261 INFO trader_dost_arun.ops.alerts telegram disabled: ⚠️ <b>Health warning</b> bybit: score=30.0, p95=8549.4ms, stale=28.2s, reconnects=0
2026-07-24 12:27:41,269 INFO trader_dost_arun.ops.alerts telegram disabled: ⚠️ <b>Health warning</b> bybit: score=30.0, p95=8549.4ms, stale=28.2s, reconnects=0
2026-07-24 12:27:41,277 INFO trader_dost_arun.ops.alerts telegram disabled: ⚠️ <b>Health warning</b> bybit: score=30.0, p95=8549.4ms, stale=28.2s, reconnects=0
2026-07-24 12:27:41,285 INFO trader_dost_arun.ops.alerts telegram disabled: ⚠️ <b>Health warning</b> bybit: score=30.0, p95=8549.4ms, stale=28.2s, reconnects=0
2026-07-24 12:27:41,292 INFO trader_dost_arun.ops.alerts telegram disabled: ⚠️ <b>Health warning</b> bybit: score=30.0, p95=8549.4ms, stale=28.2s, reconnects=0
2026-07-24 12:27:41,301 INFO trader_dost_arun.ops.alerts telegram disabled: ⚠️ <b>Health warning</b> binance: score=30.0, p95=9080.2ms, stale=28.2s, reconnects=0
2026-07-24 12:27:41,307 INFO trader_dost_arun.ops.alerts telegram disabled: ⚠️ <b>Health warning</b> binance: score=30.0, p95=9080.2ms, stale=28.2s, reconnects=0
2026-07-24 12:27:41,313 INFO trader_dost_arun.ops.alerts telegram disabled: ⚠️ <b>Health warning</b> binance: score=30.0, p95=9080.2ms, stale=28.2s, reconnects=0
2026-07-24 12:27:41,319 INFO trader_dost_arun.ops.alerts telegram disabled: ⚠️ <b>Health warning</b> binance: score=30.0, p95=9080.2ms, stale=28.2s, reconnects=0
2026-07-24 12:27:41,325 INFO trader_dost_arun.ops.alerts telegram disabled: ⚠️ <b>Health warning</b> binance: score=30.0, p95=9080.2ms, stale=28.2s, reconnects=0
2026-07-24 12:27:41,331 INFO trader_dost_arun.ops.alerts telegram disabled: ⚠️ <b>Health warning</b> binance: score=30.0, p95=9080.2ms, stale=28.3s, reconnects=0
2026-07-24 12:27:41,337 INFO trader_dost_arun.ops.alerts telegram disabled: ⚠️ <b>Health warning</b> binance: score=30.0, p95=9080.2ms, stale=28.3s, reconnects=0
2026-07-24 12:27:41,343 INFO trader_dost_arun.ops.alerts telegram disabled: ⚠️ <b>Health warning</b> binance: score=30.0, p95=9080.2ms, stale=28.3s, reconnects=0
2026-07-24 12:27:41,350 INFO trader_dost_arun.ops.alerts telegram disabled: ⚠️ <b>Health warning</b> binance: score=30.0, p95=9080.2ms, stale=28.3s, reconnects=0
2026-07-24 12:27:41,356 INFO trader_dost_arun.ops.alerts telegram disabled: ⚠️ <b>Health warning</b> binance: score=30.0, p95=9080.2ms, stale=28.3s, reconnects=0
2026-07-24 12:27:41,362 INFO trader_dost_arun.ops.alerts telegram disabled: ⚠️ <b>Health warning</b> binance: score=30.0, p95=9080.2ms, stale=28.3s, reconnects=0
2026-07-24 12:27:41,369 INFO trader_dost_arun.ops.alerts telegram disabled: ⚠️ <b>Health warning</b> binance: score=30.0, p95=9080.2ms, stale=28.3s, reconnects=0
2026-07-24 12:27:41,375 INFO trader_dost_arun.ops.alerts telegram disabled: ⚠️ <b>Health warning</b> binance: score=30.0, p95=9080.2ms, stale=28.3s, reconnects=0
2026-07-24 12:27:41,382 INFO trader_dost_arun.ops.alerts telegram disabled: ⚠️ <b>Health warning</b> binance: score=30.0, p95=9080.2ms, stale=28.3s, reconnects=0
2026-07-24 12:27:41,389 INFO trader_dost_arun.ops.alerts telegram disabled: ⚠️ <b>Health warning</b> binance: score=30.0, p95=9080.2ms, stale=28.3s, reconnects=0
2026-07-24 12:27:41,395 INFO trader_dost_arun.ops.alerts telegram disabled: ⚠️ <b>Health warning</b> binance: score=30.0, p95=9080.2ms, stale=28.3s, reconnects=0
2026-07-24 12:27:41,401 INFO trader_dost_arun.ops.alerts telegram disabled: ⚠️ <b>Health warning</b> binance: score=30.0, p95=9080.2ms, stale=28.3s, reconnects=0
2026-07-24 12:27:41,407 INFO trader_dost_arun.ops.alerts telegram disabled: ⚠️ <b>Health warning</b> binance: score=30.0, p95=9080.2ms, stale=28.3s, reconnects=0
2026-07-24 12:27:41,414 INFO trader_dost_arun.ops.alerts telegram disabled: ⚠️ <b>Health warning</b> binance: score=30.0, p95=9080.2ms, stale=28.3s, reconnects=0
2026-07-24 12:27:41,420 INFO trader_dost_arun.ops.alerts telegram disabled: ⚠️ <b>Health warning</b> binance: score=30.0, p95=9080.2ms, stale=28.3s, reconnects=0
2026-07-24 12:27:41,426 INFO trader_dost_arun.ops.alerts telegram disabled: ⚠️ <b>Health warning</b> binance: score=30.0, p95=9080.2ms, stale=28.4s, reconnects=0
2026-07-24 12:27:41,433 INFO trader_dost_arun.ops.alerts telegram disabled: ⚠️ <b>Health warning</b> binance: score=30.0, p95=9080.2ms, stale=28.4s, reconnects=0
2026-07-24 12:27:41,439 INFO trader_dost_arun.ops.alerts telegram disabled: ⚠️ <b>Health warning</b> binance: score=30.0, p95=9080.2ms, stale=28.4s, reconnects=0
2026-07-24 12:27:41,446 INFO trader_dost_arun.ops.alerts telegram disabled: ⚠️ <b>Health warning</b> binance: score=30.0, p95=9080.2ms, stale=28.4s, reconnects=0
2026-07-24 12:27:41,452 INFO trader_dost_arun.ops.alerts telegram disabled: ⚠️ <b>Health warning</b> binance: score=30.0, p95=9080.2ms, stale=28.4s, reconnects=0
2026-07-24 12:27:41,459 INFO trader_dost_arun.ops.alerts telegram disabled: ⚠️ <b>Health warning</b> binance: score=30.0, p95=9080.2ms, stale=28.4s, reconnects=0
2026-07-24 12:27:41,465 INFO trader_dost_arun.ops.alerts telegram disabled: ⚠️ <b>Health warning</b> binance: score=30.0, p95=9080.2ms, stale=28.4s, reconnects=0
2026-07-24 12:27:41,471 INFO trader_dost_arun.ops.alerts telegram disabled: ⚠️ <b>Health warning</b> binance: score=30.0, p95=9080.2ms, stale=28.4s, reconnects=0
2026-07-24 12:27:41,477 INFO trader_dost_arun.ops.alerts telegram disabled: ⚠️ <b>Health warning</b> binance: score=30.0, p95=9080.2ms, stale=28.4s, reconnects=0
2026-07-24 12:27:41,483 INFO trader_dost_arun.ops.alerts telegram disabled: ⚠️ <b>Health warning</b> binance: score=30.0, p95=9080.2ms, stale=28.4s, reconnects=0
2026-07-24 12:27:41,490 INFO trader_dost_arun.ops.alerts telegram disabled: ⚠️ <b>Health warning</b> binance: score=30.0, p95=9080.2ms, stale=28.4s, reconnects=0
2026-07-24 12:27:41,496 INFO trader_dost_arun.ops.alerts telegram disabled: ⚠️ <b>Health warning</b> binance: score=30.0, p95=9080.2ms, stale=28.4s, reconnects=0
2026-07-24 12:27:41,502 INFO trader_dost_arun.ops.alerts telegram disabled: ⚠️ <b>Health warning</b> binance: score=30.0, p95=9080.2ms, stale=28.4s, reconnects=0
2026-07-24 12:27:41,508 INFO trader_dost_arun.ops.alerts telegram disabled: ⚠️ <b>Health warning</b> binance: score=30.0, p95=9080.2ms, stale=28.4s, reconnects=0
2026-07-24 12:27:41,514 INFO trader_dost_arun.ops.alerts telegram disabled: ⚠️ <b>Health warning</b> binance: score=30.0, p95=9080.2ms, stale=28.4s, reconnects=0
2026-07-24 12:27:41,520 INFO trader_dost_arun.ops.alerts telegram disabled: ⚠️ <b>Health warning</b> binance: score=30.0, p95=9080.2ms, stale=28.4s, reconnects=0
2026-07-24 12:27:41,527 INFO trader_dost_arun.ops.alerts telegram disabled: ⚠️ <b>Health warning</b> binance: score=30.0, p95=9080.2ms, stale=28.5s, reconnects=0
2026-07-24 12:27:41,533 INFO trader_dost_arun.ops.alerts telegram disabled: ⚠️ <b>Health warning</b> binance: score=30.0, p95=9080.2ms, stale=28.5s, reconnects=0
2026-07-24 12:27:41,540 INFO trader_dost_arun.ops.alerts telegram disabled: ⚠️ <b>Health warning</b> binance: score=30.0, p95=9080.2ms, stale=28.5s, reconnects=0
2026-07-24 12:27:41,546 INFO trader_dost_arun.ops.alerts telegram disabled: ⚠️ <b>Health warning</b> binance: score=30.0, p95=9080.2ms, stale=28.5s, reconnects=0
2026-07-24 12:27:41,552 INFO trader_dost_arun.ops.alerts telegram disabled: ⚠️ <b>Health warning</b> binance: score=30.0, p95=9080.2ms, stale=28.5s, reconnects=0
2026-07-24 12:27:41,559 INFO trader_dost_arun.ops.alerts telegram disabled: ⚠️ <b>Health warning</b> binance: score=30.0, p95=9080.2ms, stale=28.5s, reconnects=0
2026-07-24 12:27:41,566 INFO trader_dost_arun.ops.alerts telegram disabled: ⚠️ <b>Health warning</b> binance: score=30.0, p95=9080.2ms, stale=28.5s, reconnects=0
2026-07-24 12:27:41,572 INFO trader_dost_arun.ops.alerts telegram disabled: ⚠️ <b>Health warning</b> binance: score=30.0, p95=9080.2ms, stale=28.5s, reconnects=0
2026-07-24 12:27:41,579 INFO trader_dost_arun.ops.alerts telegram disabled: ⚠️ <b>Health warning</b> binance: score=30.0, p95=9080.2ms, stale=28.5s, reconnects=0
2026-07-24 12:27:41,585 INFO trader_dost_arun.ops.alerts telegram disabled: ⚠️ <b>Health warning</b> binance: score=30.0, p95=9080.2ms, stale=28.5s, reconnects=0
2026-07-24 12:27:41,591 INFO trader_dost_arun.ops.alerts telegram disabled: ⚠️ <b>Health warning</b> binance: score=30.0, p95=9080.2ms, stale=28.5s, reconnects=0
2026-07-24 12:27:41,598 INFO trader_dost_arun.ops.alerts telegram disabled: ⚠️ <b>Health warning</b> binance: score=30.0, p95=9080.2ms, stale=28.5s, reconnects=0
2026-07-24 12:27:41,604 INFO trader_dost_arun.ops.alerts telegram disabled: ⚠️ <b>Health warning</b> binance: score=30.0, p95=9080.2ms, stale=28.5s, reconnects=0
2026-07-24 12:27:41,610 INFO trader_dost_arun.ops.alerts telegram disabled: ⚠️ <b>Health warning</b> binance: score=30.0, p95=9080.2ms, stale=28.5s, reconnects=0
2026-07-24 12:27:41,616 INFO trader_dost_arun.ops.alerts telegram disabled: ⚠️ <b>Health warning</b> binance: score=30.0, p95=9080.2ms, stale=28.5s, reconnects=0
2026-07-24 12:27:41,623 INFO trader_dost_arun.ops.alerts telegram disabled: ⚠️ <b>Health warning</b> binance: score=30.0, p95=9080.2ms, stale=28.5s, reconnects=0
2026-07-24 12:27:41,629 INFO trader_dost_arun.ops.alerts telegram disabled: ⚠️ <b>Health warning</b> binance: score=30.0, p95=9080.2ms, stale=28.6s, reconnects=0
2026-07-24 12:27:41,636 INFO trader_dost_arun.ops.alerts telegram disabled: ⚠️ <b>Health warning</b> binance: score=30.0, p95=9080.2ms, stale=28.6s, reconnects=0
2026-07-24 12:27:41,643 INFO trader_dost_arun.ops.alerts telegram disabled: ⚠️ <b>Health warning</b> binance: score=30.0, p95=9080.2ms, stale=28.6s, reconnects=0
2026-07-24 12:27:41,649 INFO trader_dost_arun.ops.alerts telegram disabled: ⚠️ <b>Health warning</b> binance: score=30.0, p95=9080.2ms, stale=28.6s, reconnects=0
2026-07-24 12:27:41,657 INFO trader_dost_arun.ops.alerts telegram disabled: ⚠️ <b>Health warning</b> binance: score=30.0, p95=9080.2ms, stale=28.6s, reconnects=0
2026-07-24 12:27:41,663 INFO trader_dost_arun.ops.alerts telegram disabled: ⚠️ <b>Health warning</b> binance: score=30.0, p95=9080.2ms, stale=28.6s, reconnects=0
2026-07-24 12:27:41,670 INFO trader_dost_arun.ops.alerts telegram disabled: ⚠️ <b>Health warning</b> binance: score=30.0, p95=9080.2ms, stale=28.6s, reconnects=0
2026-07-24 12:27:41,677 INFO trader_dost_arun.ops.alerts telegram disabled: ⚠️ <b>Health warning</b> binance: score=30.0, p95=9080.2ms, stale=28.6s, reconnects=0
2026-07-24 12:27:41,683 INFO trader_dost_arun.ops.alerts telegram disabled: ⚠️ <b>Health warning</b> binance: score=30.0, p95=9080.2ms, stale=28.6s, reconnects=0
2026-07-24 12:27:41,690 INFO trader_dost_arun.ops.alerts telegram disabled: ⚠️ <b>Health warning</b> binance: score=30.0, p95=9080.2ms, stale=28.6s, reconnects=0
2026-07-24 12:27:41,697 INFO trader_dost_arun.ops.alerts telegram disabled: ⚠️ <b>Health warning</b> binance: score=30.0, p95=9080.2ms, stale=28.6s, reconnects=0
2026-07-24 12:27:41,703 INFO trader_dost_arun.ops.alerts telegram disabled: ⚠️ <b>Health warning</b> binance: score=30.0, p95=9080.2ms, stale=28.6s, reconnects=0
2026-07-24 12:27:41,710 INFO trader_dost_arun.ops.alerts telegram disabled: ⚠️ <b>Health warning</b> binance: score=30.0, p95=9080.2ms, stale=28.6s, reconnects=0
2026-07-24 12:27:41,717 INFO trader_dost_arun.ops.alerts telegram disabled: ⚠️ <b>Health warning</b> binance: score=30.0, p95=9080.2ms, stale=28.6s, reconnects=0
2026-07-24 12:27:41,723 INFO trader_dost_arun.ops.alerts telegram disabled: ⚠️ <b>Health warning</b> binance: score=30.0, p95=9080.2ms, stale=28.6s, reconnects=0
2026-07-24 12:27:41,730 INFO trader_dost_arun.ops.alerts telegram disabled: ⚠️ <b>Health warning</b> binance: score=30.0, p95=9080.2ms, stale=28.7s, reconnects=0
2026-07-24 12:27:41,742 INFO trader_dost_arun.ops.alerts telegram disabled: ⚠️ <b>Health warning</b> binance: score=30.0, p95=9080.2ms, stale=28.7s, reconnects=0
2026-07-24 12:27:41,749 INFO trader_dost_arun.ops.alerts telegram disabled: ⚠️ <b>Health warning</b> binance: score=30.0, p95=9080.2ms, stale=28.7s, reconnects=0
2026-07-24 12:27:41,758 INFO trader_dost_arun.ops.alerts telegram disabled: ⚠️ <b>Health warning</b> binance: score=30.0, p95=9080.2ms, stale=28.7s, reconnects=0
2026-07-24 12:27:41,777 INFO trader_dost_arun.ops.alerts telegram disabled: ⚠️ <b>Health warning</b> bybit: score=30.0, p95=8549.4ms, stale=28.7s, reconnects=0
2026-07-24 12:27:41,794 INFO trader_dost_arun.ops.alerts telegram disabled: ⚠️ <b>Health warning</b> bybit: score=30.0, p95=8549.4ms, stale=28.7s, reconnects=0
2026-07-24 12:27:41,811 INFO trader_dost_arun.ops.alerts telegram disabled: ⚠️ <b>Health warning</b> bybit: score=30.0, p95=8549.4ms, stale=28.7s, reconnects=0
2026-07-24 12:27:41,827 INFO trader_dost_arun.ops.alerts telegram disabled: ⚠️ <b>Health warning</b> bybit: score=30.0, p95=8549.4ms, stale=28.8s, reconnects=0
2026-07-24 12:27:41,845 INFO trader_dost_arun.ops.alerts telegram disabled: ⚠️ <b>Health warning</b> bybit: score=30.0, p95=8549.4ms, stale=28.8s, reconnects=0
2026-07-24 12:27:41,862 INFO trader_dost_arun.ops.alerts telegram disabled: ⚠️ <b>Health warning</b> bybit: score=30.0, p95=8549.4ms, stale=28.8s, reconnects=0
2026-07-24 12:27:41,879 INFO trader_dost_arun.ops.alerts telegram disabled: ⚠️ <b>Health warning</b> bybit: score=30.0, p95=8549.4ms, stale=28.8s, reconnects=0
2026-07-24 12:27:41,895 INFO trader_dost_arun.ops.alerts telegram disabled: ⚠️ <b>Health warning</b> bybit: score=30.0, p95=8549.4ms, stale=28.8s, reconnects=0
2026-07-24 12:27:41,912 INFO trader_dost_arun.ops.alerts telegram disabled: ⚠️ <b>Health warning</b> bybit: score=30.0, p95=8549.4ms, stale=28.8s, reconnects=0
2026-07-24 12:27:41,929 INFO trader_dost_arun.ops.alerts telegram disabled: ⚠️ <b>Health warning</b> bybit: score=30.0, p95=8549.4ms, stale=28.9s, reconnects=0
2026-07-24 12:27:41,946 INFO trader_dost_arun.ops.alerts telegram disabled: ⚠️ <b>Health warning</b> bybit: score=30.0, p95=8549.4ms, stale=28.9s, reconnects=0
2026-07-24 12:27:41,962 INFO trader_dost_arun.ops.alerts telegram disabled: ⚠️ <b>Health warning</b> bybit: score=30.0, p95=8549.4ms, stale=28.9s, reconnects=0
2026-07-24 12:27:41,980 INFO trader_dost_arun.ops.alerts telegram disabled: ⚠️ <b>Health warning</b> bybit: score=30.0, p95=8549.4ms, stale=28.9s, reconnects=0
2026-07-24 12:27:41,996 INFO trader_dost_arun.ops.alerts telegram disabled: ⚠️ <b>Health warning</b> bybit: score=30.0, p95=8549.4ms, stale=28.9s, reconnects=0
2026-07-24 12:27:42,013 INFO trader_dost_arun.ops.alerts telegram disabled: ⚠️ <b>Health warning</b> bybit: score=30.0, p95=8549.4ms, stale=28.9s, reconnects=0
2026-07-24 12:27:42,029 INFO trader_dost_arun.ops.alerts telegram disabled: ⚠️ <b>Health warning</b> bybit: score=30.0, p95=8549.4ms, stale=29.0s, reconnects=0
2026-07-24 12:27:42,051 INFO trader_dost_arun.ops.alerts telegram disabled: ⚠️ <b>Health warning</b> bybit: score=30.0, p95=8549.4ms, stale=29.0s, reconnects=0
2026-07-24 12:27:42,069 INFO trader_dost_arun.ops.alerts telegram disabled: ⚠️ <b>Health warning</b> bybit: score=30.0, p95=8549.4ms, stale=29.0s, reconnects=0
2026-07-24 12:27:42,086 INFO trader_dost_arun.ops.alerts telegram disabled: ⚠️ <b>Health warning</b> bybit: score=30.0, p95=8549.4ms, stale=29.0s, reconnects=0
2026-07-24 12:27:42,104 INFO trader_dost_arun.ops.alerts telegram disabled: ⚠️ <b>Health warning</b> bybit: score=30.0, p95=8549.4ms, stale=29.0s, reconnects=0
2026-07-24 12:27:42,121 INFO trader_dost_arun.ops.alerts telegram disabled: ⚠️ <b>Health warning</b> bybit: score=30.0, p95=8549.4ms, stale=29.1s, reconnects=0
2026-07-24 12:27:42,138 INFO trader_dost_arun.ops.alerts telegram disabled: ⚠️ <b>Health warning</b> bybit: score=30.0, p95=8549.4ms, stale=29.1s, reconnects=0
2026-07-24 12:27:42,155 INFO trader_dost_arun.ops.alerts telegram disabled: ⚠️ <b>Health warning</b> bybit: score=30.0, p95=8549.4ms, stale=29.1s, reconnects=0
2026-07-24 12:27:42,173 INFO trader_dost_arun.ops.alerts telegram disabled: ⚠️ <b>Health warning</b> bybit: score=30.0, p95=8549.4ms, stale=29.1s, reconnects=0
2026-07-24 12:27:42,191 INFO trader_dost_arun.ops.alerts telegram disabled: ⚠️ <b>Health warning</b> bybit: score=30.0, p95=8549.4ms, stale=29.1s, reconnects=0
2026-07-24 12:27:42,209 INFO trader_dost_arun.ops.alerts telegram disabled: ⚠️ <b>Health warning</b> bybit: score=30.0, p95=8549.4ms, stale=29.1s, reconnects=0
2026-07-24 12:27:42,226 INFO trader_dost_arun.ops.alerts telegram disabled: ⚠️ <b>Health warning</b> bybit: score=30.0, p95=8549.4ms, stale=29.2s, reconnects=0
2026-07-24 12:27:42,244 INFO trader_dost_arun.ops.alerts telegram disabled: ⚠️ <b>Health warning</b> bybit: score=30.0, p95=8549.4ms, stale=29.2s, reconnects=0
2026-07-24 12:27:42,262 INFO trader_dost_arun.ops.alerts telegram disabled: ⚠️ <b>Health warning</b> bybit: score=30.0, p95=8549.4ms, stale=29.2s, reconnects=0
2026-07-24 12:27:42,279 INFO trader_dost_arun.ops.alerts telegram disabled: ⚠️ <b>Health warning</b> bybit: score=30.0, p95=8549.4ms, stale=29.2s, reconnects=0
2026-07-24 12:27:42,297 INFO trader_dost_arun.ops.alerts telegram disabled: ⚠️ <b>Health warning</b> bybit: score=30.0, p95=8549.4ms, stale=29.2s, reconnects=0
2026-07-24 12:27:42,315 INFO trader_dost_arun.ops.alerts telegram disabled: ⚠️ <b>Health warning</b> bybit: score=30.0, p95=8549.4ms, stale=29.2s, reconnects=0
2026-07-24 12:27:42,333 INFO trader_dost_arun.ops.alerts telegram disabled: ⚠️ <b>Health warning</b> bybit: score=30.0, p95=8549.4ms, stale=29.3s, reconnects=0
2026-07-24 12:27:42,356 INFO trader_dost_arun.ops.alerts telegram disabled: ⚠️ <b>Health warning</b> bybit: score=30.0, p95=8549.4ms, stale=29.3s, reconnects=0
2026-07-24 12:27:42,374 INFO trader_dost_arun.ops.alerts telegram disabled: ⚠️ <b>Health warning</b> bybit: score=30.0, p95=8549.4ms, stale=29.3s, reconnects=0
2026-07-24 12:27:42,392 INFO trader_dost_arun.ops.alerts telegram disabled: ⚠️ <b>Health warning</b> bybit: score=30.0, p95=8549.4ms, stale=29.3s, reconnects=0
2026-07-24 12:27:42,410 INFO trader_dost_arun.ops.alerts telegram disabled: ⚠️ <b>Health warning</b> bybit: score=30.0, p95=8549.4ms, stale=29.3s, reconnects=0
2026-07-24 12:27:42,428 INFO trader_dost_arun.ops.alerts telegram disabled: ⚠️ <b>Health warning</b> bybit: score=30.0, p95=8549.4ms, stale=29.4s, reconnects=0
2026-07-24 12:27:42,445 INFO trader_dost_arun.ops.alerts telegram disabled: ⚠️ <b>Health warning</b> bybit: score=30.0, p95=8549.4ms, stale=29.4s, reconnects=0
2026-07-24 12:27:42,463 INFO trader_dost_arun.ops.alerts telegram disabled: ⚠️ <b>Health warning</b> bybit: score=30.0, p95=8549.4ms, stale=29.4s, reconnects=0
2026-07-24 12:27:42,481 INFO trader_dost_arun.ops.alerts telegram disabled: ⚠️ <b>Health warning</b> bybit: score=30.0, p95=8549.4ms, stale=29.4s, reconnects=0
2026-07-24 12:27:42,499 INFO trader_dost_arun.ops.alerts telegram disabled: ⚠️ <b>Health warning</b> bybit: score=30.0, p95=8549.4ms, stale=29.4s, reconnects=0
2026-07-24 12:27:42,516 INFO trader_dost_arun.ops.alerts telegram disabled: ⚠️ <b>Health warning</b> bybit: score=30.0, p95=8549.4ms, stale=29.4s, reconnects=0
2026-07-24 12:27:42,534 INFO trader_dost_arun.ops.alerts telegram disabled: ⚠️ <b>Health warning</b> bybit: score=30.0, p95=8549.4ms, stale=29.5s, reconnects=0
2026-07-24 12:27:42,551 INFO trader_dost_arun.ops.alerts telegram disabled: ⚠️ <b>Health warning</b> bybit: score=30.0, p95=8549.4ms, stale=29.5s, reconnects=0
2026-07-24 12:27:42,570 INFO trader_dost_arun.ops.alerts telegram disabled: ⚠️ <b>Health warning</b> bybit: score=30.0, p95=8549.4ms, stale=29.5s, reconnects=0
2026-07-24 12:27:42,587 INFO trader_dost_arun.ops.alerts telegram disabled: ⚠️ <b>Health warning</b> bybit: score=30.0, p95=8549.4ms, stale=29.5s, reconnects=0
2026-07-24 12:27:42,605 INFO trader_dost_arun.ops.alerts telegram disabled: ⚠️ <b>Health warning</b> bybit: score=30.0, p95=8549.4ms, stale=29.5s, reconnects=0
2026-07-24 12:27:42,623 INFO trader_dost_arun.ops.alerts telegram disabled: ⚠️ <b>Health warning</b> bybit: score=30.0, p95=8549.4ms, stale=29.6s, reconnects=0
2026-07-24 12:27:42,641 INFO trader_dost_arun.ops.alerts telegram disabled: ⚠️ <b>Health warning</b> bybit: score=30.0, p95=8549.4ms, stale=29.6s, reconnects=0
2026-07-24 12:27:42,658 INFO trader_dost_arun.ops.alerts telegram disabled: ⚠️ <b>Health warning</b> bybit: score=30.0, p95=8549.4ms, stale=29.6s, reconnects=0
2026-07-24 12:27:42,682 INFO trader_dost_arun.ops.alerts telegram disabled: ⚠️ <b>Health warning</b> bybit: score=30.0, p95=8549.4ms, stale=29.6s, reconnects=0
2026-07-24 12:27:42,699 INFO trader_dost_arun.ops.alerts telegram disabled: ⚠️ <b>Health warning</b> bybit: score=30.0, p95=8549.4ms, stale=29.6s, reconnects=0
2026-07-24 12:27:42,718 INFO trader_dost_arun.ops.alerts telegram disabled: ⚠️ <b>Health warning</b> bybit: score=30.0, p95=8549.4ms, stale=29.7s, reconnects=0
2026-07-24 12:27:42,736 INFO trader_dost_arun.ops.alerts telegram disabled: ⚠️ <b>Health warning</b> bybit: score=30.0, p95=8549.4ms, stale=29.7s, reconnects=0
2026-07-24 12:27:42,754 INFO trader_dost_arun.ops.alerts telegram disabled: ⚠️ <b>Health warning</b> bybit: score=30.0, p95=8549.4ms, stale=29.7s, reconnects=0
2026-07-24 12:27:42,773 INFO trader_dost_arun.ops.alerts telegram disabled: ⚠️ <b>Health warning</b> bybit: score=30.0, p95=8549.4ms, stale=29.7s, reconnects=0
2026-07-24 12:27:42,791 INFO trader_dost_arun.ops.alerts telegram disabled: ⚠️ <b>Health warning</b> bybit: score=30.0, p95=8549.4ms, stale=29.7s, reconnects=0
2026-07-24 12:27:42,809 INFO trader_dost_arun.ops.alerts telegram disabled: ⚠️ <b>Health warning</b> bybit: score=30.0, p95=8549.4ms, stale=29.7s, reconnects=0
2026-07-24 12:27:42,828 INFO trader_dost_arun.ops.alerts telegram disabled: ⚠️ <b>Health warning</b> bybit: score=30.0, p95=8549.4ms, stale=29.8s, reconnects=0
2026-07-24 12:27:42,846 INFO trader_dost_arun.ops.alerts telegram disabled: ⚠️ <b>Health warning</b> bybit: score=30.0, p95=8549.4ms, stale=29.8s, reconnects=0
2026-07-24 12:27:42,864 INFO trader_dost_arun.ops.alerts telegram disabled: ⚠️ <b>Health warning</b> bybit: score=30.0, p95=8549.4ms, stale=29.8s, reconnects=0
2026-07-24 12:27:42,882 INFO trader_dost_arun.ops.alerts telegram disabled: ⚠️ <b>Health warning</b> bybit: score=30.0, p95=8549.4ms, stale=29.8s, reconnects=0
2026-07-24 12:27:42,900 INFO trader_dost_arun.ops.alerts telegram disabled: ⚠️ <b>Health warning</b> bybit: score=30.0, p95=8549.4ms, stale=29.8s, reconnects=0
2026-07-24 12:27:42,918 INFO trader_dost_arun.ops.alerts telegram disabled: ⚠️ <b>Health warning</b> bybit: score=30.0, p95=8549.4ms, stale=29.9s, reconnects=0
2026-07-24 12:27:42,937 INFO trader_dost_arun.ops.alerts telegram disabled: ⚠️ <b>Health warning</b> bybit: score=30.0, p95=8549.4ms, stale=29.9s, reconnects=0
2026-07-24 12:27:42,955 INFO trader_dost_arun.ops.alerts telegram disabled: ⚠️ <b>Health warning</b> bybit: score=30.0, p95=8549.4ms, stale=29.9s, reconnects=0
2026-07-24 12:27:42,979 INFO trader_dost_arun.ops.alerts telegram disabled: ⚠️ <b>Health warning</b> bybit: score=30.0, p95=8549.4ms, stale=29.9s, reconnects=0
2026-07-24 12:27:42,998 INFO trader_dost_arun.ops.alerts telegram disabled: ⚠️ <b>Health warning</b> bybit: score=30.0, p95=8549.4ms, stale=29.9s, reconnects=0
2026-07-24 12:27:43,017 INFO trader_dost_arun.ops.alerts telegram disabled: ⚠️ <b>Health warning</b> bybit: score=30.0, p95=8549.4ms, stale=29.9s, reconnects=0
2026-07-24 12:27:43,035 INFO trader_dost_arun.ops.alerts telegram disabled: ⚠️ <b>Health warning</b> bybit: score=30.0, p95=8549.4ms, stale=30.0s, reconnects=0
2026-07-24 12:27:43,053 INFO trader_dost_arun.ops.alerts telegram disabled: ⚠️ <b>Health warning</b> bybit: score=30.0, p95=8549.4ms, stale=30.0s, reconnects=0
2026-07-24 12:27:43,071 INFO trader_dost_arun.ops.alerts telegram disabled: ⚠️ <b>Health warning</b> bybit: score=30.0, p95=8549.4ms, stale=30.0s, reconnects=0
2026-07-24 12:27:43,089 INFO trader_dost_arun.ops.alerts telegram disabled: ⚠️ <b>Health warning</b> bybit: score=30.0, p95=8549.4ms, stale=30.0s, reconnects=0
2026-07-24 12:27:43,107 INFO trader_dost_arun.ops.alerts telegram disabled: ⚠️ <b>Health warning</b> bybit: score=30.0, p95=8549.4ms, stale=30.0s, reconnects=0
2026-07-24 12:27:43,129 INFO trader_dost_arun.ops.alerts telegram disabled: ⚠️ <b>Health warning</b> bybit: score=30.0, p95=8549.4ms, stale=30.1s, reconnects=0
2026-07-24 12:27:43,151 INFO trader_dost_arun.ops.alerts telegram disabled: ⚠️ <b>Health warning</b> bybit: score=30.0, p95=8549.4ms, stale=30.1s, reconnects=0
2026-07-24 12:27:43,174 INFO trader_dost_arun.ops.alerts telegram disabled: ⚠️ <b>Health warning</b> bybit: score=30.0, p95=8549.4ms, stale=30.1s, reconnects=0
2026-07-24 12:27:43,193 INFO trader_dost_arun.ops.alerts telegram disabled: ⚠️ <b>Health warning</b> bybit: score=30.0, p95=8549.4ms, stale=30.1s, reconnects=0
2026-07-24 12:27:43,213 INFO trader_dost_arun.ops.alerts telegram disabled: ⚠️ <b>Health warning</b> bybit: score=30.0, p95=8549.4ms, stale=30.1s, reconnects=0
2026-07-24 12:27:43,233 INFO trader_dost_arun.ops.alerts telegram disabled: ⚠️ <b>Health warning</b> bybit: score=30.0, p95=8549.4ms, stale=30.2s, reconnects=0
2026-07-24 12:27:43,253 INFO trader_dost_arun.ops.alerts telegram disabled: ⚠️ <b>Health warning</b> bybit: score=30.0, p95=8549.4ms, stale=30.2s, reconnects=0
2026-07-24 12:27:43,273 INFO trader_dost_arun.ops.alerts telegram disabled: ⚠️ <b>Health warning</b> bybit: score=30.0, p95=8549.4ms, stale=30.2s, reconnects=0
2026-07-24 12:27:43,292 INFO trader_dost_arun.ops.alerts telegram disabled: ⚠️ <b>Health warning</b> bybit: score=30.0, p95=8549.4ms, stale=30.2s, reconnects=0
2026-07-24 12:27:43,313 INFO trader_dost_arun.ops.alerts telegram disabled: ⚠️ <b>Health warning</b> bybit: score=30.0, p95=8549.4ms, stale=30.2s, reconnects=0
2026-07-24 12:27:43,339 INFO trader_dost_arun.ops.alerts telegram disabled: ⚠️ <b>Health warning</b> bybit: score=30.0, p95=8549.4ms, stale=30.3s, reconnects=0
2026-07-24 12:27:43,360 INFO trader_dost_arun.ops.alerts telegram disabled: ⚠️ <b>Health warning</b> bybit: score=30.0, p95=8549.4ms, stale=30.3s, reconnects=0
2026-07-24 12:27:43,380 INFO trader_dost_arun.ops.alerts telegram disabled: ⚠️ <b>Health warning</b> bybit: score=30.0, p95=8549.4ms, stale=30.3s, reconnects=0
2026-07-24 12:27:43,399 INFO trader_dost_arun.ops.alerts telegram disabled: ⚠️ <b>Health warning</b> bybit: score=30.0, p95=8549.4ms, stale=30.3s, reconnects=0
2026-07-24 12:27:43,418 INFO trader_dost_arun.ops.alerts telegram disabled: ⚠️ <b>Health warning</b> bybit: score=30.0, p95=8549.4ms, stale=30.4s, reconnects=0
2026-07-24 12:27:43,437 INFO trader_dost_arun.ops.alerts telegram disabled: ⚠️ <b>Health warning</b> bybit: score=30.0, p95=8549.4ms, stale=30.4s, reconnects=0
2026-07-24 12:27:43,456 INFO trader_dost_arun.ops.alerts telegram disabled: ⚠️ <b>Health warning</b> bybit: score=30.0, p95=8549.4ms, stale=30.4s, reconnects=0
2026-07-24 12:27:43,475 INFO trader_dost_arun.ops.alerts telegram disabled: ⚠️ <b>Health warning</b> bybit: score=30.0, p95=8549.4ms, stale=30.4s, reconnects=0
2026-07-24 12:27:43,495 INFO trader_dost_arun.ops.alerts telegram disabled: ⚠️ <b>Health warning</b> bybit: score=30.0, p95=8549.4ms, stale=30.4s, reconnects=0
2026-07-24 12:27:43,517 INFO trader_dost_arun.ops.alerts telegram disabled: ⚠️ <b>Health warning</b> bybit: score=30.0, p95=8549.4ms, stale=30.4s, reconnects=0
2026-07-24 12:27:43,536 INFO trader_dost_arun.ops.alerts telegram disabled: ⚠️ <b>Health warning</b> bybit: score=30.0, p95=8549.4ms, stale=30.5s, reconnects=0
2026-07-24 12:27:43,555 INFO trader_dost_arun.ops.alerts telegram disabled: ⚠️ <b>Health warning</b> bybit: score=30.0, p95=8549.4ms, stale=30.5s, reconnects=0
2026-07-24 12:27:43,574 INFO trader_dost_arun.ops.alerts telegram disabled: ⚠️ <b>Health warning</b> bybit: score=30.0, p95=8549.4ms, stale=30.5s, reconnects=0
2026-07-24 12:27:43,592 INFO trader_dost_arun.ops.alerts telegram disabled: ⚠️ <b>Health warning</b> bybit: score=30.0, p95=8549.4ms, stale=30.5s, reconnects=0
2026-07-24 12:27:43,610 INFO trader_dost_arun.ops.alerts telegram disabled: ⚠️ <b>Health warning</b> bybit: score=30.0, p95=8549.4ms, stale=30.5s, reconnects=0
2026-07-24 12:27:43,629 INFO trader_dost_arun.ops.alerts telegram disabled: ⚠️ <b>Health warning</b> bybit: score=30.0, p95=8549.4ms, stale=30.6s, reconnects=0
2026-07-24 12:27:43,654 INFO trader_dost_arun.ops.alerts telegram disabled: ⚠️ <b>Health warning</b> bybit: score=30.0, p95=8549.4ms, stale=30.6s, reconnects=0
2026-07-24 12:27:43,675 INFO trader_dost_arun.ops.alerts telegram disabled: ⚠️ <b>Health warning</b> bybit: score=30.0, p95=8549.4ms, stale=30.6s, reconnects=0
2026-07-24 12:27:43,696 INFO trader_dost_arun.ops.alerts telegram disabled: ⚠️ <b>Health warning</b> bybit: score=30.0, p95=8549.4ms, stale=30.6s, reconnects=0
2026-07-24 12:27:43,717 INFO trader_dost_arun.ops.alerts telegram disabled: ⚠️ <b>Health warning</b> bybit: score=30.0, p95=8549.4ms, stale=30.7s, reconnects=0
2026-07-24 12:27:43,737 INFO trader_dost_arun.ops.alerts telegram disabled: ⚠️ <b>Health warning</b> bybit: score=30.0, p95=8549.4ms, stale=30.7s, reconnects=0
2026-07-24 12:27:43,757 INFO trader_dost_arun.ops.alerts telegram disabled: ⚠️ <b>Health warning</b> bybit: score=30.0, p95=8549.4ms, stale=30.7s, reconnects=0
2026-07-24 12:27:43,776 INFO trader_dost_arun.ops.alerts telegram disabled: ⚠️ <b>Health warning</b> bybit: score=30.0, p95=8549.4ms, stale=30.7s, reconnects=0
2026-07-24 12:27:43,794 INFO trader_dost_arun.ops.alerts telegram disabled: ⚠️ <b>Health warning</b> bybit: score=30.0, p95=8549.4ms, stale=30.7s, reconnects=0
2026-07-24 12:27:43,813 INFO trader_dost_arun.ops.alerts telegram disabled: ⚠️ <b>Health warning</b> bybit: score=30.0, p95=8549.4ms, stale=30.7s, reconnects=0
2026-07-24 12:27:43,833 INFO trader_dost_arun.ops.alerts telegram disabled: ⚠️ <b>Health warning</b> bybit: score=30.0, p95=8549.4ms, stale=30.8s, reconnects=0
2026-07-24 12:27:43,853 INFO trader_dost_arun.ops.alerts telegram disabled: ⚠️ <b>Health warning</b> bybit: score=30.0, p95=8549.4ms, stale=30.8s, reconnects=0
2026-07-24 12:27:43,872 INFO trader_dost_arun.ops.alerts telegram disabled: ⚠️ <b>Health warning</b> bybit: score=30.0, p95=8549.4ms, stale=30.8s, reconnects=0
2026-07-24 12:27:43,891 INFO trader_dost_arun.ops.alerts telegram disabled: ⚠️ <b>Health warning</b> bybit: score=30.0, p95=8549.4ms, stale=30.8s, reconnects=0
2026-07-24 12:27:43,910 INFO trader_dost_arun.ops.alerts telegram disabled: ⚠️ <b>Health warning</b> bybit: score=30.0, p95=8549.4ms, stale=30.8s, reconnects=0
2026-07-24 12:27:43,931 INFO trader_dost_arun.ops.alerts telegram disabled: ⚠️ <b>Health warning</b> bybit: score=30.0, p95=8549.4ms, stale=30.9s, reconnects=0
2026-07-24 12:27:43,950 INFO trader_dost_arun.ops.alerts telegram disabled: ⚠️ <b>Health warning</b> bybit: score=30.0, p95=8549.4ms, stale=30.9s, reconnects=0
2026-07-24 12:27:43,969 INFO trader_dost_arun.ops.alerts telegram disabled: ⚠️ <b>Health warning</b> bybit: score=30.0, p95=8549.4ms, stale=30.9s, reconnects=0
2026-07-24 12:27:43,988 INFO trader_dost_arun.ops.alerts telegram disabled: ⚠️ <b>Health warning</b> bybit: score=30.0, p95=8549.4ms, stale=30.9s, reconnects=0
2026-07-24 12:27:44,013 INFO trader_dost_arun.ops.alerts telegram disabled: ⚠️ <b>Health warning</b> bybit: score=30.0, p95=8549.4ms, stale=30.9s, reconnects=0
2026-07-24 12:27:44,033 INFO trader_dost_arun.ops.alerts telegram disabled: ⚠️ <b>Health warning</b> bybit: score=30.0, p95=8549.4ms, stale=31.0s, reconnects=0
2026-07-24 12:27:44,052 INFO trader_dost_arun.ops.alerts telegram disabled: ⚠️ <b>Health warning</b> bybit: score=30.0, p95=8549.4ms, stale=31.0s, reconnects=0
2026-07-24 12:27:44,071 INFO trader_dost_arun.ops.alerts telegram disabled: ⚠️ <b>Health warning</b> bybit: score=30.0, p95=8549.4ms, stale=31.0s, reconnects=0
2026-07-24 12:27:44,090 INFO trader_dost_arun.ops.alerts telegram disabled: ⚠️ <b>Health warning</b> bybit: score=30.0, p95=8549.4ms, stale=31.0s, reconnects=0
2026-07-24 12:27:44,109 INFO trader_dost_arun.ops.alerts telegram disabled: ⚠️ <b>Health warning</b> bybit: score=30.0, p95=8549.4ms, stale=31.0s, reconnects=0
2026-07-24 12:27:44,129 INFO trader_dost_arun.ops.alerts telegram disabled: ⚠️ <b>Health warning</b> bybit: score=30.0, p95=8549.4ms, stale=31.1s, reconnects=0
2026-07-24 12:27:44,147 INFO trader_dost_arun.ops.alerts telegram disabled: ⚠️ <b>Health warning</b> bybit: score=30.0, p95=8549.4ms, stale=31.1s, reconnects=0
2026-07-24 12:27:44,166 INFO trader_dost_arun.ops.alerts telegram disabled: ⚠️ <b>Health warning</b> bybit: score=30.0, p95=8549.4ms, stale=31.1s, reconnects=0
2026-07-24 12:27:44,186 INFO trader_dost_arun.ops.alerts telegram disabled: ⚠️ <b>Health warning</b> bybit: score=30.0, p95=8549.4ms, stale=31.1s, reconnects=0
2026-07-24 12:27:44,206 INFO trader_dost_arun.ops.alerts telegram disabled: ⚠️ <b>Health warning</b> bybit: score=30.0, p95=8549.4ms, stale=31.1s, reconnects=0
2026-07-24 12:27:44,226 INFO trader_dost_arun.ops.alerts telegram disabled: ⚠️ <b>Health warning</b> bybit: score=30.0, p95=8549.4ms, stale=31.2s, reconnects=0
2026-07-24 12:27:44,245 INFO trader_dost_arun.ops.alerts telegram disabled: ⚠️ <b>Health warning</b> bybit: score=30.0, p95=8549.4ms, stale=31.2s, reconnects=0
2026-07-24 12:27:44,263 INFO trader_dost_arun.ops.alerts telegram disabled: ⚠️ <b>Health warning</b> bybit: score=30.0, p95=8549.4ms, stale=31.2s, reconnects=0
2026-07-24 12:27:44,282 INFO trader_dost_arun.ops.alerts telegram disabled: ⚠️ <b>Health warning</b> bybit: score=30.0, p95=8549.4ms, stale=31.2s, reconnects=0
2026-07-24 12:27:44,300 INFO trader_dost_arun.ops.alerts telegram disabled: ⚠️ <b>Health warning</b> bybit: score=30.0, p95=8549.4ms, stale=31.2s, reconnects=0
2026-07-24 12:27:44,318 INFO trader_dost_arun.ops.alerts telegram disabled: ⚠️ <b>Health warning</b> bybit: score=30.0, p95=8549.4ms, stale=31.3s, reconnects=0
2026-07-24 12:27:44,342 INFO trader_dost_arun.ops.alerts telegram disabled: ⚠️ <b>Health warning</b> bybit: score=30.0, p95=8549.4ms, stale=31.3s, reconnects=0
2026-07-24 12:27:44,361 INFO trader_dost_arun.ops.alerts telegram disabled: ⚠️ <b>Health warning</b> bybit: score=30.0, p95=8549.4ms, stale=31.3s, reconnects=0
2026-07-24 12:27:44,379 INFO trader_dost_arun.ops.alerts telegram disabled: ⚠️ <b>Health warning</b> bybit: score=30.0, p95=8549.4ms, stale=31.3s, reconnects=0
2026-07-24 12:27:44,398 INFO trader_dost_arun.ops.alerts telegram disabled: ⚠️ <b>Health warning</b> bybit: score=30.0, p95=8549.4ms, stale=31.3s, reconnects=0
2026-07-24 12:27:44,417 INFO trader_dost_arun.ops.alerts telegram disabled: ⚠️ <b>Health warning</b> bybit: score=30.0, p95=8549.4ms, stale=31.4s, reconnects=0
2026-07-24 12:27:44,436 INFO trader_dost_arun.ops.alerts telegram disabled: ⚠️ <b>Health warning</b> bybit: score=30.0, p95=8549.4ms, stale=31.4s, reconnects=0
2026-07-24 12:27:44,455 INFO trader_dost_arun.ops.alerts telegram disabled: ⚠️ <b>Health warning</b> bybit: score=30.0, p95=8549.4ms, stale=31.4s, reconnects=0
2026-07-24 12:27:44,474 INFO trader_dost_arun.ops.alerts telegram disabled: ⚠️ <b>Health warning</b> bybit: score=30.0, p95=8549.4ms, stale=31.4s, reconnects=0
2026-07-24 12:27:44,493 INFO trader_dost_arun.ops.alerts telegram disabled: ⚠️ <b>Health warning</b> bybit: score=30.0, p95=8549.4ms, stale=31.4s, reconnects=0
2026-07-24 12:27:44,512 INFO trader_dost_arun.ops.alerts telegram disabled: ⚠️ <b>Health warning</b> bybit: score=30.0, p95=8549.4ms, stale=31.4s, reconnects=0
2026-07-24 12:27:44,530 INFO trader_dost_arun.ops.alerts telegram disabled: ⚠️ <b>Health warning</b> bybit: score=30.0, p95=8549.4ms, stale=31.5s, reconnects=0
2026-07-24 12:27:44,549 INFO trader_dost_arun.ops.alerts telegram disabled: ⚠️ <b>Health warning</b> bybit: score=30.0, p95=8549.4ms, stale=31.5s, reconnects=0
2026-07-24 12:27:44,568 INFO trader_dost_arun.ops.alerts telegram disabled: ⚠️ <b>Health warning</b> bybit: score=30.0, p95=8549.4ms, stale=31.5s, reconnects=0
2026-07-24 12:27:44,587 INFO trader_dost_arun.ops.alerts telegram disabled: ⚠️ <b>Health warning</b> bybit: score=30.0, p95=8549.4ms, stale=31.5s, reconnects=0
2026-07-24 12:27:44,608 INFO trader_dost_arun.ops.alerts telegram disabled: ⚠️ <b>Health warning</b> bybit: score=30.0, p95=8549.4ms, stale=31.5s, reconnects=0
2026-07-24 12:27:44,629 INFO trader_dost_arun.ops.alerts telegram disabled: ⚠️ <b>Health warning</b> bybit: score=30.0, p95=8549.4ms, stale=31.6s, reconnects=0
2026-07-24 12:27:44,657 INFO trader_dost_arun.ops.alerts telegram disabled: ⚠️ <b>Health warning</b> bybit: score=30.0, p95=8549.4ms, stale=31.6s, reconnects=0
2026-07-24 12:27:44,678 INFO trader_dost_arun.ops.alerts telegram disabled: ⚠️ <b>Health warning</b> bybit: score=30.0, p95=8549.4ms, stale=31.6s, reconnects=0
2026-07-24 12:27:44,699 INFO trader_dost_arun.ops.alerts telegram disabled: ⚠️ <b>Health warning</b> bybit: score=30.0, p95=8549.4ms, stale=31.6s, reconnects=0
2026-07-24 12:27:44,720 INFO trader_dost_arun.ops.alerts telegram disabled: ⚠️ <b>Health warning</b> bybit: score=30.0, p95=8549.4ms, stale=31.7s, reconnects=0
2026-07-24 12:27:44,741 INFO trader_dost_arun.ops.alerts telegram disabled: ⚠️ <b>Health warning</b> bybit: score=30.0, p95=8549.4ms, stale=31.7s, reconnects=0
2026-07-24 12:27:44,761 INFO trader_dost_arun.ops.alerts telegram disabled: ⚠️ <b>Health warning</b> bybit: score=30.0, p95=8549.4ms, stale=31.7s, reconnects=0
2026-07-24 12:27:44,782 INFO trader_dost_arun.ops.alerts telegram disabled: ⚠️ <b>Health warning</b> bybit: score=30.0, p95=8549.4ms, stale=31.7s, reconnects=0
2026-07-24 12:27:44,805 INFO trader_dost_arun.ops.alerts telegram disabled: ⚠️ <b>Health warning</b> bybit: score=30.0, p95=8549.4ms, stale=31.7s, reconnects=0
2026-07-24 12:27:44,833 INFO trader_dost_arun.ops.alerts telegram disabled: ⚠️ <b>Health warning</b> bybit: score=30.0, p95=8549.4ms, stale=31.8s, reconnects=0
2026-07-24 12:27:44,854 INFO trader_dost_arun.ops.alerts telegram disabled: ⚠️ <b>Health warning</b> bybit: score=30.0, p95=8549.4ms, stale=31.8s, reconnects=0
2026-07-24 12:27:44,873 INFO trader_dost_arun.ops.alerts telegram disabled: ⚠️ <b>Health warning</b> bybit: score=30.0, p95=8549.4ms, stale=31.8s, reconnects=0
2026-07-24 12:27:44,895 INFO trader_dost_arun.ops.alerts telegram disabled: ⚠️ <b>Health warning</b> bybit: score=30.0, p95=8549.4ms, stale=31.8s, reconnects=0
2026-07-24 12:27:44,917 INFO trader_dost_arun.ops.alerts telegram disabled: ⚠️ <b>Health warning</b> bybit: score=30.0, p95=8549.4ms, stale=31.9s, reconnects=0
2026-07-24 12:27:44,942 INFO trader_dost_arun.ops.alerts telegram disabled: ⚠️ <b>Health warning</b> bybit: score=30.0, p95=8549.4ms, stale=31.9s, reconnects=0
2026-07-24 12:27:44,964 INFO trader_dost_arun.ops.alerts telegram disabled: ⚠️ <b>Health warning</b> bybit: score=30.0, p95=8549.4ms, stale=31.9s, reconnects=0
2026-07-24 12:27:44,987 INFO trader_dost_arun.ops.alerts telegram disabled: ⚠️ <b>Health warning</b> bybit: score=30.0, p95=8549.4ms, stale=31.9s, reconnects=0
2026-07-24 12:27:45,007 INFO trader_dost_arun.ops.alerts telegram disabled: ⚠️ <b>Health warning</b> bybit: score=30.0, p95=8549.4ms, stale=31.9s, reconnects=0
2026-07-24 12:27:45,033 INFO trader_dost_arun.ops.alerts telegram disabled: ⚠️ <b>Health warning</b> bybit: score=30.0, p95=8549.4ms, stale=32.0s, reconnects=0
2026-07-24 12:27:45,057 INFO trader_dost_arun.ops.alerts telegram disabled: ⚠️ <b>Health warning</b> bybit: score=30.0, p95=8549.4ms, stale=32.0s, reconnects=0
2026-07-24 12:27:45,080 INFO trader_dost_arun.ops.alerts telegram disabled: ⚠️ <b>Health warning</b> bybit: score=30.0, p95=8549.4ms, stale=32.0s, reconnects=0
2026-07-24 12:27:45,102 INFO trader_dost_arun.ops.alerts telegram disabled: ⚠️ <b>Health warning</b> bybit: score=30.0, p95=8549.4ms, stale=32.0s, reconnects=0
2026-07-24 12:27:45,122 INFO trader_dost_arun.ops.alerts telegram disabled: ⚠️ <b>Health warning</b> bybit: score=30.0, p95=8549.4ms, stale=32.1s, reconnects=0
2026-07-24 12:27:45,144 INFO trader_dost_arun.ops.alerts telegram disabled: ⚠️ <b>Health warning</b> bybit: score=30.0, p95=8549.4ms, stale=32.1s, reconnects=0
2026-07-24 12:27:45,166 INFO trader_dost_arun.ops.alerts telegram disabled: ⚠️ <b>Health warning</b> bybit: score=30.0, p95=8549.4ms, stale=32.1s, reconnects=0
2026-07-24 12:27:45,186 INFO trader_dost_arun.ops.alerts telegram disabled: ⚠️ <b>Health warning</b> bybit: score=30.0, p95=8549.4ms, stale=32.1s, reconnects=0
2026-07-24 12:27:45,206 INFO trader_dost_arun.ops.alerts telegram disabled: ⚠️ <b>Health warning</b> bybit: score=30.0, p95=8549.4ms, stale=32.1s, reconnects=0
2026-07-24 12:27:45,227 INFO trader_dost_arun.ops.alerts telegram disabled: ⚠️ <b>Health warning</b> bybit: score=30.0, p95=8549.4ms, stale=32.2s, reconnects=0
2026-07-24 12:27:45,247 INFO trader_dost_arun.ops.alerts telegram disabled: ⚠️ <b>Health warning</b> bybit: score=30.0, p95=8549.4ms, stale=32.2s, reconnects=0
2026-07-24 12:27:45,267 INFO trader_dost_arun.ops.alerts telegram disabled: ⚠️ <b>Health warning</b> bybit: score=30.0, p95=8549.4ms, stale=32.2s, reconnects=0
2026-07-24 12:27:45,286 INFO trader_dost_arun.ops.alerts telegram disabled: ⚠️ <b>Health warning</b> bybit: score=30.0, p95=8549.4ms, stale=32.2s, reconnects=0
2026-07-24 12:27:45,307 INFO trader_dost_arun.ops.alerts telegram disabled: ⚠️ <b>Health warning</b> bybit: score=30.0, p95=8549.4ms, stale=32.2s, reconnects=0
2026-07-24 12:27:45,326 INFO trader_dost_arun.ops.alerts telegram disabled: ⚠️ <b>Health warning</b> bybit: score=30.0, p95=8549.4ms, stale=32.3s, reconnects=0
2026-07-24 12:27:45,347 INFO trader_dost_arun.ops.alerts telegram disabled: ⚠️ <b>Health warning</b> bybit: score=30.0, p95=8549.4ms, stale=32.3s, reconnects=0
2026-07-24 12:27:45,368 INFO trader_dost_arun.ops.alerts telegram disabled: ⚠️ <b>Health warning</b> bybit: score=30.0, p95=8549.4ms, stale=32.3s, reconnects=0
2026-07-24 12:27:45,394 INFO trader_dost_arun.ops.alerts telegram disabled: ⚠️ <b>Health warning</b> bybit: score=30.0, p95=8549.4ms, stale=32.3s, reconnects=0
2026-07-24 12:27:45,414 INFO trader_dost_arun.ops.alerts telegram disabled: ⚠️ <b>Health warning</b> bybit: score=30.0, p95=8549.4ms, stale=32.3s, reconnects=0
2026-07-24 12:27:45,434 INFO trader_dost_arun.ops.alerts telegram disabled: ⚠️ <b>Health warning</b> bybit: score=30.0, p95=8549.4ms, stale=32.4s, reconnects=0
2026-07-24 12:27:45,454 INFO trader_dost_arun.ops.alerts telegram disabled: ⚠️ <b>Health warning</b> bybit: score=30.0, p95=8549.4ms, stale=32.4s, reconnects=0
2026-07-24 12:27:45,474 INFO trader_dost_arun.ops.alerts telegram disabled: ⚠️ <b>Health warning</b> bybit: score=30.0, p95=8549.4ms, stale=32.4s, reconnects=0
2026-07-24 12:27:45,493 INFO trader_dost_arun.ops.alerts telegram disabled: ⚠️ <b>Health warning</b> bybit: score=30.0, p95=8549.4ms, stale=32.4s, reconnects=0
2026-07-24 12:27:45,513 INFO trader_dost_arun.ops.alerts telegram disabled: ⚠️ <b>Health warning</b> bybit: score=30.0, p95=8549.4ms, stale=32.4s, reconnects=0
2026-07-24 12:27:45,532 INFO trader_dost_arun.ops.alerts telegram disabled: ⚠️ <b>Health warning</b> bybit: score=30.0, p95=8549.4ms, stale=32.5s, reconnects=0
2026-07-24 12:27:45,551 INFO trader_dost_arun.ops.alerts telegram disabled: ⚠️ <b>Health warning</b> bybit: score=30.0, p95=8549.4ms, stale=32.5s, reconnects=0
2026-07-24 12:27:45,574 INFO trader_dost_arun.ops.alerts telegram disabled: ⚠️ <b>Health warning</b> bybit: score=30.0, p95=8549.4ms, stale=32.5s, reconnects=0
2026-07-24 12:27:45,594 INFO trader_dost_arun.ops.alerts telegram disabled: ⚠️ <b>Health warning</b> bybit: score=30.0, p95=8549.4ms, stale=32.5s, reconnects=0
2026-07-24 12:27:45,614 INFO trader_dost_arun.ops.alerts telegram disabled: ⚠️ <b>Health warning</b> bybit: score=30.0, p95=8549.4ms, stale=32.5s, reconnects=0
2026-07-24 12:27:45,636 INFO trader_dost_arun.ops.alerts telegram disabled: ⚠️ <b>Health warning</b> bybit: score=30.0, p95=8549.4ms, stale=32.6s, reconnects=0
2026-07-24 12:27:45,658 INFO trader_dost_arun.ops.alerts telegram disabled: ⚠️ <b>Health warning</b> bybit: score=30.0, p95=8549.4ms, stale=32.6s, reconnects=0
2026-07-24 12:27:45,680 INFO trader_dost_arun.ops.alerts telegram disabled: ⚠️ <b>Health warning</b> bybit: score=30.0, p95=8549.4ms, stale=32.6s, reconnects=0
2026-07-24 12:27:45,699 INFO trader_dost_arun.ops.alerts telegram disabled: ⚠️ <b>Health warning</b> bybit: score=30.0, p95=8549.4ms, stale=32.6s, reconnects=0
2026-07-24 12:27:45,720 INFO trader_dost_arun.ops.alerts telegram disabled: ⚠️ <b>Health warning</b> bybit: score=30.0, p95=8549.4ms, stale=32.7s, reconnects=0
2026-07-24 12:27:45,746 INFO trader_dost_arun.ops.alerts telegram disabled: ⚠️ <b>Health warning</b> bybit: score=30.0, p95=8549.4ms, stale=32.7s, reconnects=0
2026-07-24 12:27:45,768 INFO trader_dost_arun.ops.alerts telegram disabled: ⚠️ <b>Health warning</b> bybit: score=30.0, p95=8549.4ms, stale=32.7s, reconnects=0
2026-07-24 12:27:45,790 INFO trader_dost_arun.ops.alerts telegram disabled: ⚠️ <b>Health warning</b> bybit: score=30.0, p95=8549.4ms, stale=32.7s, reconnects=0
2026-07-24 12:27:45,814 INFO trader_dost_arun.ops.alerts telegram disabled: ⚠️ <b>Health warning</b> bybit: score=30.0, p95=8549.4ms, stale=32.7s, reconnects=0
2026-07-24 12:27:45,835 INFO trader_dost_arun.ops.alerts telegram disabled: ⚠️ <b>Health warning</b> bybit: score=30.0, p95=8549.4ms, stale=32.8s, reconnects=0
2026-07-24 12:27:45,855 INFO trader_dost_arun.ops.alerts telegram disabled: ⚠️ <b>Health warning</b> bybit: score=30.0, p95=8549.4ms, stale=32.8s, reconnects=0
2026-07-24 12:27:45,877 INFO trader_dost_arun.ops.alerts telegram disabled: ⚠️ <b>Health warning</b> bybit: score=30.0, p95=8549.4ms, stale=32.8s, reconnects=0
2026-07-24 12:27:45,897 INFO trader_dost_arun.ops.alerts telegram disabled: ⚠️ <b>Health warning</b> bybit: score=30.0, p95=8549.4ms, stale=32.8s, reconnects=0
2026-07-24 12:27:45,917 INFO trader_dost_arun.ops.alerts telegram disabled: ⚠️ <b>Health warning</b> bybit: score=30.0, p95=8549.4ms, stale=32.9s, reconnects=0
2026-07-24 12:27:45,939 INFO trader_dost_arun.ops.alerts telegram disabled: ⚠️ <b>Health warning</b> bybit: score=30.0, p95=8549.4ms, stale=32.9s, reconnects=0
2026-07-24 12:27:45,959 INFO trader_dost_arun.ops.alerts telegram disabled: ⚠️ <b>Health warning</b> bybit: score=30.0, p95=8549.4ms, stale=32.9s, reconnects=0
2026-07-24 12:27:45,981 INFO trader_dost_arun.ops.alerts telegram disabled: ⚠️ <b>Health warning</b> bybit: score=30.0, p95=8549.4ms, stale=32.9s, reconnects=0
2026-07-24 12:27:46,002 INFO trader_dost_arun.ops.alerts telegram disabled: ⚠️ <b>Health warning</b> bybit: score=30.0, p95=8549.4ms, stale=32.9s, reconnects=0
2026-07-24 12:27:46,023 INFO trader_dost_arun.ops.alerts telegram disabled: ⚠️ <b>Health warning</b> bybit: score=30.0, p95=8549.4ms, stale=33.0s, reconnects=0
2026-07-24 12:27:46,044 INFO trader_dost_arun.ops.alerts telegram disabled: ⚠️ <b>Health warning</b> bybit: score=30.0, p95=8549.4ms, stale=33.0s, reconnects=0
2026-07-24 12:27:46,065 INFO trader_dost_arun.ops.alerts telegram disabled: ⚠️ <b>Health warning</b> bybit: score=30.0, p95=8549.4ms, stale=33.0s, reconnects=0
2026-07-24 12:27:46,085 INFO trader_dost_arun.ops.alerts telegram disabled: ⚠️ <b>Health warning</b> bybit: score=30.0, p95=8549.4ms, stale=33.0s, reconnects=0
2026-07-24 12:27:46,111 INFO trader_dost_arun.ops.alerts telegram disabled: ⚠️ <b>Health warning</b> bybit: score=30.0, p95=8549.4ms, stale=33.0s, reconnects=0
2026-07-24 12:27:46,133 INFO trader_dost_arun.ops.alerts telegram disabled: ⚠️ <b>Health warning</b> bybit: score=30.0, p95=8549.4ms, stale=33.1s, reconnects=0
2026-07-24 12:27:46,153 INFO trader_dost_arun.ops.alerts telegram disabled: ⚠️ <b>Health warning</b> bybit: score=30.0, p95=8549.4ms, stale=33.1s, reconnects=0
2026-07-24 12:27:46,174 INFO trader_dost_arun.ops.alerts telegram disabled: ⚠️ <b>Health warning</b> bybit: score=30.0, p95=8549.4ms, stale=33.1s, reconnects=0
2026-07-24 12:27:46,194 INFO trader_dost_arun.ops.alerts telegram disabled: ⚠️ <b>Health warning</b> bybit: score=30.0, p95=8549.4ms, stale=33.1s, reconnects=0
2026-07-24 12:27:46,215 INFO trader_dost_arun.ops.alerts telegram disabled: ⚠️ <b>Health warning</b> bybit: score=30.0, p95=8549.4ms, stale=33.1s, reconnects=0
2026-07-24 12:27:46,238 INFO trader_dost_arun.ops.alerts telegram disabled: ⚠️ <b>Health warning</b> bybit: score=30.0, p95=8549.4ms, stale=33.2s, reconnects=0
2026-07-24 12:27:46,264 INFO trader_dost_arun.ops.alerts telegram disabled: ⚠️ <b>Health warning</b> bybit: score=30.0, p95=8549.4ms, stale=33.2s, reconnects=0
2026-07-24 12:27:46,288 INFO trader_dost_arun.ops.alerts telegram disabled: ⚠️ <b>Health warning</b> bybit: score=30.0, p95=8549.4ms, stale=33.2s, reconnects=0
2026-07-24 12:27:46,317 INFO trader_dost_arun.ops.alerts telegram disabled: ⚠️ <b>Health warning</b> bybit: score=30.0, p95=8549.4ms, stale=33.3s, reconnects=0
2026-07-24 12:27:46,339 INFO trader_dost_arun.ops.alerts telegram disabled: ⚠️ <b>Health warning</b> bybit: score=30.0, p95=8549.4ms, stale=33.3s, reconnects=0
2026-07-24 12:27:46,360 INFO trader_dost_arun.ops.alerts telegram disabled: ⚠️ <b>Health warning</b> bybit: score=30.0, p95=8549.4ms, stale=33.3s, reconnects=0
2026-07-24 12:27:46,379 INFO trader_dost_arun.ops.alerts telegram disabled: ⚠️ <b>Health warning</b> bybit: score=30.0, p95=8549.4ms, stale=33.3s, reconnects=0
2026-07-24 12:27:46,400 INFO trader_dost_arun.ops.alerts telegram disabled: ⚠️ <b>Health warning</b> bybit: score=30.0, p95=8549.4ms, stale=33.3s, reconnects=0
2026-07-24 12:27:46,421 INFO trader_dost_arun.ops.alerts telegram disabled: ⚠️ <b>Health warning</b> bybit: score=30.0, p95=8549.4ms, stale=33.4s, reconnects=0
2026-07-24 12:27:46,441 INFO trader_dost_arun.ops.alerts telegram disabled: ⚠️ <b>Health warning</b> bybit: score=30.0, p95=8549.4ms, stale=33.4s, reconnects=0
2026-07-24 12:27:46,461 INFO trader_dost_arun.ops.alerts telegram disabled: ⚠️ <b>Health warning</b> bybit: score=30.0, p95=8549.4ms, stale=33.4s, reconnects=0
2026-07-24 12:27:46,487 INFO trader_dost_arun.ops.alerts telegram disabled: ⚠️ <b>Health warning</b> bybit: score=30.0, p95=8549.4ms, stale=33.4s, reconnects=0
2026-07-24 12:27:46,507 INFO trader_dost_arun.ops.alerts telegram disabled: ⚠️ <b>Health warning</b> bybit: score=30.0, p95=8549.4ms, stale=33.4s, reconnects=0
2026-07-24 12:27:46,529 INFO trader_dost_arun.ops.alerts telegram disabled: ⚠️ <b>Health warning</b> bybit: score=30.0, p95=8549.4ms, stale=33.5s, reconnects=0
2026-07-24 12:27:46,550 INFO trader_dost_arun.ops.alerts telegram disabled: ⚠️ <b>Health warning</b> bybit: score=30.0, p95=8549.4ms, stale=33.5s, reconnects=0
2026-07-24 12:27:46,570 INFO trader_dost_arun.ops.alerts telegram disabled: ⚠️ <b>Health warning</b> bybit: score=30.0, p95=8549.4ms, stale=33.5s, reconnects=0
2026-07-24 12:27:46,591 INFO trader_dost_arun.ops.alerts telegram disabled: ⚠️ <b>Health warning</b> bybit: score=30.0, p95=8549.4ms, stale=33.5s, reconnects=0
2026-07-24 12:27:46,610 INFO trader_dost_arun.ops.alerts telegram disabled: ⚠️ <b>Health warning</b> bybit: score=30.0, p95=8549.4ms, stale=33.5s, reconnects=0
2026-07-24 12:27:46,630 INFO trader_dost_arun.ops.alerts telegram disabled: ⚠️ <b>Health warning</b> bybit: score=30.0, p95=8549.4ms, stale=33.6s, reconnects=0
2026-07-24 12:27:46,651 INFO trader_dost_arun.ops.alerts telegram disabled: ⚠️ <b>Health warning</b> bybit: score=30.0, p95=8549.4ms, stale=33.6s, reconnects=0
2026-07-24 12:27:46,671 INFO trader_dost_arun.ops.alerts telegram disabled: ⚠️ <b>Health warning</b> bybit: score=30.0, p95=8549.4ms, stale=33.6s, reconnects=0
2026-07-24 12:27:46,691 INFO trader_dost_arun.ops.alerts telegram disabled: ⚠️ <b>Health warning</b> bybit: score=30.0, p95=8549.4ms, stale=33.6s, reconnects=0
2026-07-24 12:27:46,713 INFO trader_dost_arun.ops.alerts telegram disabled: ⚠️ <b>Health warning</b> bybit: score=30.0, p95=8549.4ms, stale=33.6s, reconnects=0
2026-07-24 12:27:46,733 INFO trader_dost_arun.ops.alerts telegram disabled: ⚠️ <b>Health warning</b> bybit: score=30.0, p95=8549.4ms, stale=33.7s, reconnects=0
2026-07-24 12:27:46,754 INFO trader_dost_arun.ops.alerts telegram disabled: ⚠️ <b>Health warning</b> bybit: score=30.0, p95=8549.4ms, stale=33.7s, reconnects=0
2026-07-24 12:27:46,774 INFO trader_dost_arun.ops.alerts telegram disabled: ⚠️ <b>Health warning</b> bybit: score=30.0, p95=8549.4ms, stale=33.7s, reconnects=0
2026-07-24 12:27:46,794 INFO trader_dost_arun.ops.alerts telegram disabled: ⚠️ <b>Health warning</b> bybit: score=30.0, p95=8549.4ms, stale=33.7s, reconnects=0
2026-07-24 12:27:46,818 INFO trader_dost_arun.ops.alerts telegram disabled: ⚠️ <b>Health warning</b> bybit: score=30.0, p95=8549.4ms, stale=33.8s, reconnects=0
2026-07-24 12:27:46,844 INFO trader_dost_arun.ops.alerts telegram disabled: ⚠️ <b>Health warning</b> bybit: score=30.0, p95=8549.4ms, stale=33.8s, reconnects=0
2026-07-24 12:27:46,864 INFO trader_dost_arun.ops.alerts telegram disabled: ⚠️ <b>Health warning</b> bybit: score=30.0, p95=8549.4ms, stale=33.8s, reconnects=0
2026-07-24 12:27:46,883 INFO trader_dost_arun.ops.alerts telegram disabled: ⚠️ <b>Health warning</b> bybit: score=30.0, p95=8549.4ms, stale=33.8s, reconnects=0
2026-07-24 12:27:46,903 INFO trader_dost_arun.ops.alerts telegram disabled: ⚠️ <b>Health warning</b> bybit: score=30.0, p95=8549.4ms, stale=33.8s, reconnects=0
2026-07-24 12:27:46,923 INFO trader_dost_arun.ops.alerts telegram disabled: ⚠️ <b>Health warning</b> bybit: score=30.0, p95=8549.4ms, stale=33.9s, reconnects=0
2026-07-24 12:27:46,944 INFO trader_dost_arun.ops.alerts telegram disabled: ⚠️ <b>Health warning</b> bybit: score=30.0, p95=8549.4ms, stale=33.9s, reconnects=0
2026-07-24 12:27:46,963 INFO trader_dost_arun.ops.alerts telegram disabled: ⚠️ <b>Health warning</b> bybit: score=30.0, p95=8549.4ms, stale=33.9s, reconnects=0
2026-07-24 12:27:46,984 INFO trader_dost_arun.ops.alerts telegram disabled: ⚠️ <b>Health warning</b> bybit: score=30.0, p95=8549.4ms, stale=33.9s, reconnects=0
2026-07-24 12:27:47,004 INFO trader_dost_arun.ops.alerts telegram disabled: ⚠️ <b>Health warning</b> bybit: score=30.0, p95=8549.4ms, stale=33.9s, reconnects=0
2026-07-24 12:27:47,025 INFO trader_dost_arun.ops.alerts telegram disabled: ⚠️ <b>Health warning</b> bybit: score=30.0, p95=8549.4ms, stale=34.0s, reconnects=0
2026-07-24 12:27:47,044 INFO trader_dost_arun.ops.alerts telegram disabled: ⚠️ <b>Health warning</b> bybit: score=30.0, p95=8549.4ms, stale=34.0s, reconnects=0
2026-07-24 12:27:47,064 INFO trader_dost_arun.ops.alerts telegram disabled: ⚠️ <b>Health warning</b> bybit: score=30.0, p95=8549.4ms, stale=34.0s, reconnects=0
2026-07-24 12:27:47,084 INFO trader_dost_arun.ops.alerts telegram disabled: ⚠️ <b>Health warning</b> bybit: score=30.0, p95=8549.4ms, stale=34.0s, reconnects=0
2026-07-24 12:27:47,104 INFO trader_dost_arun.ops.alerts telegram disabled: ⚠️ <b>Health warning</b> bybit: score=30.0, p95=8549.4ms, stale=34.0s, reconnects=0
2026-07-24 12:27:47,124 INFO trader_dost_arun.ops.alerts telegram disabled: ⚠️ <b>Health warning</b> bybit: score=30.0, p95=8549.4ms, stale=34.1s, reconnects=0
2026-07-24 12:27:47,145 INFO trader_dost_arun.ops.alerts telegram disabled: ⚠️ <b>Health warning</b> bybit: score=30.0, p95=8549.4ms, stale=34.1s, reconnects=0
2026-07-24 12:27:47,165 INFO trader_dost_arun.ops.alerts telegram disabled: ⚠️ <b>Health warning</b> bybit: score=30.0, p95=8549.4ms, stale=34.1s, reconnects=0
2026-07-24 12:27:47,191 INFO trader_dost_arun.ops.alerts telegram disabled: ⚠️ <b>Health warning</b> bybit: score=30.0, p95=8549.4ms, stale=34.1s, reconnects=0
2026-07-24 12:27:47,211 INFO trader_dost_arun.ops.alerts telegram disabled: ⚠️ <b>Health warning</b> bybit: score=30.0, p95=8549.4ms, stale=34.1s, reconnects=0
2026-07-24 12:27:47,231 INFO trader_dost_arun.ops.alerts telegram disabled: ⚠️ <b>Health warning</b> bybit: score=30.0, p95=8549.4ms, stale=34.2s, reconnects=0
2026-07-24 12:27:47,251 INFO trader_dost_arun.ops.alerts telegram disabled: ⚠️ <b>Health warning</b> bybit: score=30.0, p95=8549.4ms, stale=34.2s, reconnects=0
2026-07-24 12:27:47,270 INFO trader_dost_arun.ops.alerts telegram disabled: ⚠️ <b>Health warning</b> bybit: score=30.0, p95=8549.4ms, stale=34.2s, reconnects=0
2026-07-24 12:27:47,291 INFO trader_dost_arun.ops.alerts telegram disabled: ⚠️ <b>Health warning</b> bybit: score=30.0, p95=8549.4ms, stale=34.2s, reconnects=0
2026-07-24 12:27:47,311 INFO trader_dost_arun.ops.alerts telegram disabled: ⚠️ <b>Health warning</b> bybit: score=30.0, p95=8549.4ms, stale=34.2s, reconnects=0
2026-07-24 12:27:47,330 INFO trader_dost_arun.ops.alerts telegram disabled: ⚠️ <b>Health warning</b> bybit: score=30.0, p95=8549.4ms, stale=34.3s, reconnects=0
2026-07-24 12:27:47,351 INFO trader_dost_arun.ops.alerts telegram disabled: ⚠️ <b>Health warning</b> bybit: score=30.0, p95=8549.4ms, stale=34.3s, reconnects=0
2026-07-24 12:27:47,371 INFO trader_dost_arun.ops.alerts telegram disabled: ⚠️ <b>Health warning</b> bybit: score=30.0, p95=8549.4ms, stale=34.3s, reconnects=0
2026-07-24 12:27:47,391 INFO trader_dost_arun.ops.alerts telegram disabled: ⚠️ <b>Health warning</b> bybit: score=30.0, p95=8549.4ms, stale=34.3s, reconnects=0
2026-07-24 12:27:47,412 INFO trader_dost_arun.ops.alerts telegram disabled: ⚠️ <b>Health warning</b> bybit: score=30.0, p95=8549.4ms, stale=34.3s, reconnects=0
2026-07-24 12:27:47,433 INFO trader_dost_arun.ops.alerts telegram disabled: ⚠️ <b>Health warning</b> bybit: score=30.0, p95=8549.4ms, stale=34.4s, reconnects=0
2026-07-24 12:27:47,453 INFO trader_dost_arun.ops.alerts telegram disabled: ⚠️ <b>Health warning</b> bybit: score=30.0, p95=8549.4ms, stale=34.4s, reconnects=0
2026-07-24 12:27:47,474 INFO trader_dost_arun.ops.alerts telegram disabled: ⚠️ <b>Health warning</b> bybit: score=30.0, p95=8549.4ms, stale=34.4s, reconnects=0
2026-07-24 12:27:47,494 INFO trader_dost_arun.ops.alerts telegram disabled: ⚠️ <b>Health warning</b> bybit: score=30.0, p95=8549.4ms, stale=34.4s, reconnects=0
2026-07-24 12:27:47,514 INFO trader_dost_arun.ops.alerts telegram disabled: ⚠️ <b>Health warning</b> bybit: score=30.0, p95=8549.4ms, stale=34.4s, reconnects=0
2026-07-24 12:27:47,542 INFO trader_dost_arun.ops.alerts telegram disabled: ⚠️ <b>Health warning</b> bybit: score=30.0, p95=8549.4ms, stale=34.5s, reconnects=0
2026-07-24 12:27:47,563 INFO trader_dost_arun.ops.alerts telegram disabled: ⚠️ <b>Health warning</b> bybit: score=30.0, p95=8549.4ms, stale=34.5s, reconnects=0
2026-07-24 12:27:47,584 INFO trader_dost_arun.ops.alerts telegram disabled: ⚠️ <b>Health warning</b> bybit: score=30.0, p95=8549.4ms, stale=34.5s, reconnects=0
2026-07-24 12:27:47,604 INFO trader_dost_arun.ops.alerts telegram disabled: ⚠️ <b>Health warning</b> bybit: score=30.0, p95=8549.4ms, stale=34.5s, reconnects=0
2026-07-24 12:27:47,624 INFO trader_dost_arun.ops.alerts telegram disabled: ⚠️ <b>Health warning</b> bybit: score=30.0, p95=8549.4ms, stale=34.6s, reconnects=0
2026-07-24 12:27:47,645 INFO trader_dost_arun.ops.alerts telegram disabled: ⚠️ <b>Health warning</b> bybit: score=30.0, p95=8549.4ms, stale=34.6s, reconnects=0
2026-07-24 12:27:47,667 INFO trader_dost_arun.ops.alerts telegram disabled: ⚠️ <b>Health warning</b> bybit: score=30.0, p95=8549.4ms, stale=34.6s, reconnects=0
2026-07-24 12:27:47,687 INFO trader_dost_arun.ops.alerts telegram disabled: ⚠️ <b>Health warning</b> bybit: score=30.0, p95=8549.4ms, stale=34.6s, reconnects=0
2026-07-24 12:27:47,707 INFO trader_dost_arun.ops.alerts telegram disabled: ⚠️ <b>Health warning</b> bybit: score=30.0, p95=8549.4ms, stale=34.6s, reconnects=0
2026-07-24 12:27:47,729 INFO trader_dost_arun.ops.alerts telegram disabled: ⚠️ <b>Health warning</b> bybit: score=30.0, p95=8549.4ms, stale=34.7s, reconnects=0
2026-07-24 12:27:47,751 INFO trader_dost_arun.ops.alerts telegram disabled: ⚠️ <b>Health warning</b> bybit: score=30.0, p95=8549.4ms, stale=34.7s, reconnects=0
2026-07-24 12:27:47,774 INFO trader_dost_arun.ops.alerts telegram disabled: ⚠️ <b>Health warning</b> bybit: score=30.0, p95=8549.4ms, stale=34.7s, reconnects=0
2026-07-24 12:27:47,795 INFO trader_dost_arun.ops.alerts telegram disabled: ⚠️ <b>Health warning</b> bybit: score=30.0, p95=8549.4ms, stale=34.7s, reconnects=0
2026-07-24 12:27:47,822 INFO trader_dost_arun.ops.alerts telegram disabled: ⚠️ <b>Health warning</b> bybit: score=30.0, p95=8549.4ms, stale=34.8s, reconnects=0
2026-07-24 12:27:47,843 INFO trader_dost_arun.ops.alerts telegram disabled: ⚠️ <b>Health warning</b> bybit: score=30.0, p95=8549.4ms, stale=34.8s, reconnects=0
2026-07-24 12:27:47,864 INFO trader_dost_arun.ops.alerts telegram disabled: ⚠️ <b>Health warning</b> bybit: score=30.0, p95=8549.4ms, stale=34.8s, reconnects=0
2026-07-24 12:27:47,885 INFO trader_dost_arun.ops.alerts telegram disabled: ⚠️ <b>Health warning</b> bybit: score=30.0, p95=8549.4ms, stale=34.8s, reconnects=0
2026-07-24 12:27:47,914 INFO trader_dost_arun.ops.alerts telegram disabled: ⚠️ <b>Health warning</b> bybit: score=30.0, p95=8549.4ms, stale=34.8s, reconnects=0
2026-07-24 12:27:47,936 INFO trader_dost_arun.ops.alerts telegram disabled: ⚠️ <b>Health warning</b> bybit: score=30.0, p95=8549.4ms, stale=34.9s, reconnects=0
2026-07-24 12:27:47,959 INFO trader_dost_arun.ops.alerts telegram disabled: ⚠️ <b>Health warning</b> bybit: score=30.0, p95=8549.4ms, stale=34.9s, reconnects=0
2026-07-24 12:27:47,982 INFO trader_dost_arun.ops.alerts telegram disabled: ⚠️ <b>Health warning</b> bybit: score=30.0, p95=8549.4ms, stale=34.9s, reconnects=0
2026-07-24 12:27:48,005 INFO trader_dost_arun.ops.alerts telegram disabled: ⚠️ <b>Health warning</b> bybit: score=30.0, p95=8549.4ms, stale=34.9s, reconnects=0
2026-07-24 12:27:48,028 INFO trader_dost_arun.ops.alerts telegram disabled: ⚠️ <b>Health warning</b> bybit: score=30.0, p95=8549.4ms, stale=35.0s, reconnects=0
2026-07-24 12:27:48,051 INFO trader_dost_arun.ops.alerts telegram disabled: ⚠️ <b>Health warning</b> bybit: score=30.0, p95=8549.4ms, stale=35.0s, reconnects=0
2026-07-24 12:27:48,074 INFO trader_dost_arun.ops.alerts telegram disabled: ⚠️ <b>Health warning</b> bybit: score=30.0, p95=8549.4ms, stale=35.0s, reconnects=0
2026-07-24 12:27:48,097 INFO trader_dost_arun.ops.alerts telegram disabled: ⚠️ <b>Health warning</b> bybit: score=30.0, p95=8549.4ms, stale=35.0s, reconnects=0
2026-07-24 12:27:48,120 INFO trader_dost_arun.ops.alerts telegram disabled: ⚠️ <b>Health warning</b> bybit: score=30.0, p95=8549.4ms, stale=35.1s, reconnects=0
2026-07-24 12:27:48,143 INFO trader_dost_arun.ops.alerts telegram disabled: ⚠️ <b>Health warning</b> bybit: score=30.0, p95=8549.4ms, stale=35.1s, reconnects=0
2026-07-24 12:27:48,165 INFO trader_dost_arun.ops.alerts telegram disabled: ⚠️ <b>Health warning</b> bybit: score=30.0, p95=8549.4ms, stale=35.1s, reconnects=0
2026-07-24 12:27:48,187 INFO trader_dost_arun.ops.alerts telegram disabled: ⚠️ <b>Health warning</b> bybit: score=30.0, p95=8549.4ms, stale=35.1s, reconnects=0
2026-07-24 12:27:48,209 INFO trader_dost_arun.ops.alerts telegram disabled: ⚠️ <b>Health warning</b> bybit: score=30.0, p95=8549.4ms, stale=35.1s, reconnects=0
2026-07-24 12:27:48,231 INFO trader_dost_arun.ops.alerts telegram disabled: ⚠️ <b>Health warning</b> bybit: score=30.0, p95=8549.4ms, stale=35.2s, reconnects=0
2026-07-24 12:27:48,254 INFO trader_dost_arun.ops.alerts telegram disabled: ⚠️ <b>Health warning</b> bybit: score=30.0, p95=8549.4ms, stale=35.2s, reconnects=0
2026-07-24 12:27:48,277 INFO trader_dost_arun.ops.alerts telegram disabled: ⚠️ <b>Health warning</b> bybit: score=30.0, p95=8549.4ms, stale=35.2s, reconnects=0
2026-07-24 12:27:48,306 INFO trader_dost_arun.ops.alerts telegram disabled: ⚠️ <b>Health warning</b> bybit: score=30.0, p95=8549.4ms, stale=35.2s, reconnects=0
2026-07-24 12:27:48,329 INFO trader_dost_arun.ops.alerts telegram disabled: ⚠️ <b>Health warning</b> bybit: score=30.0, p95=8549.4ms, stale=35.3s, reconnects=0
2026-07-24 12:27:48,353 INFO trader_dost_arun.ops.alerts telegram disabled: ⚠️ <b>Health warning</b> bybit: score=30.0, p95=8549.4ms, stale=35.3s, reconnects=0
2026-07-24 12:27:48,378 INFO trader_dost_arun.ops.alerts telegram disabled: ⚠️ <b>Health warning</b> bybit: score=30.0, p95=8549.4ms, stale=35.3s, reconnects=0
2026-07-24 12:27:48,402 INFO trader_dost_arun.ops.alerts telegram disabled: ⚠️ <b>Health warning</b> bybit: score=30.0, p95=8549.4ms, stale=35.3s, reconnects=0
2026-07-24 12:27:48,425 INFO trader_dost_arun.ops.alerts telegram disabled: ⚠️ <b>Health warning</b> bybit: score=30.0, p95=8549.4ms, stale=35.4s, reconnects=0
2026-07-24 12:27:48,447 INFO trader_dost_arun.ops.alerts telegram disabled: ⚠️ <b>Health warning</b> bybit: score=30.0, p95=8549.4ms, stale=35.4s, reconnects=0
2026-07-24 12:27:48,471 INFO trader_dost_arun.ops.alerts telegram disabled: ⚠️ <b>Health warning</b> bybit: score=30.0, p95=8549.4ms, stale=35.4s, reconnects=0
2026-07-24 12:27:48,494 INFO trader_dost_arun.ops.alerts telegram disabled: ⚠️ <b>Health warning</b> bybit: score=30.0, p95=8549.4ms, stale=35.4s, reconnects=0
2026-07-24 12:27:48,517 INFO trader_dost_arun.ops.alerts telegram disabled: ⚠️ <b>Health warning</b> bybit: score=30.0, p95=8549.4ms, stale=35.5s, reconnects=0
2026-07-24 12:27:48,540 INFO trader_dost_arun.ops.alerts telegram disabled: ⚠️ <b>Health warning</b> bybit: score=30.0, p95=8549.4ms, stale=35.5s, reconnects=0
2026-07-24 12:27:48,564 INFO trader_dost_arun.ops.alerts telegram disabled: ⚠️ <b>Health warning</b> bybit: score=30.0, p95=8549.4ms, stale=35.5s, reconnects=0
2026-07-24 12:27:48,586 INFO trader_dost_arun.ops.alerts telegram disabled: ⚠️ <b>Health warning</b> bybit: score=30.0, p95=8549.4ms, stale=35.5s, reconnects=0
2026-07-24 12:27:48,610 INFO trader_dost_arun.ops.alerts telegram disabled: ⚠️ <b>Health warning</b> bybit: score=30.0, p95=8549.4ms, stale=35.5s, reconnects=0
2026-07-24 12:27:48,634 INFO trader_dost_arun.ops.alerts telegram disabled: ⚠️ <b>Health warning</b> bybit: score=30.0, p95=8549.4ms, stale=35.6s, reconnects=0
2026-07-24 12:27:48,659 INFO trader_dost_arun.ops.alerts telegram disabled: ⚠️ <b>Health warning</b> bybit: score=30.0, p95=8549.4ms, stale=35.6s, reconnects=0
2026-07-24 12:27:48,682 INFO trader_dost_arun.ops.alerts telegram disabled: ⚠️ <b>Health warning</b> bybit: score=30.0, p95=8549.4ms, stale=35.6s, reconnects=0
2026-07-24 12:27:48,711 INFO trader_dost_arun.ops.alerts telegram disabled: ⚠️ <b>Health warning</b> bybit: score=30.0, p95=8549.4ms, stale=35.6s, reconnects=0
2026-07-24 12:27:48,735 INFO trader_dost_arun.ops.alerts telegram disabled: ⚠️ <b>Health warning</b> bybit: score=30.0, p95=8549.4ms, stale=35.7s, reconnects=0
2026-07-24 12:27:48,758 INFO trader_dost_arun.ops.alerts telegram disabled: ⚠️ <b>Health warning</b> bybit: score=30.0, p95=8549.4ms, stale=35.7s, reconnects=0
2026-07-24 12:27:48,782 INFO trader_dost_arun.ops.alerts telegram disabled: ⚠️ <b>Health warning</b> bybit: score=30.0, p95=8549.4ms, stale=35.7s, reconnects=0
2026-07-24 12:27:48,806 INFO trader_dost_arun.ops.alerts telegram disabled: ⚠️ <b>Health warning</b> bybit: score=30.0, p95=8549.4ms, stale=35.7s, reconnects=0
2026-07-24 12:27:48,831 INFO trader_dost_arun.ops.alerts telegram disabled: ⚠️ <b>Health warning</b> bybit: score=30.0, p95=8549.4ms, stale=35.8s, reconnects=0
2026-07-24 12:27:48,856 INFO trader_dost_arun.ops.alerts telegram disabled: ⚠️ <b>Health warning</b> bybit: score=30.0, p95=8549.4ms, stale=35.8s, reconnects=0
2026-07-24 12:27:48,879 INFO trader_dost_arun.ops.alerts telegram disabled: ⚠️ <b>Health warning</b> bybit: score=30.0, p95=8549.4ms, stale=35.8s, reconnects=0
2026-07-24 12:27:48,902 INFO trader_dost_arun.ops.alerts telegram disabled: ⚠️ <b>Health warning</b> bybit: score=30.0, p95=8549.4ms, stale=35.8s, reconnects=0
2026-07-24 12:27:48,924 INFO trader_dost_arun.ops.alerts telegram disabled: ⚠️ <b>Health warning</b> bybit: score=30.0, p95=8549.4ms, stale=35.9s, reconnects=0
2026-07-24 12:27:48,946 INFO trader_dost_arun.ops.alerts telegram disabled: ⚠️ <b>Health warning</b> bybit: score=30.0, p95=8549.4ms, stale=35.9s, reconnects=0
2026-07-24 12:27:48,968 INFO trader_dost_arun.ops.alerts telegram disabled: ⚠️ <b>Health warning</b> bybit: score=30.0, p95=8549.4ms, stale=35.9s, reconnects=0
2026-07-24 12:27:48,989 INFO trader_dost_arun.ops.alerts telegram disabled: ⚠️ <b>Health warning</b> bybit: score=30.0, p95=8549.4ms, stale=35.9s, reconnects=0
2026-07-24 12:27:49,012 INFO trader_dost_arun.ops.alerts telegram disabled: ⚠️ <b>Health warning</b> bybit: score=30.0, p95=8549.4ms, stale=35.9s, reconnects=0
2026-07-24 12:27:49,035 INFO trader_dost_arun.ops.alerts telegram disabled: ⚠️ <b>Health warning</b> bybit: score=30.0, p95=8549.4ms, stale=36.0s, reconnects=0
2026-07-24 12:27:49,058 INFO trader_dost_arun.ops.alerts telegram disabled: ⚠️ <b>Health warning</b> bybit: score=30.0, p95=8549.4ms, stale=36.0s, reconnects=0
2026-07-24 12:27:49,080 INFO trader_dost_arun.ops.alerts telegram disabled: ⚠️ <b>Health warning</b> bybit: score=30.0, p95=8549.4ms, stale=36.0s, reconnects=0
2026-07-24 12:27:49,110 INFO trader_dost_arun.ops.alerts telegram disabled: ⚠️ <b>Health warning</b> bybit: score=30.0, p95=8549.4ms, stale=36.0s, reconnects=0
2026-07-24 12:27:49,133 INFO trader_dost_arun.ops.alerts telegram disabled: ⚠️ <b>Health warning</b> bybit: score=30.0, p95=8549.4ms, stale=36.1s, reconnects=0
2026-07-24 12:27:49,155 INFO trader_dost_arun.ops.alerts telegram disabled: ⚠️ <b>Health warning</b> bybit: score=30.0, p95=8549.4ms, stale=36.1s, reconnects=0
2026-07-24 12:27:49,179 INFO trader_dost_arun.ops.alerts telegram disabled: ⚠️ <b>Health warning</b> bybit: score=30.0, p95=8549.4ms, stale=36.1s, reconnects=0
2026-07-24 12:27:49,202 INFO trader_dost_arun.ops.alerts telegram disabled: ⚠️ <b>Health warning</b> bybit: score=30.0, p95=8549.4ms, stale=36.1s, reconnects=0
2026-07-24 12:27:49,225 INFO trader_dost_arun.ops.alerts telegram disabled: ⚠️ <b>Health warning</b> bybit: score=30.0, p95=8549.4ms, stale=36.2s, reconnects=0
2026-07-24 12:27:49,247 INFO trader_dost_arun.ops.alerts telegram disabled: ⚠️ <b>Health warning</b> bybit: score=30.0, p95=8549.4ms, stale=36.2s, reconnects=0
2026-07-24 12:27:49,270 INFO trader_dost_arun.ops.alerts telegram disabled: ⚠️ <b>Health warning</b> bybit: score=30.0, p95=8549.4ms, stale=36.2s, reconnects=0
2026-07-24 12:27:49,292 INFO trader_dost_arun.ops.alerts telegram disabled: ⚠️ <b>Health warning</b> bybit: score=30.0, p95=8549.4ms, stale=36.2s, reconnects=0
2026-07-24 12:27:49,315 INFO trader_dost_arun.ops.alerts telegram disabled: ⚠️ <b>Health warning</b> bybit: score=30.0, p95=8549.4ms, stale=36.2s, reconnects=0
2026-07-24 12:27:49,337 INFO trader_dost_arun.ops.alerts telegram disabled: ⚠️ <b>Health warning</b> bybit: score=30.0, p95=8549.4ms, stale=36.3s, reconnects=0
2026-07-24 12:27:49,360 INFO trader_dost_arun.ops.alerts telegram disabled: ⚠️ <b>Health warning</b> bybit: score=30.0, p95=8549.4ms, stale=36.3s, reconnects=0
2026-07-24 12:27:49,383 INFO trader_dost_arun.ops.alerts telegram disabled: ⚠️ <b>Health warning</b> bybit: score=30.0, p95=8549.4ms, stale=36.3s, reconnects=0
2026-07-24 12:27:49,405 INFO trader_dost_arun.ops.alerts telegram disabled: ⚠️ <b>Health warning</b> bybit: score=30.0, p95=8549.4ms, stale=36.3s, reconnects=0
2026-07-24 12:27:49,427 INFO trader_dost_arun.ops.alerts telegram disabled: ⚠️ <b>Health warning</b> bybit: score=30.0, p95=8549.4ms, stale=36.4s, reconnects=0
2026-07-24 12:27:49,450 INFO trader_dost_arun.ops.alerts telegram disabled: ⚠️ <b>Health warning</b> bybit: score=30.0, p95=8549.4ms, stale=36.4s, reconnects=0
2026-07-24 12:27:49,473 INFO trader_dost_arun.ops.alerts telegram disabled: ⚠️ <b>Health warning</b> bybit: score=30.0, p95=8549.4ms, stale=36.4s, reconnects=0
2026-07-24 12:27:49,501 INFO trader_dost_arun.ops.alerts telegram disabled: ⚠️ <b>Health warning</b> bybit: score=30.0, p95=8549.4ms, stale=36.4s, reconnects=0
2026-07-24 12:27:49,523 INFO trader_dost_arun.ops.alerts telegram disabled: ⚠️ <b>Health warning</b> bybit: score=30.0, p95=8549.4ms, stale=36.5s, reconnects=0
2026-07-24 12:27:49,546 INFO trader_dost_arun.ops.alerts telegram disabled: ⚠️ <b>Health warning</b> bybit: score=30.0, p95=8549.4ms, stale=36.5s, reconnects=0
2026-07-24 12:27:49,568 INFO trader_dost_arun.ops.alerts telegram disabled: ⚠️ <b>Health warning</b> bybit: score=30.0, p95=8549.4ms, stale=36.5s, reconnects=0
2026-07-24 12:27:49,591 INFO trader_dost_arun.ops.alerts telegram disabled: ⚠️ <b>Health warning</b> bybit: score=30.0, p95=8549.4ms, stale=36.5s, reconnects=0
2026-07-24 12:27:49,614 INFO trader_dost_arun.ops.alerts telegram disabled: ⚠️ <b>Health warning</b> bybit: score=30.0, p95=8549.4ms, stale=36.5s, reconnects=0
2026-07-24 12:27:49,637 INFO trader_dost_arun.ops.alerts telegram disabled: ⚠️ <b>Health warning</b> bybit: score=30.0, p95=8549.4ms, stale=36.6s, reconnects=0
2026-07-24 12:27:49,659 INFO trader_dost_arun.ops.alerts telegram disabled: ⚠️ <b>Health warning</b> bybit: score=30.0, p95=8549.4ms, stale=36.6s, reconnects=0
2026-07-24 12:27:49,682 INFO trader_dost_arun.ops.alerts telegram disabled: ⚠️ <b>Health warning</b> bybit: score=30.0, p95=8549.4ms, stale=36.6s, reconnects=0
2026-07-24 12:27:49,705 INFO trader_dost_arun.ops.alerts telegram disabled: ⚠️ <b>Health warning</b> bybit: score=30.0, p95=8549.4ms, stale=36.6s, reconnects=0
2026-07-24 12:27:49,728 INFO trader_dost_arun.ops.alerts telegram disabled: ⚠️ <b>Health warning</b> bybit: score=30.0, p95=8549.4ms, stale=36.7s, reconnects=0
2026-07-24 12:27:49,751 INFO trader_dost_arun.ops.alerts telegram disabled: ⚠️ <b>Health warning</b> bybit: score=30.0, p95=8549.4ms, stale=36.7s, reconnects=0
2026-07-24 12:27:49,773 INFO trader_dost_arun.ops.alerts telegram disabled: ⚠️ <b>Health warning</b> bybit: score=30.0, p95=8549.4ms, stale=36.7s, reconnects=0
2026-07-24 12:27:49,795 INFO trader_dost_arun.ops.alerts telegram disabled: ⚠️ <b>Health warning</b> bybit: score=30.0, p95=8549.4ms, stale=36.7s, reconnects=0
2026-07-24 12:27:49,818 INFO trader_dost_arun.ops.alerts telegram disabled: ⚠️ <b>Health warning</b> bybit: score=30.0, p95=8549.4ms, stale=36.8s, reconnects=0
2026-07-24 12:27:49,840 INFO trader_dost_arun.ops.alerts telegram disabled: ⚠️ <b>Health warning</b> bybit: score=30.0, p95=8549.4ms, stale=36.8s, reconnects=0
2026-07-24 12:27:49,862 INFO trader_dost_arun.ops.alerts telegram disabled: ⚠️ <b>Health warning</b> bybit: score=30.0, p95=8549.4ms, stale=36.8s, reconnects=0
2026-07-24 12:27:49,889 INFO trader_dost_arun.ops.alerts telegram disabled: ⚠️ <b>Health warning</b> bybit: score=30.0, p95=8549.4ms, stale=36.8s, reconnects=0
2026-07-24 12:27:49,912 INFO trader_dost_arun.ops.alerts telegram disabled: ⚠️ <b>Health warning</b> bybit: score=30.0, p95=8549.4ms, stale=36.8s, reconnects=0
2026-07-24 12:27:49,934 INFO trader_dost_arun.ops.alerts telegram disabled: ⚠️ <b>Health warning</b> bybit: score=30.0, p95=8549.4ms, stale=36.9s, reconnects=0
2026-07-24 12:27:49,957 INFO trader_dost_arun.ops.alerts telegram disabled: ⚠️ <b>Health warning</b> bybit: score=30.0, p95=8549.4ms, stale=36.9s, reconnects=0
2026-07-24 12:27:49,980 INFO trader_dost_arun.ops.alerts telegram disabled: ⚠️ <b>Health warning</b> bybit: score=30.0, p95=8549.4ms, stale=36.9s, reconnects=0
2026-07-24 12:27:50,004 INFO trader_dost_arun.ops.alerts telegram disabled: ⚠️ <b>Health warning</b> bybit: score=30.0, p95=8549.4ms, stale=36.9s, reconnects=0
2026-07-24 12:27:50,027 INFO trader_dost_arun.ops.alerts telegram disabled: ⚠️ <b>Health warning</b> bybit: score=30.0, p95=8549.4ms, stale=37.0s, reconnects=0
2026-07-24 12:27:50,053 INFO trader_dost_arun.ops.alerts telegram disabled: ⚠️ <b>Health warning</b> bybit: score=30.0, p95=8549.4ms, stale=37.0s, reconnects=0
2026-07-24 12:27:50,077 INFO trader_dost_arun.ops.alerts telegram disabled: ⚠️ <b>Health warning</b> bybit: score=30.0, p95=8549.4ms, stale=37.0s, reconnects=0
2026-07-24 12:27:50,101 INFO trader_dost_arun.ops.alerts telegram disabled: ⚠️ <b>Health warning</b> bybit: score=30.0, p95=8549.4ms, stale=37.0s, reconnects=0
2026-07-24 12:27:50,125 INFO trader_dost_arun.ops.alerts telegram disabled: ⚠️ <b>Health warning</b> bybit: score=30.0, p95=8549.4ms, stale=37.1s, reconnects=0
2026-07-24 12:27:50,149 INFO trader_dost_arun.ops.alerts telegram disabled: ⚠️ <b>Health warning</b> bybit: score=30.0, p95=8549.4ms, stale=37.1s, reconnects=0
2026-07-24 12:27:50,172 INFO trader_dost_arun.ops.alerts telegram disabled: ⚠️ <b>Health warning</b> bybit: score=30.0, p95=8549.4ms, stale=37.1s, reconnects=0
2026-07-24 12:27:50,195 INFO trader_dost_arun.ops.alerts telegram disabled: ⚠️ <b>Health warning</b> bybit: score=30.0, p95=8549.4ms, stale=37.1s, reconnects=0
2026-07-24 12:27:50,218 INFO trader_dost_arun.ops.alerts telegram disabled: ⚠️ <b>Health warning</b> bybit: score=30.0, p95=8549.4ms, stale=37.2s, reconnects=0
2026-07-24 12:27:50,241 INFO trader_dost_arun.ops.alerts telegram disabled: ⚠️ <b>Health warning</b> bybit: score=30.0, p95=8549.4ms, stale=37.2s, reconnects=0
2026-07-24 12:27:50,264 INFO trader_dost_arun.ops.alerts telegram disabled: ⚠️ <b>Health warning</b> bybit: score=30.0, p95=8549.4ms, stale=37.2s, reconnects=0
2026-07-24 12:27:50,297 INFO trader_dost_arun.ops.alerts telegram disabled: ⚠️ <b>Health warning</b> bybit: score=30.0, p95=8549.4ms, stale=37.2s, reconnects=0
2026-07-24 12:27:50,323 INFO trader_dost_arun.ops.alerts telegram disabled: ⚠️ <b>Health warning</b> bybit: score=30.0, p95=8549.4ms, stale=37.3s, reconnects=0
2026-07-24 12:27:50,349 INFO trader_dost_arun.ops.alerts telegram disabled: ⚠️ <b>Health warning</b> bybit: score=30.0, p95=8549.4ms, stale=37.3s, reconnects=0
2026-07-24 12:27:50,374 INFO trader_dost_arun.ops.alerts telegram disabled: ⚠️ <b>Health warning</b> bybit: score=30.0, p95=8549.4ms, stale=37.3s, reconnects=0
2026-07-24 12:27:50,397 INFO trader_dost_arun.ops.alerts telegram disabled: ⚠️ <b>Health warning</b> bybit: score=30.0, p95=8549.4ms, stale=37.3s, reconnects=0
2026-07-24 12:27:50,420 INFO trader_dost_arun.ops.alerts telegram disabled: ⚠️ <b>Health warning</b> bybit: score=30.0, p95=8549.4ms, stale=37.4s, reconnects=0
2026-07-24 12:27:50,444 INFO trader_dost_arun.ops.alerts telegram disabled: ⚠️ <b>Health warning</b> bybit: score=30.0, p95=8549.4ms, stale=37.4s, reconnects=0
2026-07-24 12:27:50,469 INFO trader_dost_arun.ops.alerts telegram disabled: ⚠️ <b>Health warning</b> bybit: score=30.0, p95=8549.4ms, stale=37.4s, reconnects=0
2026-07-24 12:27:50,492 INFO trader_dost_arun.ops.alerts telegram disabled: ⚠️ <b>Health warning</b> bybit: score=30.0, p95=8549.4ms, stale=37.4s, reconnects=0
2026-07-24 12:27:50,516 INFO trader_dost_arun.ops.alerts telegram disabled: ⚠️ <b>Health warning</b> bybit: score=30.0, p95=8549.4ms, stale=37.4s, reconnects=0
2026-07-24 12:27:50,540 INFO trader_dost_arun.ops.alerts telegram disabled: ⚠️ <b>Health warning</b> bybit: score=30.0, p95=8549.4ms, stale=37.5s, reconnects=0
2026-07-24 12:27:50,562 INFO trader_dost_arun.ops.alerts telegram disabled: ⚠️ <b>Health warning</b> bybit: score=30.0, p95=8549.4ms, stale=37.5s, reconnects=0
2026-07-24 12:27:50,585 INFO trader_dost_arun.ops.alerts telegram disabled: ⚠️ <b>Health warning</b> bybit: score=30.0, p95=8549.4ms, stale=37.5s, reconnects=0
2026-07-24 12:27:50,606 INFO trader_dost_arun.ops.alerts telegram disabled: ⚠️ <b>Health warning</b> bybit: score=30.0, p95=8549.4ms, stale=37.5s, reconnects=0
2026-07-24 12:27:50,629 INFO trader_dost_arun.ops.alerts telegram disabled: ⚠️ <b>Health warning</b> bybit: score=30.0, p95=8549.4ms, stale=37.6s, reconnects=0
2026-07-24 12:27:50,652 INFO trader_dost_arun.ops.alerts telegram disabled: ⚠️ <b>Health warning</b> bybit: score=30.0, p95=8549.4ms, stale=37.6s, reconnects=0
2026-07-24 12:27:50,677 INFO trader_dost_arun.ops.alerts telegram disabled: ⚠️ <b>Health warning</b> bybit: score=30.0, p95=8549.4ms, stale=37.6s, reconnects=0
2026-07-24 12:27:50,708 INFO trader_dost_arun.ops.alerts telegram disabled: ⚠️ <b>Health warning</b> bybit: score=30.0, p95=8549.4ms, stale=37.6s, reconnects=0
2026-07-24 12:27:50,732 INFO trader_dost_arun.ops.alerts telegram disabled: ⚠️ <b>Health warning</b> bybit: score=30.0, p95=8549.4ms, stale=37.7s, reconnects=0
2026-07-24 12:27:50,756 INFO trader_dost_arun.ops.alerts telegram disabled: ⚠️ <b>Health warning</b> bybit: score=30.0, p95=8549.4ms, stale=37.7s, reconnects=0
2026-07-24 12:27:50,780 INFO trader_dost_arun.ops.alerts telegram disabled: ⚠️ <b>Health warning</b> bybit: score=30.0, p95=8549.4ms, stale=37.7s, reconnects=0
2026-07-24 12:27:50,803 INFO trader_dost_arun.ops.alerts telegram disabled: ⚠️ <b>Health warning</b> bybit: score=30.0, p95=8549.4ms, stale=37.7s, reconnects=0
2026-07-24 12:27:50,827 INFO trader_dost_arun.ops.alerts telegram disabled: ⚠️ <b>Health warning</b> bybit: score=30.0, p95=8549.4ms, stale=37.8s, reconnects=0
2026-07-24 12:27:50,851 INFO trader_dost_arun.ops.alerts telegram disabled: ⚠️ <b>Health warning</b> bybit: score=30.0, p95=8549.4ms, stale=37.8s, reconnects=0
2026-07-24 12:27:50,876 INFO trader_dost_arun.ops.alerts telegram disabled: ⚠️ <b>Health warning</b> bybit: score=30.0, p95=8549.4ms, stale=37.8s, reconnects=0
2026-07-24 12:27:50,899 INFO trader_dost_arun.ops.alerts telegram disabled: ⚠️ <b>Health warning</b> bybit: score=30.0, p95=8549.4ms, stale=37.8s, reconnects=0
2026-07-24 12:27:50,922 INFO trader_dost_arun.ops.alerts telegram disabled: ⚠️ <b>Health warning</b> bybit: score=30.0, p95=8549.4ms, stale=37.9s, reconnects=0
2026-07-24 12:27:50,945 INFO trader_dost_arun.ops.alerts telegram disabled: ⚠️ <b>Health warning</b> bybit: score=30.0, p95=8549.4ms, stale=37.9s, reconnects=0
2026-07-24 12:27:50,967 INFO trader_dost_arun.ops.alerts telegram disabled: ⚠️ <b>Health warning</b> bybit: score=30.0, p95=8549.4ms, stale=37.9s, reconnects=0
2026-07-24 12:27:50,989 INFO trader_dost_arun.ops.alerts telegram disabled: ⚠️ <b>Health warning</b> bybit: score=30.0, p95=8549.4ms, stale=37.9s, reconnects=0
2026-07-24 12:27:51,010 INFO trader_dost_arun.ops.alerts telegram disabled: ⚠️ <b>Health warning</b> bybit: score=30.0, p95=8549.4ms, stale=37.9s, reconnects=0
2026-07-24 12:27:51,034 INFO trader_dost_arun.ops.alerts telegram disabled: ⚠️ <b>Health warning</b> bybit: score=30.0, p95=8549.4ms, stale=38.0s, reconnects=0
2026-07-24 12:27:51,058 INFO trader_dost_arun.ops.alerts telegram disabled: ⚠️ <b>Health warning</b> bybit: score=30.0, p95=8549.4ms, stale=38.0s, reconnects=0
2026-07-24 12:27:51,080 INFO trader_dost_arun.ops.alerts telegram disabled: ⚠️ <b>Health warning</b> bybit: score=30.0, p95=8549.4ms, stale=38.0s, reconnects=0
2026-07-24 12:27:51,109 INFO trader_dost_arun.ops.alerts telegram disabled: ⚠️ <b>Health warning</b> bybit: score=30.0, p95=8549.4ms, stale=38.0s, reconnects=0
2026-07-24 12:27:51,132 INFO trader_dost_arun.ops.alerts telegram disabled: ⚠️ <b>Health warning</b> bybit: score=30.0, p95=8549.4ms, stale=38.1s, reconnects=0
2026-07-24 12:27:51,156 INFO trader_dost_arun.ops.alerts telegram disabled: ⚠️ <b>Health warning</b> bybit: score=30.0, p95=8549.4ms, stale=38.1s, reconnects=0
2026-07-24 12:27:51,179 INFO trader_dost_arun.ops.alerts telegram disabled: ⚠️ <b>Health warning</b> bybit: score=30.0, p95=8549.4ms, stale=38.1s, reconnects=0
2026-07-24 12:27:51,201 INFO trader_dost_arun.ops.alerts telegram disabled: ⚠️ <b>Health warning</b> bybit: score=30.0, p95=8549.4ms, stale=38.1s, reconnects=0
2026-07-24 12:27:51,224 INFO trader_dost_arun.ops.alerts telegram disabled: ⚠️ <b>Health warning</b> bybit: score=30.0, p95=8549.4ms, stale=38.2s, reconnects=0
2026-07-24 12:27:51,247 INFO trader_dost_arun.ops.alerts telegram disabled: ⚠️ <b>Health warning</b> bybit: score=30.0, p95=8549.4ms, stale=38.2s, reconnects=0
2026-07-24 12:27:51,271 INFO trader_dost_arun.ops.alerts telegram disabled: ⚠️ <b>Health warning</b> bybit: score=30.0, p95=8549.4ms, stale=38.2s, reconnects=0
2026-07-24 12:27:51,295 INFO trader_dost_arun.ops.alerts telegram disabled: ⚠️ <b>Health warning</b> bybit: score=30.0, p95=8549.4ms, stale=38.2s, reconnects=0
2026-07-24 12:27:51,318 INFO trader_dost_arun.ops.alerts telegram disabled: ⚠️ <b>Health warning</b> bybit: score=30.0, p95=8549.4ms, stale=38.3s, reconnects=0
2026-07-24 12:27:51,341 INFO trader_dost_arun.ops.alerts telegram disabled: ⚠️ <b>Health warning</b> bybit: score=30.0, p95=8549.4ms, stale=38.3s, reconnects=0
2026-07-24 12:27:51,364 INFO trader_dost_arun.ops.alerts telegram disabled: ⚠️ <b>Health warning</b> bybit: score=30.0, p95=8549.4ms, stale=38.3s, reconnects=0
2026-07-24 12:27:51,385 INFO trader_dost_arun.ops.alerts telegram disabled: ⚠️ <b>Health warning</b> bybit: score=30.0, p95=8549.4ms, stale=38.3s, reconnects=0
2026-07-24 12:27:51,407 INFO trader_dost_arun.ops.alerts telegram disabled: ⚠️ <b>Health warning</b> bybit: score=30.0, p95=8549.4ms, stale=38.3s, reconnects=0
2026-07-24 12:27:51,427 INFO trader_dost_arun.ops.alerts telegram disabled: ⚠️ <b>Health warning</b> bybit: score=30.0, p95=8549.4ms, stale=38.4s, reconnects=0
2026-07-24 12:27:51,448 INFO trader_dost_arun.ops.alerts telegram disabled: ⚠️ <b>Health warning</b> bybit: score=30.0, p95=8549.4ms, stale=38.4s, reconnects=0
2026-07-24 12:27:51,467 INFO trader_dost_arun.ops.alerts telegram disabled: ⚠️ <b>Health warning</b> bybit: score=30.0, p95=8549.4ms, stale=38.4s, reconnects=0
2026-07-24 12:27:51,488 INFO trader_dost_arun.ops.alerts telegram disabled: ⚠️ <b>Health warning</b> bybit: score=30.0, p95=8549.4ms, stale=38.4s, reconnects=0
2026-07-24 12:27:51,514 INFO trader_dost_arun.ops.alerts telegram disabled: ⚠️ <b>Health warning</b> bybit: score=30.0, p95=8549.4ms, stale=38.4s, reconnects=0
2026-07-24 12:27:51,535 INFO trader_dost_arun.ops.alerts telegram disabled: ⚠️ <b>Health warning</b> bybit: score=30.0, p95=8549.4ms, stale=38.5s, reconnects=0
2026-07-24 12:27:51,556 INFO trader_dost_arun.ops.alerts telegram disabled: ⚠️ <b>Health warning</b> bybit: score=30.0, p95=8549.4ms, stale=38.5s, reconnects=0
2026-07-24 12:27:51,577 INFO trader_dost_arun.ops.alerts telegram disabled: ⚠️ <b>Health warning</b> bybit: score=30.0, p95=8549.4ms, stale=38.5s, reconnects=0
2026-07-24 12:27:51,597 INFO trader_dost_arun.ops.alerts telegram disabled: ⚠️ <b>Health warning</b> bybit: score=30.0, p95=8549.4ms, stale=38.5s, reconnects=0
2026-07-24 12:27:51,617 INFO trader_dost_arun.ops.alerts telegram disabled: ⚠️ <b>Health warning</b> bybit: score=30.0, p95=8549.4ms, stale=38.6s, reconnects=0
2026-07-24 12:27:51,638 INFO trader_dost_arun.ops.alerts telegram disabled: ⚠️ <b>Health warning</b> bybit: score=30.0, p95=8549.4ms, stale=38.6s, reconnects=0
2026-07-24 12:27:51,660 INFO trader_dost_arun.ops.alerts telegram disabled: ⚠️ <b>Health warning</b> bybit: score=30.0, p95=8549.4ms, stale=38.6s, reconnects=0
2026-07-24 12:27:51,680 INFO trader_dost_arun.ops.alerts telegram disabled: ⚠️ <b>Health warning</b> bybit: score=30.0, p95=8549.4ms, stale=38.6s, reconnects=0
2026-07-24 12:27:51,701 INFO trader_dost_arun.ops.alerts telegram disabled: ⚠️ <b>Health warning</b> bybit: score=30.0, p95=8549.4ms, stale=38.6s, reconnects=0
2026-07-24 12:27:51,723 INFO trader_dost_arun.ops.alerts telegram disabled: ⚠️ <b>Health warning</b> bybit: score=30.0, p95=8549.4ms, stale=38.7s, reconnects=0
2026-07-24 12:27:51,744 INFO trader_dost_arun.ops.alerts telegram disabled: ⚠️ <b>Health warning</b> bybit: score=30.0, p95=8549.4ms, stale=38.7s, reconnects=0
2026-07-24 12:27:51,775 INFO trader_dost_arun.ops.alerts telegram disabled: ⚠️ <b>Health warning</b> bybit: score=30.0, p95=8549.4ms, stale=38.7s, reconnects=0
2026-07-24 12:27:51,878 INFO trader_dost_arun.ops.alerts telegram disabled: ⚠️ <b>Health warning</b> bybit: score=30.0, p95=8549.4ms, stale=38.8s, reconnects=0
2026-07-24 12:27:51,908 INFO trader_dost_arun.ops.alerts telegram disabled: ⚠️ <b>Health warning</b> bybit: score=30.0, p95=8549.4ms, stale=38.8s, reconnects=0
2026-07-24 12:27:51,929 INFO trader_dost_arun.ops.alerts telegram disabled: ⚠️ <b>Health warning</b> bybit: score=30.0, p95=8549.4ms, stale=38.9s, reconnects=0
2026-07-24 12:27:51,951 INFO trader_dost_arun.ops.alerts telegram disabled: ⚠️ <b>Health warning</b> bybit: score=30.0, p95=8549.4ms, stale=38.9s, reconnects=0
2026-07-24 12:27:51,980 INFO trader_dost_arun.ops.alerts telegram disabled: ⚠️ <b>Health warning</b> bybit: score=30.0, p95=8549.4ms, stale=38.9s, reconnects=0
2026-07-24 12:27:52,002 INFO trader_dost_arun.ops.alerts telegram disabled: ⚠️ <b>Health warning</b> bybit: score=30.0, p95=8549.4ms, stale=38.9s, reconnects=0
2026-07-24 12:27:52,023 INFO trader_dost_arun.ops.alerts telegram disabled: ⚠️ <b>Health warning</b> bybit: score=30.0, p95=8549.4ms, stale=39.0s, reconnects=0
2026-07-24 12:27:52,044 INFO trader_dost_arun.ops.alerts telegram disabled: ⚠️ <b>Health warning</b> bybit: score=30.0, p95=8549.4ms, stale=39.0s, reconnects=0
2026-07-24 12:27:52,066 INFO trader_dost_arun.ops.alerts telegram disabled: ⚠️ <b>Health warning</b> bybit: score=30.0, p95=8549.4ms, stale=39.0s, reconnects=0
2026-07-24 12:27:52,088 INFO trader_dost_arun.ops.alerts telegram disabled: ⚠️ <b>Health warning</b> bybit: score=30.0, p95=8549.4ms, stale=39.0s, reconnects=0
2026-07-24 12:27:52,109 INFO trader_dost_arun.ops.alerts telegram disabled: ⚠️ <b>Health warning</b> bybit: score=30.0, p95=8549.4ms, stale=39.0s, reconnects=0
2026-07-24 12:27:52,130 INFO trader_dost_arun.ops.alerts telegram disabled: ⚠️ <b>Health warning</b> bybit: score=30.0, p95=8549.4ms, stale=39.1s, reconnects=0
2026-07-24 12:27:52,151 INFO trader_dost_arun.ops.alerts telegram disabled: ⚠️ <b>Health warning</b> bybit: score=30.0, p95=8549.4ms, stale=39.1s, reconnects=0
2026-07-24 12:27:52,174 INFO trader_dost_arun.ops.alerts telegram disabled: ⚠️ <b>Health warning</b> bybit: score=30.0, p95=8549.4ms, stale=39.1s, reconnects=0
2026-07-24 12:27:52,197 INFO trader_dost_arun.ops.alerts telegram disabled: ⚠️ <b>Health warning</b> bybit: score=30.0, p95=8549.4ms, stale=39.1s, reconnects=0
2026-07-24 12:27:52,220 INFO trader_dost_arun.ops.alerts telegram disabled: ⚠️ <b>Health warning</b> bybit: score=30.0, p95=8549.4ms, stale=39.2s, reconnects=0
2026-07-24 12:27:52,245 INFO trader_dost_arun.ops.alerts telegram disabled: ⚠️ <b>Health warning</b> bybit: score=30.0, p95=8549.4ms, stale=39.2s, reconnects=0
2026-07-24 12:27:52,268 INFO trader_dost_arun.ops.alerts telegram disabled: ⚠️ <b>Health warning</b> bybit: score=30.0, p95=8549.4ms, stale=39.2s, reconnects=0
2026-07-24 12:27:52,289 INFO trader_dost_arun.ops.alerts telegram disabled: ⚠️ <b>Health warning</b> bybit: score=30.0, p95=8549.4ms, stale=39.2s, reconnects=0
2026-07-24 12:27:52,309 INFO trader_dost_arun.ops.alerts telegram disabled: ⚠️ <b>Health warning</b> bybit: score=30.0, p95=8549.4ms, stale=39.2s, reconnects=0
2026-07-24 12:27:52,329 INFO trader_dost_arun.ops.alerts telegram disabled: ⚠️ <b>Health warning</b> bybit: score=30.0, p95=8549.4ms, stale=39.3s, reconnects=0
2026-07-24 12:27:52,357 INFO trader_dost_arun.ops.alerts telegram disabled: ⚠️ <b>Health warning</b> bybit: score=30.0, p95=8549.4ms, stale=39.3s, reconnects=0
2026-07-24 12:27:52,377 INFO trader_dost_arun.ops.alerts telegram disabled: ⚠️ <b>Health warning</b> bybit: score=30.0, p95=8549.4ms, stale=39.3s, reconnects=0
2026-07-24 12:27:52,396 INFO trader_dost_arun.ops.alerts telegram disabled: ⚠️ <b>Health warning</b> bybit: score=30.0, p95=8549.4ms, stale=39.3s, reconnects=0
2026-07-24 12:27:52,416 INFO trader_dost_arun.ops.alerts telegram disabled: ⚠️ <b>Health warning</b> bybit: score=30.0, p95=8549.4ms, stale=39.3s, reconnects=0
2026-07-24 12:27:52,436 INFO trader_dost_arun.ops.alerts telegram disabled: ⚠️ <b>Health warning</b> bybit: score=30.0, p95=8549.4ms, stale=39.4s, reconnects=0
2026-07-24 12:27:52,456 INFO trader_dost_arun.ops.alerts telegram disabled: ⚠️ <b>Health warning</b> bybit: score=30.0, p95=8549.4ms, stale=39.4s, reconnects=0
2026-07-24 12:27:52,478 INFO trader_dost_arun.ops.alerts telegram disabled: ⚠️ <b>Health warning</b> bybit: score=30.0, p95=8549.4ms, stale=39.4s, reconnects=0
2026-07-24 12:27:52,500 INFO trader_dost_arun.ops.alerts telegram disabled: ⚠️ <b>Health warning</b> bybit: score=30.0, p95=8549.4ms, stale=39.4s, reconnects=0
2026-07-24 12:27:52,522 INFO trader_dost_arun.ops.alerts telegram disabled: ⚠️ <b>Health warning</b> bybit: score=30.0, p95=8549.4ms, stale=39.5s, reconnects=0
2026-07-24 12:27:52,543 INFO trader_dost_arun.ops.alerts telegram disabled: ⚠️ <b>Health warning</b> bybit: score=30.0, p95=8549.4ms, stale=39.5s, reconnects=0
2026-07-24 12:27:52,564 INFO trader_dost_arun.ops.alerts telegram disabled: ⚠️ <b>Health warning</b> bybit: score=30.0, p95=8549.4ms, stale=39.5s, reconnects=0
2026-07-24 12:27:52,585 INFO trader_dost_arun.ops.alerts telegram disabled: ⚠️ <b>Health warning</b> bybit: score=30.0, p95=8549.4ms, stale=39.5s, reconnects=0
2026-07-24 12:27:52,607 INFO trader_dost_arun.ops.alerts telegram disabled: ⚠️ <b>Health warning</b> bybit: score=30.0, p95=8549.4ms, stale=39.5s, reconnects=0
2026-07-24 12:27:52,630 INFO trader_dost_arun.ops.alerts telegram disabled: ⚠️ <b>Health warning</b> bybit: score=30.0, p95=8549.4ms, stale=39.6s, reconnects=0
2026-07-24 12:27:52,652 INFO trader_dost_arun.ops.alerts telegram disabled: ⚠️ <b>Health warning</b> bybit: score=30.0, p95=8549.4ms, stale=39.6s, reconnects=0
2026-07-24 12:27:52,673 INFO trader_dost_arun.ops.alerts telegram disabled: ⚠️ <b>Health warning</b> bybit: score=30.0, p95=8549.4ms, stale=39.6s, reconnects=0
2026-07-24 12:27:52,694 INFO trader_dost_arun.ops.alerts telegram disabled: ⚠️ <b>Health warning</b> bybit: score=30.0, p95=8549.4ms, stale=39.6s, reconnects=0
2026-07-24 12:27:52,715 INFO trader_dost_arun.ops.alerts telegram disabled: ⚠️ <b>Health warning</b> bybit: score=30.0, p95=8549.4ms, stale=39.6s, reconnects=0
2026-07-24 12:27:52,743 INFO trader_dost_arun.ops.alerts telegram disabled: ⚠️ <b>Health warning</b> bybit: score=30.0, p95=8549.4ms, stale=39.7s, reconnects=0
2026-07-24 12:27:52,766 INFO trader_dost_arun.ops.alerts telegram disabled: ⚠️ <b>Health warning</b> bybit: score=30.0, p95=8549.4ms, stale=39.7s, reconnects=0
2026-07-24 12:27:52,787 INFO trader_dost_arun.ops.alerts telegram disabled: ⚠️ <b>Health warning</b> bybit: score=30.0, p95=8549.4ms, stale=39.7s, reconnects=0
2026-07-24 12:27:52,808 INFO trader_dost_arun.ops.alerts telegram disabled: ⚠️ <b>Health warning</b> bybit: score=30.0, p95=8549.4ms, stale=39.7s, reconnects=0
2026-07-24 12:27:52,828 INFO trader_dost_arun.ops.alerts telegram disabled: ⚠️ <b>Health warning</b> bybit: score=30.0, p95=8549.4ms, stale=39.8s, reconnects=0
2026-07-24 12:27:52,848 INFO trader_dost_arun.ops.alerts telegram disabled: ⚠️ <b>Health warning</b> bybit: score=30.0, p95=8549.4ms, stale=39.8s, reconnects=0
2026-07-24 12:27:52,870 INFO trader_dost_arun.ops.alerts telegram disabled: ⚠️ <b>Health warning</b> bybit: score=30.0, p95=8549.4ms, stale=39.8s, reconnects=0
2026-07-24 12:27:52,892 INFO trader_dost_arun.ops.alerts telegram disabled: ⚠️ <b>Health warning</b> bybit: score=30.0, p95=8549.4ms, stale=39.8s, reconnects=0
2026-07-24 12:27:52,912 INFO trader_dost_arun.ops.alerts telegram disabled: ⚠️ <b>Health warning</b> bybit: score=30.0, p95=8549.4ms, stale=39.8s, reconnects=0
2026-07-24 12:27:52,933 INFO trader_dost_arun.ops.alerts telegram disabled: ⚠️ <b>Health warning</b> bybit: score=30.0, p95=8549.4ms, stale=39.9s, reconnects=0
2026-07-24 12:27:52,955 INFO trader_dost_arun.ops.alerts telegram disabled: ⚠️ <b>Health warning</b> bybit: score=30.0, p95=8549.4ms, stale=39.9s, reconnects=0
2026-07-24 12:27:52,977 INFO trader_dost_arun.ops.alerts telegram disabled: ⚠️ <b>Health warning</b> bybit: score=30.0, p95=8549.4ms, stale=39.9s, reconnects=0
2026-07-24 12:27:52,996 INFO trader_dost_arun.ops.alerts telegram disabled: ⚠️ <b>Health warning</b> bybit: score=30.0, p95=8549.4ms, stale=39.9s, reconnects=0
2026-07-24 12:27:53,017 INFO trader_dost_arun.ops.alerts telegram disabled: ⚠️ <b>Health warning</b> bybit: score=30.0, p95=8549.4ms, stale=40.0s, reconnects=0
2026-07-24 12:27:53,039 INFO trader_dost_arun.ops.alerts telegram disabled: ⚠️ <b>Health warning</b> bybit: score=30.0, p95=8549.4ms, stale=40.0s, reconnects=0
2026-07-24 12:27:53,059 INFO trader_dost_arun.ops.alerts telegram disabled: ⚠️ <b>Health warning</b> bybit: score=30.0, p95=8549.4ms, stale=40.0s, reconnects=0
2026-07-24 12:27:53,080 INFO trader_dost_arun.ops.alerts telegram disabled: ⚠️ <b>Health warning</b> bybit: score=30.0, p95=8549.4ms, stale=40.0s, reconnects=0
2026-07-24 12:27:53,106 INFO trader_dost_arun.ops.alerts telegram disabled: ⚠️ <b>Health warning</b> bybit: score=30.0, p95=8549.4ms, stale=40.0s, reconnects=0
2026-07-24 12:27:53,125 INFO trader_dost_arun.ops.alerts telegram disabled: ⚠️ <b>Health warning</b> bybit: score=30.0, p95=8549.4ms, stale=40.1s, reconnects=0
2026-07-24 12:27:53,145 INFO trader_dost_arun.ops.alerts telegram disabled: ⚠️ <b>Health warning</b> bybit: score=30.0, p95=8549.4ms, stale=40.1s, reconnects=0
2026-07-24 12:27:53,166 INFO trader_dost_arun.ops.alerts telegram disabled: ⚠️ <b>Health warning</b> bybit: score=30.0, p95=8549.4ms, stale=40.1s, reconnects=0
2026-07-24 12:27:53,185 INFO trader_dost_arun.ops.alerts telegram disabled: ⚠️ <b>Health warning</b> bybit: score=30.0, p95=8549.4ms, stale=40.1s, reconnects=0
2026-07-24 12:27:53,206 INFO trader_dost_arun.ops.alerts telegram disabled: ⚠️ <b>Health warning</b> bybit: score=30.0, p95=8549.4ms, stale=40.1s, reconnects=0
2026-07-24 12:27:53,227 INFO trader_dost_arun.ops.alerts telegram disabled: ⚠️ <b>Health warning</b> bybit: score=30.0, p95=8549.4ms, stale=40.2s, reconnects=0
2026-07-24 12:27:53,246 INFO trader_dost_arun.ops.alerts telegram disabled: ⚠️ <b>Health warning</b> bybit: score=30.0, p95=8549.4ms, stale=40.2s, reconnects=0
2026-07-24 12:27:53,267 INFO trader_dost_arun.ops.alerts telegram disabled: ⚠️ <b>Health warning</b> bybit: score=30.0, p95=8549.4ms, stale=40.2s, reconnects=0
2026-07-24 12:27:53,286 INFO trader_dost_arun.ops.alerts telegram disabled: ⚠️ <b>Health warning</b> bybit: score=30.0, p95=8549.4ms, stale=40.2s, reconnects=0
2026-07-24 12:27:53,308 INFO trader_dost_arun.ops.alerts telegram disabled: ⚠️ <b>Health warning</b> bybit: score=30.0, p95=8549.4ms, stale=40.2s, reconnects=0
2026-07-24 12:27:53,329 INFO trader_dost_arun.ops.alerts telegram disabled: ⚠️ <b>Health warning</b> bybit: score=30.0, p95=8549.4ms, stale=40.3s, reconnects=0
2026-07-24 12:27:53,349 INFO trader_dost_arun.ops.alerts telegram disabled: ⚠️ <b>Health warning</b> bybit: score=30.0, p95=8549.4ms, stale=40.3s, reconnects=0
2026-07-24 12:27:53,371 INFO trader_dost_arun.ops.alerts telegram disabled: ⚠️ <b>Health warning</b> bybit: score=30.0, p95=8549.4ms, stale=40.3s, reconnects=0
2026-07-24 12:27:53,392 INFO trader_dost_arun.ops.alerts telegram disabled: ⚠️ <b>Health warning</b> bybit: score=30.0, p95=8549.4ms, stale=40.3s, reconnects=0
2026-07-24 12:27:53,414 INFO trader_dost_arun.ops.alerts telegram disabled: ⚠️ <b>Health warning</b> bybit: score=30.0, p95=8549.4ms, stale=40.3s, reconnects=0
2026-07-24 12:27:53,434 INFO trader_dost_arun.ops.alerts telegram disabled: ⚠️ <b>Health warning</b> bybit: score=30.0, p95=8549.4ms, stale=40.4s, reconnects=0
2026-07-24 12:27:53,461 INFO trader_dost_arun.ops.alerts telegram disabled: ⚠️ <b>Health warning</b> bybit: score=30.0, p95=8549.4ms, stale=40.4s, reconnects=0
2026-07-24 12:27:53,483 INFO trader_dost_arun.ops.alerts telegram disabled: ⚠️ <b>Health warning</b> bybit: score=30.0, p95=8549.4ms, stale=40.4s, reconnects=0
2026-07-24 12:27:53,504 INFO trader_dost_arun.ops.alerts telegram disabled: ⚠️ <b>Health warning</b> bybit: score=30.0, p95=8549.4ms, stale=40.4s, reconnects=0
2026-07-24 12:27:53,525 INFO trader_dost_arun.ops.alerts telegram disabled: ⚠️ <b>Health warning</b> bybit: score=30.0, p95=8549.4ms, stale=40.5s, reconnects=0
2026-07-24 12:27:53,545 INFO trader_dost_arun.ops.alerts telegram disabled: ⚠️ <b>Health warning</b> bybit: score=30.0, p95=8549.4ms, stale=40.5s, reconnects=0
2026-07-24 12:27:53,564 INFO trader_dost_arun.ops.alerts telegram disabled: ⚠️ <b>Health warning</b> bybit: score=30.0, p95=8549.4ms, stale=40.5s, reconnects=0
2026-07-24 12:27:53,583 INFO trader_dost_arun.ops.alerts telegram disabled: ⚠️ <b>Health warning</b> bybit: score=30.0, p95=8549.4ms, stale=40.5s, reconnects=0
2026-07-24 12:27:53,604 INFO trader_dost_arun.ops.alerts telegram disabled: ⚠️ <b>Health warning</b> bybit: score=30.0, p95=8549.4ms, stale=40.5s, reconnects=0
2026-07-24 12:27:53,625 INFO trader_dost_arun.ops.alerts telegram disabled: ⚠️ <b>Health warning</b> bybit: score=30.0, p95=8549.4ms, stale=40.6s, reconnects=0
2026-07-24 12:27:53,645 INFO trader_dost_arun.ops.alerts telegram disabled: ⚠️ <b>Health warning</b> bybit: score=30.0, p95=8549.4ms, stale=40.6s, reconnects=0
2026-07-24 12:27:53,665 INFO trader_dost_arun.ops.alerts telegram disabled: ⚠️ <b>Health warning</b> bybit: score=30.0, p95=8549.4ms, stale=40.6s, reconnects=0
2026-07-24 12:27:53,684 INFO trader_dost_arun.ops.alerts telegram disabled: ⚠️ <b>Health warning</b> bybit: score=30.0, p95=8549.4ms, stale=40.6s, reconnects=0
2026-07-24 12:27:53,704 INFO trader_dost_arun.ops.alerts telegram disabled: ⚠️ <b>Health warning</b> bybit: score=30.0, p95=8549.4ms, stale=40.6s, reconnects=0
2026-07-24 12:27:53,723 INFO trader_dost_arun.ops.alerts telegram disabled: ⚠️ <b>Health warning</b> bybit: score=30.0, p95=8549.4ms, stale=40.7s, reconnects=0
2026-07-24 12:27:53,743 INFO trader_dost_arun.ops.alerts telegram disabled: ⚠️ <b>Health warning</b> bybit: score=30.0, p95=8549.4ms, stale=40.7s, reconnects=0
2026-07-24 12:27:53,763 INFO trader_dost_arun.ops.alerts telegram disabled: ⚠️ <b>Health warning</b> bybit: score=30.0, p95=8549.4ms, stale=40.7s, reconnects=0
2026-07-24 12:27:53,782 INFO trader_dost_arun.ops.alerts telegram disabled: ⚠️ <b>Health warning</b> bybit: score=30.0, p95=8549.4ms, stale=40.7s, reconnects=0
2026-07-24 12:27:53,801 INFO trader_dost_arun.ops.alerts telegram disabled: ⚠️ <b>Health warning</b> bybit: score=30.0, p95=8549.4ms, stale=40.7s, reconnects=0
2026-07-24 12:27:53,828 INFO trader_dost_arun.ops.alerts telegram disabled: ⚠️ <b>Health warning</b> bybit: score=30.0, p95=8549.4ms, stale=40.8s, reconnects=0
2026-07-24 12:27:53,849 INFO trader_dost_arun.ops.alerts telegram disabled: ⚠️ <b>Health warning</b> bybit: score=30.0, p95=8549.4ms, stale=40.8s, reconnects=0
2026-07-24 12:27:53,870 INFO trader_dost_arun.ops.alerts telegram disabled: ⚠️ <b>Health warning</b> bybit: score=30.0, p95=8549.4ms, stale=40.8s, reconnects=0
2026-07-24 12:27:53,894 INFO trader_dost_arun.ops.alerts telegram disabled: ⚠️ <b>Health warning</b> bybit: score=30.0, p95=8549.4ms, stale=40.8s, reconnects=0
2026-07-24 12:27:53,915 INFO trader_dost_arun.ops.alerts telegram disabled: ⚠️ <b>Health warning</b> bybit: score=30.0, p95=8549.4ms, stale=40.8s, reconnects=0
2026-07-24 12:27:53,935 INFO trader_dost_arun.ops.alerts telegram disabled: ⚠️ <b>Health warning</b> bybit: score=30.0, p95=8549.4ms, stale=40.9s, reconnects=0
2026-07-24 12:27:53,955 INFO trader_dost_arun.ops.alerts telegram disabled: ⚠️ <b>Health warning</b> bybit: score=30.0, p95=8549.4ms, stale=40.9s, reconnects=0
2026-07-24 12:27:53,975 INFO trader_dost_arun.ops.alerts telegram disabled: ⚠️ <b>Health warning</b> bybit: score=30.0, p95=8549.4ms, stale=40.9s, reconnects=0
2026-07-24 12:27:53,997 INFO trader_dost_arun.ops.alerts telegram disabled: ⚠️ <b>Health warning</b> bybit: score=30.0, p95=8549.4ms, stale=40.9s, reconnects=0
2026-07-24 12:27:54,017 INFO trader_dost_arun.ops.alerts telegram disabled: ⚠️ <b>Health warning</b> bybit: score=30.0, p95=8549.4ms, stale=41.0s, reconnects=0
2026-07-24 12:27:54,037 INFO trader_dost_arun.ops.alerts telegram disabled: ⚠️ <b>Health warning</b> bybit: score=30.0, p95=8549.4ms, stale=41.0s, reconnects=0
2026-07-24 12:27:54,058 INFO trader_dost_arun.ops.alerts telegram disabled: ⚠️ <b>Health warning</b> bybit: score=30.0, p95=8549.4ms, stale=41.0s, reconnects=0
2026-07-24 12:27:54,079 INFO trader_dost_arun.ops.alerts telegram disabled: ⚠️ <b>Health warning</b> bybit: score=30.0, p95=8549.4ms, stale=41.0s, reconnects=0
2026-07-24 12:27:54,100 INFO trader_dost_arun.ops.alerts telegram disabled: ⚠️ <b>Health warning</b> bybit: score=30.0, p95=8549.4ms, stale=41.0s, reconnects=0
2026-07-24 12:27:54,120 INFO trader_dost_arun.ops.alerts telegram disabled: ⚠️ <b>Health warning</b> bybit: score=30.0, p95=8549.4ms, stale=41.1s, reconnects=0
2026-07-24 12:27:54,140 INFO trader_dost_arun.ops.alerts telegram disabled: ⚠️ <b>Health warning</b> bybit: score=30.0, p95=8549.4ms, stale=41.1s, reconnects=0
2026-07-24 12:27:54,161 INFO trader_dost_arun.ops.alerts telegram disabled: ⚠️ <b>Health warning</b> bybit: score=30.0, p95=8549.4ms, stale=41.1s, reconnects=0
2026-07-24 12:27:54,188 INFO trader_dost_arun.ops.alerts telegram disabled: ⚠️ <b>Health warning</b> bybit: score=30.0, p95=8549.4ms, stale=41.1s, reconnects=0
2026-07-24 12:27:54,209 INFO trader_dost_arun.ops.alerts telegram disabled: ⚠️ <b>Health warning</b> bybit: score=30.0, p95=8549.4ms, stale=41.1s, reconnects=0
2026-07-24 12:27:54,229 INFO trader_dost_arun.ops.alerts telegram disabled: ⚠️ <b>Health warning</b> bybit: score=30.0, p95=8549.4ms, stale=41.2s, reconnects=0
2026-07-24 12:27:54,250 INFO trader_dost_arun.ops.alerts telegram disabled: ⚠️ <b>Health warning</b> bybit: score=30.0, p95=8549.4ms, stale=41.2s, reconnects=0
2026-07-24 12:27:54,272 INFO trader_dost_arun.ops.alerts telegram disabled: ⚠️ <b>Health warning</b> bybit: score=30.0, p95=8549.4ms, stale=41.2s, reconnects=0
2026-07-24 12:27:54,293 INFO trader_dost_arun.ops.alerts telegram disabled: ⚠️ <b>Health warning</b> bybit: score=30.0, p95=8549.4ms, stale=41.2s, reconnects=0
2026-07-24 12:27:54,314 INFO trader_dost_arun.ops.alerts telegram disabled: ⚠️ <b>Health warning</b> bybit: score=30.0, p95=8549.4ms, stale=41.2s, reconnects=0
2026-07-24 12:27:54,336 INFO trader_dost_arun.ops.alerts telegram disabled: ⚠️ <b>Health warning</b> bybit: score=30.0, p95=8549.4ms, stale=41.3s, reconnects=0
2026-07-24 12:27:54,358 INFO trader_dost_arun.ops.alerts telegram disabled: ⚠️ <b>Health warning</b> bybit: score=30.0, p95=8549.4ms, stale=41.3s, reconnects=0
2026-07-24 12:27:54,379 INFO trader_dost_arun.ops.alerts telegram disabled: ⚠️ <b>Health warning</b> bybit: score=30.0, p95=8549.4ms, stale=41.3s, reconnects=0
2026-07-24 12:27:54,400 INFO trader_dost_arun.ops.alerts telegram disabled: ⚠️ <b>Health warning</b> bybit: score=30.0, p95=8549.4ms, stale=41.3s, reconnects=0
2026-07-24 12:27:54,421 INFO trader_dost_arun.ops.alerts telegram disabled: ⚠️ <b>Health warning</b> bybit: score=30.0, p95=8549.4ms, stale=41.4s, reconnects=0
2026-07-24 12:27:54,442 INFO trader_dost_arun.ops.alerts telegram disabled: ⚠️ <b>Health warning</b> bybit: score=30.0, p95=8549.4ms, stale=41.4s, reconnects=0
2026-07-24 12:27:54,462 INFO trader_dost_arun.ops.alerts telegram disabled: ⚠️ <b>Health warning</b> bybit: score=30.0, p95=8549.4ms, stale=41.4s, reconnects=0
2026-07-24 12:27:54,483 INFO trader_dost_arun.ops.alerts telegram disabled: ⚠️ <b>Health warning</b> bybit: score=30.0, p95=8549.4ms, stale=41.4s, reconnects=0
2026-07-24 12:27:54,504 INFO trader_dost_arun.ops.alerts telegram disabled: ⚠️ <b>Health warning</b> bybit: score=30.0, p95=8549.4ms, stale=41.4s, reconnects=0
2026-07-24 12:27:54,528 INFO trader_dost_arun.ops.alerts telegram disabled: ⚠️ <b>Health warning</b> bybit: score=30.0, p95=8549.4ms, stale=41.5s, reconnects=0
2026-07-24 12:27:54,552 INFO trader_dost_arun.ops.alerts telegram disabled: ⚠️ <b>Health warning</b> bybit: score=30.0, p95=8549.4ms, stale=41.5s, reconnects=0
2026-07-24 12:27:54,581 INFO trader_dost_arun.ops.alerts telegram disabled: ⚠️ <b>Health warning</b> bybit: score=30.0, p95=8549.4ms, stale=41.5s, reconnects=0
2026-07-24 12:27:54,603 INFO trader_dost_arun.ops.alerts telegram disabled: ⚠️ <b>Health warning</b> bybit: score=30.0, p95=8549.4ms, stale=41.5s, reconnects=0
2026-07-24 12:27:54,625 INFO trader_dost_arun.ops.alerts telegram disabled: ⚠️ <b>Health warning</b> bybit: score=30.0, p95=8549.4ms, stale=41.6s, reconnects=0
2026-07-24 12:27:54,647 INFO trader_dost_arun.ops.alerts telegram disabled: ⚠️ <b>Health warning</b> bybit: score=30.0, p95=8549.4ms, stale=41.6s, reconnects=0
2026-07-24 12:27:54,668 INFO trader_dost_arun.ops.alerts telegram disabled: ⚠️ <b>Health warning</b> bybit: score=30.0, p95=8549.4ms, stale=41.6s, reconnects=0
2026-07-24 12:27:54,688 INFO trader_dost_arun.ops.alerts telegram disabled: ⚠️ <b>Health warning</b> bybit: score=30.0, p95=8549.4ms, stale=41.6s, reconnects=0
2026-07-24 12:27:54,709 INFO trader_dost_arun.ops.alerts telegram disabled: ⚠️ <b>Health warning</b> bybit: score=30.0, p95=8549.4ms, stale=41.6s, reconnects=0
2026-07-24 12:27:54,731 INFO trader_dost_arun.ops.alerts telegram disabled: ⚠️ <b>Health warning</b> bybit: score=30.0, p95=8549.4ms, stale=41.7s, reconnects=0
2026-07-24 12:27:54,752 INFO trader_dost_arun.ops.alerts telegram disabled: ⚠️ <b>Health warning</b> bybit: score=30.0, p95=8549.4ms, stale=41.7s, reconnects=0
2026-07-24 12:27:54,774 INFO trader_dost_arun.ops.alerts telegram disabled: ⚠️ <b>Health warning</b> bybit: score=30.0, p95=8549.4ms, stale=41.7s, reconnects=0
2026-07-24 12:27:54,795 INFO trader_dost_arun.ops.alerts telegram disabled: ⚠️ <b>Health warning</b> bybit: score=30.0, p95=8549.4ms, stale=41.7s, reconnects=0
2026-07-24 12:27:54,816 INFO trader_dost_arun.ops.alerts telegram disabled: ⚠️ <b>Health warning</b> bybit: score=30.0, p95=8549.4ms, stale=41.7s, reconnects=0
2026-07-24 12:27:54,835 INFO trader_dost_arun.ops.alerts telegram disabled: ⚠️ <b>Health warning</b> bybit: score=30.0, p95=8549.4ms, stale=41.8s, reconnects=0
2026-07-24 12:27:54,856 INFO trader_dost_arun.ops.alerts telegram disabled: ⚠️ <b>Health warning</b> bybit: score=30.0, p95=8549.4ms, stale=41.8s, reconnects=0
2026-07-24 12:27:54,876 INFO trader_dost_arun.ops.alerts telegram disabled: ⚠️ <b>Health warning</b> bybit: score=30.0, p95=8549.4ms, stale=41.8s, reconnects=0
2026-07-24 12:27:54,899 INFO trader_dost_arun.ops.alerts telegram disabled: ⚠️ <b>Health warning</b> bybit: score=30.0, p95=8549.4ms, stale=41.8s, reconnects=0
2026-07-24 12:27:54,919 INFO trader_dost_arun.ops.alerts telegram disabled: ⚠️ <b>Health warning</b> bybit: score=30.0, p95=8549.4ms, stale=41.9s, reconnects=0
2026-07-24 12:27:54,948 INFO trader_dost_arun.ops.alerts telegram disabled: ⚠️ <b>Health warning</b> bybit: score=30.0, p95=8549.4ms, stale=41.9s, reconnects=0
2026-07-24 12:27:54,975 INFO trader_dost_arun.ops.alerts telegram disabled: ⚠️ <b>Health warning</b> bybit: score=30.0, p95=8549.4ms, stale=41.9s, reconnects=0
2026-07-24 12:27:55,006 INFO trader_dost_arun.ops.alerts telegram disabled: ⚠️ <b>Health warning</b> bybit: score=30.0, p95=8549.4ms, stale=41.9s, reconnects=0
2026-07-24 12:27:55,033 INFO trader_dost_arun.ops.alerts telegram disabled: ⚠️ <b>Health warning</b> bybit: score=30.0, p95=8549.4ms, stale=42.0s, reconnects=0
2026-07-24 12:27:55,057 INFO trader_dost_arun.ops.alerts telegram disabled: ⚠️ <b>Health warning</b> bybit: score=30.0, p95=8549.4ms, stale=42.0s, reconnects=0
2026-07-24 12:27:55,079 INFO trader_dost_arun.ops.alerts telegram disabled: ⚠️ <b>Health warning</b> bybit: score=30.0, p95=8549.4ms, stale=42.0s, reconnects=0
2026-07-24 12:27:55,099 INFO trader_dost_arun.ops.alerts telegram disabled: ⚠️ <b>Health warning</b> bybit: score=30.0, p95=8549.4ms, stale=42.0s, reconnects=0
2026-07-24 12:27:55,120 INFO trader_dost_arun.ops.alerts telegram disabled: ⚠️ <b>Health warning</b> bybit: score=30.0, p95=8549.4ms, stale=42.1s, reconnects=0
2026-07-24 12:27:55,141 INFO trader_dost_arun.ops.alerts telegram disabled: ⚠️ <b>Health warning</b> bybit: score=30.0, p95=8549.4ms, stale=42.1s, reconnects=0
2026-07-24 12:27:55,161 INFO trader_dost_arun.ops.alerts telegram disabled: ⚠️ <b>Health warning</b> bybit: score=30.0, p95=8549.4ms, stale=42.1s, reconnects=0
2026-07-24 12:27:55,183 INFO trader_dost_arun.ops.alerts telegram disabled: ⚠️ <b>Health warning</b> bybit: score=30.0, p95=8549.4ms, stale=42.1s, reconnects=0
2026-07-24 12:27:55,205 INFO trader_dost_arun.ops.alerts telegram disabled: ⚠️ <b>Health warning</b> bybit: score=30.0, p95=8549.4ms, stale=42.1s, reconnects=0
2026-07-24 12:27:55,227 INFO trader_dost_arun.ops.alerts telegram disabled: ⚠️ <b>Health warning</b> bybit: score=30.0, p95=8549.4ms, stale=42.2s, reconnects=0
2026-07-24 12:27:55,248 INFO trader_dost_arun.ops.alerts telegram disabled: ⚠️ <b>Health warning</b> bybit: score=30.0, p95=8549.4ms, stale=42.2s, reconnects=0
2026-07-24 12:27:55,270 INFO trader_dost_arun.ops.alerts telegram disabled: ⚠️ <b>Health warning</b> bybit: score=30.0, p95=8549.4ms, stale=42.2s, reconnects=0
2026-07-24 12:27:55,292 INFO trader_dost_arun.ops.alerts telegram disabled: ⚠️ <b>Health warning</b> bybit: score=30.0, p95=8549.4ms, stale=42.2s, reconnects=0
2026-07-24 12:27:55,314 INFO trader_dost_arun.ops.alerts telegram disabled: ⚠️ <b>Health warning</b> bybit: score=30.0, p95=8549.4ms, stale=42.2s, reconnects=0
2026-07-24 12:27:55,342 INFO trader_dost_arun.ops.alerts telegram disabled: ⚠️ <b>Health warning</b> bybit: score=30.0, p95=8549.4ms, stale=42.3s, reconnects=0
2026-07-24 12:27:55,368 INFO trader_dost_arun.ops.alerts telegram disabled: ⚠️ <b>Health warning</b> bybit: score=30.0, p95=8549.4ms, stale=42.3s, reconnects=0
2026-07-24 12:27:55,393 INFO trader_dost_arun.ops.alerts telegram disabled: ⚠️ <b>Health warning</b> bybit: score=30.0, p95=8549.4ms, stale=42.3s, reconnects=0
2026-07-24 12:27:55,418 INFO trader_dost_arun.ops.alerts telegram disabled: ⚠️ <b>Health warning</b> bybit: score=30.0, p95=8549.4ms, stale=42.4s, reconnects=0
2026-07-24 12:27:55,442 INFO trader_dost_arun.ops.alerts telegram disabled: ⚠️ <b>Health warning</b> bybit: score=30.0, p95=8549.4ms, stale=42.4s, reconnects=0
2026-07-24 12:27:55,464 INFO trader_dost_arun.ops.alerts telegram disabled: ⚠️ <b>Health warning</b> bybit: score=30.0, p95=8549.4ms, stale=42.4s, reconnects=0
2026-07-24 12:27:55,486 INFO trader_dost_arun.ops.alerts telegram disabled: ⚠️ <b>Health warning</b> bybit: score=30.0, p95=8549.4ms, stale=42.4s, reconnects=0
2026-07-24 12:27:55,508 INFO trader_dost_arun.ops.alerts telegram disabled: ⚠️ <b>Health warning</b> bybit: score=30.0, p95=8549.4ms, stale=42.4s, reconnects=0
2026-07-24 12:27:55,528 INFO trader_dost_arun.ops.alerts telegram disabled: ⚠️ <b>Health warning</b> bybit: score=30.0, p95=8549.4ms, stale=42.5s, reconnects=0
2026-07-24 12:27:55,549 INFO trader_dost_arun.ops.alerts telegram disabled: ⚠️ <b>Health warning</b> bybit: score=30.0, p95=8549.4ms, stale=42.5s, reconnects=0
2026-07-24 12:27:55,570 INFO trader_dost_arun.ops.alerts telegram disabled: ⚠️ <b>Health warning</b> bybit: score=30.0, p95=8549.4ms, stale=42.5s, reconnects=0
2026-07-24 12:27:55,592 INFO trader_dost_arun.ops.alerts telegram disabled: ⚠️ <b>Health warning</b> bybit: score=30.0, p95=8549.4ms, stale=42.5s, reconnects=0
2026-07-24 12:27:55,614 INFO trader_dost_arun.ops.alerts telegram disabled: ⚠️ <b>Health warning</b> bybit: score=30.0, p95=8549.4ms, stale=42.5s, reconnects=0
2026-07-24 12:27:55,635 INFO trader_dost_arun.ops.alerts telegram disabled: ⚠️ <b>Health warning</b> bybit: score=30.0, p95=8549.4ms, stale=42.6s, reconnects=0
2026-07-24 12:27:55,655 INFO trader_dost_arun.ops.alerts telegram disabled: ⚠️ <b>Health warning</b> bybit: score=30.0, p95=8549.4ms, stale=42.6s, reconnects=0
2026-07-24 12:27:55,676 INFO trader_dost_arun.ops.alerts telegram disabled: ⚠️ <b>Health warning</b> bybit: score=30.0, p95=8549.4ms, stale=42.6s, reconnects=0
2026-07-24 12:27:55,697 INFO trader_dost_arun.ops.alerts telegram disabled: ⚠️ <b>Health warning</b> bybit: score=30.0, p95=8549.4ms, stale=42.6s, reconnects=0
2026-07-24 12:27:55,718 INFO trader_dost_arun.ops.alerts telegram disabled: ⚠️ <b>Health warning</b> bybit: score=30.0, p95=8549.4ms, stale=42.7s, reconnects=0
2026-07-24 12:27:55,746 INFO trader_dost_arun.ops.alerts telegram disabled: ⚠️ <b>Health warning</b> bybit: score=30.0, p95=8549.4ms, stale=42.7s, reconnects=0
2026-07-24 12:27:55,768 INFO trader_dost_arun.ops.alerts telegram disabled: ⚠️ <b>Health warning</b> bybit: score=30.0, p95=8549.4ms, stale=42.7s, reconnects=0
2026-07-24 12:27:55,789 INFO trader_dost_arun.ops.alerts telegram disabled: ⚠️ <b>Health warning</b> bybit: score=30.0, p95=8549.4ms, stale=42.7s, reconnects=0
2026-07-24 12:27:55,812 INFO trader_dost_arun.ops.alerts telegram disabled: ⚠️ <b>Health warning</b> bybit: score=30.0, p95=8549.4ms, stale=42.7s, reconnects=0
2026-07-24 12:27:55,834 INFO trader_dost_arun.ops.alerts telegram disabled: ⚠️ <b>Health warning</b> bybit: score=30.0, p95=8549.4ms, stale=42.8s, reconnects=0
2026-07-24 12:27:55,856 INFO trader_dost_arun.ops.alerts telegram disabled: ⚠️ <b>Health warning</b> bybit: score=30.0, p95=8549.4ms, stale=42.8s, reconnects=0
2026-07-24 12:27:55,879 INFO trader_dost_arun.ops.alerts telegram disabled: ⚠️ <b>Health warning</b> bybit: score=30.0, p95=8549.4ms, stale=42.8s, reconnects=0
2026-07-24 12:27:55,902 INFO trader_dost_arun.ops.alerts telegram disabled: ⚠️ <b>Health warning</b> bybit: score=30.0, p95=8549.4ms, stale=42.8s, reconnects=0
2026-07-24 12:27:55,925 INFO trader_dost_arun.ops.alerts telegram disabled: ⚠️ <b>Health warning</b> bybit: score=30.0, p95=8549.4ms, stale=42.9s, reconnects=0
2026-07-24 12:27:55,946 INFO trader_dost_arun.ops.alerts telegram disabled: ⚠️ <b>Health warning</b> bybit: score=30.0, p95=8549.4ms, stale=42.9s, reconnects=0
2026-07-24 12:27:55,968 INFO trader_dost_arun.ops.alerts telegram disabled: ⚠️ <b>Health warning</b> bybit: score=30.0, p95=8549.4ms, stale=42.9s, reconnects=0
2026-07-24 12:27:55,990 INFO trader_dost_arun.ops.alerts telegram disabled: ⚠️ <b>Health warning</b> bybit: score=30.0, p95=8549.4ms, stale=42.9s, reconnects=0
2026-07-24 12:27:56,011 INFO trader_dost_arun.ops.alerts telegram disabled: ⚠️ <b>Health warning</b> bybit: score=30.0, p95=8549.4ms, stale=42.9s, reconnects=0
2026-07-24 12:27:56,031 INFO trader_dost_arun.ops.alerts telegram disabled: ⚠️ <b>Health warning</b> bybit: score=30.0, p95=8549.4ms, stale=43.0s, reconnects=0
2026-07-24 12:27:56,051 INFO trader_dost_arun.ops.alerts telegram disabled: ⚠️ <b>Health warning</b> bybit: score=30.0, p95=8549.4ms, stale=43.0s, reconnects=0
2026-07-24 12:27:56,073 INFO trader_dost_arun.ops.alerts telegram disabled: ⚠️ <b>Health warning</b> bybit: score=30.0, p95=8549.4ms, stale=43.0s, reconnects=0
2026-07-24 12:27:56,095 INFO trader_dost_arun.ops.alerts telegram disabled: ⚠️ <b>Health warning</b> bybit: score=30.0, p95=8549.4ms, stale=43.0s, reconnects=0
2026-07-24 12:27:56,122 INFO trader_dost_arun.ops.alerts telegram disabled: ⚠️ <b>Health warning</b> bybit: score=30.0, p95=8549.4ms, stale=43.1s, reconnects=0
2026-07-24 12:27:56,143 INFO trader_dost_arun.ops.alerts telegram disabled: ⚠️ <b>Health warning</b> bybit: score=30.0, p95=8549.4ms, stale=43.1s, reconnects=0
2026-07-24 12:27:56,164 INFO trader_dost_arun.ops.alerts telegram disabled: ⚠️ <b>Health warning</b> bybit: score=30.0, p95=8549.4ms, stale=43.1s, reconnects=0
2026-07-24 12:27:56,186 INFO trader_dost_arun.ops.alerts telegram disabled: ⚠️ <b>Health warning</b> bybit: score=30.0, p95=8549.4ms, stale=43.1s, reconnects=0
2026-07-24 12:27:56,208 INFO trader_dost_arun.ops.alerts telegram disabled: ⚠️ <b>Health warning</b> bybit: score=30.0, p95=8549.4ms, stale=43.1s, reconnects=0
2026-07-24 12:27:56,229 INFO trader_dost_arun.ops.alerts telegram disabled: ⚠️ <b>Health warning</b> bybit: score=30.0, p95=8549.4ms, stale=43.2s, reconnects=0
2026-07-24 12:27:56,251 INFO trader_dost_arun.ops.alerts telegram disabled: ⚠️ <b>Health warning</b> bybit: score=30.0, p95=8549.4ms, stale=43.2s, reconnects=0
2026-07-24 12:27:56,273 INFO trader_dost_arun.ops.alerts telegram disabled: ⚠️ <b>Health warning</b> bybit: score=30.0, p95=8549.4ms, stale=43.2s, reconnects=0
2026-07-24 12:27:56,293 INFO trader_dost_arun.ops.alerts telegram disabled: ⚠️ <b>Health warning</b> bybit: score=30.0, p95=8549.4ms, stale=43.2s, reconnects=0
2026-07-24 12:27:56,314 INFO trader_dost_arun.ops.alerts telegram disabled: ⚠️ <b>Health warning</b> bybit: score=30.0, p95=8549.4ms, stale=43.2s, reconnects=0
2026-07-24 12:27:56,335 INFO trader_dost_arun.ops.alerts telegram disabled: ⚠️ <b>Health warning</b> bybit: score=30.0, p95=8549.4ms, stale=43.3s, reconnects=0
2026-07-24 12:27:56,356 INFO trader_dost_arun.ops.alerts telegram disabled: ⚠️ <b>Health warning</b> bybit: score=30.0, p95=8549.4ms, stale=43.3s, reconnects=0
2026-07-24 12:27:56,377 INFO trader_dost_arun.ops.alerts telegram disabled: ⚠️ <b>Health warning</b> bybit: score=30.0, p95=8549.4ms, stale=43.3s, reconnects=0
2026-07-24 12:27:56,399 INFO trader_dost_arun.ops.alerts telegram disabled: ⚠️ <b>Health warning</b> bybit: score=30.0, p95=8549.4ms, stale=43.3s, reconnects=0
2026-07-24 12:27:56,420 INFO trader_dost_arun.ops.alerts telegram disabled: ⚠️ <b>Health warning</b> bybit: score=30.0, p95=8549.4ms, stale=43.4s, reconnects=0
2026-07-24 12:27:56,443 INFO trader_dost_arun.ops.alerts telegram disabled: ⚠️ <b>Health warning</b> bybit: score=30.0, p95=8549.4ms, stale=43.4s, reconnects=0
2026-07-24 12:27:56,465 INFO trader_dost_arun.ops.alerts telegram disabled: ⚠️ <b>Health warning</b> bybit: score=30.0, p95=8549.4ms, stale=43.4s, reconnects=0
2026-07-24 12:27:56,492 INFO trader_dost_arun.ops.alerts telegram disabled: ⚠️ <b>Health warning</b> bybit: score=30.0, p95=8549.4ms, stale=43.4s, reconnects=0
2026-07-24 12:27:56,513 INFO trader_dost_arun.ops.alerts telegram disabled: ⚠️ <b>Health warning</b> bybit: score=30.0, p95=8549.4ms, stale=43.4s, reconnects=0
2026-07-24 12:27:56,535 INFO trader_dost_arun.ops.alerts telegram disabled: ⚠️ <b>Health warning</b> bybit: score=30.0, p95=8549.4ms, stale=43.5s, reconnects=0
2026-07-24 12:27:56,557 INFO trader_dost_arun.ops.alerts telegram disabled: ⚠️ <b>Health warning</b> bybit: score=30.0, p95=8549.4ms, stale=43.5s, reconnects=0
2026-07-24 12:27:56,578 INFO trader_dost_arun.ops.alerts telegram disabled: ⚠️ <b>Health warning</b> bybit: score=30.0, p95=8549.4ms, stale=43.5s, reconnects=0
2026-07-24 12:27:56,600 INFO trader_dost_arun.ops.alerts telegram disabled: ⚠️ <b>Health warning</b> bybit: score=30.0, p95=8549.4ms, stale=43.5s, reconnects=0
2026-07-24 12:27:56,621 INFO trader_dost_arun.ops.alerts telegram disabled: ⚠️ <b>Health warning</b> bybit: score=30.0, p95=8549.4ms, stale=43.6s, reconnects=0
2026-07-24 12:27:56,642 INFO trader_dost_arun.ops.alerts telegram disabled: ⚠️ <b>Health warning</b> bybit: score=30.0, p95=8549.4ms, stale=43.6s, reconnects=0
2026-07-24 12:27:56,664 INFO trader_dost_arun.ops.alerts telegram disabled: ⚠️ <b>Health warning</b> bybit: score=30.0, p95=8549.4ms, stale=43.6s, reconnects=0
2026-07-24 12:27:56,686 INFO trader_dost_arun.ops.alerts telegram disabled: ⚠️ <b>Health warning</b> bybit: score=30.0, p95=8549.4ms, stale=43.6s, reconnects=0
2026-07-24 12:27:56,707 INFO trader_dost_arun.ops.alerts telegram disabled: ⚠️ <b>Health warning</b> bybit: score=30.0, p95=8549.4ms, stale=43.6s, reconnects=0
2026-07-24 12:27:56,728 INFO trader_dost_arun.ops.alerts telegram disabled: ⚠️ <b>Health warning</b> bybit: score=30.0, p95=8549.4ms, stale=43.7s, reconnects=0
2026-07-24 12:27:56,750 INFO trader_dost_arun.ops.alerts telegram disabled: ⚠️ <b>Health warning</b> bybit: score=30.0, p95=8549.4ms, stale=43.7s, reconnects=0
2026-07-24 12:27:56,774 INFO trader_dost_arun.ops.alerts telegram disabled: ⚠️ <b>Health warning</b> bybit: score=30.0, p95=8549.4ms, stale=43.7s, reconnects=0
2026-07-24 12:27:56,797 INFO trader_dost_arun.ops.alerts telegram disabled: ⚠️ <b>Health warning</b> bybit: score=30.0, p95=8549.4ms, stale=43.7s, reconnects=0
2026-07-24 12:27:56,829 INFO trader_dost_arun.ops.alerts telegram disabled: ⚠️ <b>Health warning</b> bybit: score=30.0, p95=8549.4ms, stale=43.8s, reconnects=0
2026-07-24 12:27:56,853 INFO trader_dost_arun.ops.alerts telegram disabled: ⚠️ <b>Health warning</b> bybit: score=30.0, p95=8549.4ms, stale=43.8s, reconnects=0
2026-07-24 12:27:56,880 INFO trader_dost_arun.ops.alerts telegram disabled: ⚠️ <b>Health warning</b> bybit: score=30.0, p95=8549.4ms, stale=43.8s, reconnects=0
2026-07-24 12:27:56,903 INFO trader_dost_arun.ops.alerts telegram disabled: ⚠️ <b>Health warning</b> bybit: score=30.0, p95=8549.4ms, stale=43.8s, reconnects=0
2026-07-24 12:27:56,927 INFO trader_dost_arun.ops.alerts telegram disabled: ⚠️ <b>Health warning</b> bybit: score=30.0, p95=8549.4ms, stale=43.9s, reconnects=0
2026-07-24 12:27:56,951 INFO trader_dost_arun.ops.alerts telegram disabled: ⚠️ <b>Health warning</b> bybit: score=30.0, p95=8549.4ms, stale=43.9s, reconnects=0
2026-07-24 12:27:56,974 INFO trader_dost_arun.ops.alerts telegram disabled: ⚠️ <b>Health warning</b> bybit: score=30.0, p95=8549.4ms, stale=43.9s, reconnects=0
2026-07-24 12:27:56,997 INFO trader_dost_arun.ops.alerts telegram disabled: ⚠️ <b>Health warning</b> bybit: score=30.0, p95=8549.4ms, stale=43.9s, reconnects=0
2026-07-24 12:27:57,018 INFO trader_dost_arun.ops.alerts telegram disabled: ⚠️ <b>Health warning</b> bybit: score=30.0, p95=8549.4ms, stale=44.0s, reconnects=0
2026-07-24 12:27:57,039 INFO trader_dost_arun.ops.alerts telegram disabled: ⚠️ <b>Health warning</b> bybit: score=30.0, p95=8549.4ms, stale=44.0s, reconnects=0
2026-07-24 12:27:57,062 INFO trader_dost_arun.ops.alerts telegram disabled: ⚠️ <b>Health warning</b> bybit: score=30.0, p95=8549.4ms, stale=44.0s, reconnects=0
2026-07-24 12:27:57,085 INFO trader_dost_arun.ops.alerts telegram disabled: ⚠️ <b>Health warning</b> bybit: score=30.0, p95=8549.4ms, stale=44.0s, reconnects=0
2026-07-24 12:27:57,109 INFO trader_dost_arun.ops.alerts telegram disabled: ⚠️ <b>Health warning</b> bybit: score=30.0, p95=8549.4ms, stale=44.0s, reconnects=0
2026-07-24 12:27:57,132 INFO trader_dost_arun.ops.alerts telegram disabled: ⚠️ <b>Health warning</b> bybit: score=30.0, p95=8549.4ms, stale=44.1s, reconnects=0
2026-07-24 12:27:57,155 INFO trader_dost_arun.ops.alerts telegram disabled: ⚠️ <b>Health warning</b> bybit: score=30.0, p95=8549.4ms, stale=44.1s, reconnects=0
2026-07-24 12:27:57,178 INFO trader_dost_arun.ops.alerts telegram disabled: ⚠️ <b>Health warning</b> bybit: score=30.0, p95=8549.4ms, stale=44.1s, reconnects=0
2026-07-24 12:27:57,199 INFO trader_dost_arun.ops.alerts telegram disabled: ⚠️ <b>Health warning</b> bybit: score=30.0, p95=8549.4ms, stale=44.1s, reconnects=0
2026-07-24 12:27:57,220 INFO trader_dost_arun.ops.alerts telegram disabled: ⚠️ <b>Health warning</b> bybit: score=30.0, p95=8549.4ms, stale=44.2s, reconnects=0
2026-07-24 12:27:57,240 INFO trader_dost_arun.ops.alerts telegram disabled: ⚠️ <b>Health warning</b> bybit: score=30.0, p95=8549.4ms, stale=44.2s, reconnects=0
2026-07-24 12:27:57,262 INFO trader_dost_arun.ops.alerts telegram disabled: ⚠️ <b>Health warning</b> bybit: score=30.0, p95=8549.4ms, stale=44.2s, reconnects=0
2026-07-24 12:27:57,290 INFO trader_dost_arun.ops.alerts telegram disabled: ⚠️ <b>Health warning</b> bybit: score=30.0, p95=8549.4ms, stale=44.2s, reconnects=0
2026-07-24 12:27:57,313 INFO trader_dost_arun.ops.alerts telegram disabled: ⚠️ <b>Health warning</b> bybit: score=30.0, p95=8549.4ms, stale=44.2s, reconnects=0
2026-07-24 12:27:57,335 INFO trader_dost_arun.ops.alerts telegram disabled: ⚠️ <b>Health warning</b> bybit: score=30.0, p95=8549.4ms, stale=44.3s, reconnects=0
2026-07-24 12:27:57,358 INFO trader_dost_arun.ops.alerts telegram disabled: ⚠️ <b>Health warning</b> bybit: score=30.0, p95=8549.4ms, stale=44.3s, reconnects=0
2026-07-24 12:27:57,381 INFO trader_dost_arun.ops.alerts telegram disabled: ⚠️ <b>Health warning</b> bybit: score=30.0, p95=8549.4ms, stale=44.3s, reconnects=0
2026-07-24 12:27:57,406 INFO trader_dost_arun.ops.alerts telegram disabled: ⚠️ <b>Health warning</b> bybit: score=30.0, p95=8549.4ms, stale=44.3s, reconnects=0
2026-07-24 12:27:57,474 INFO trader_dost_arun.ops.alerts telegram disabled: ⚠️ <b>Health warning</b> bybit: score=30.0, p95=8549.4ms, stale=44.4s, reconnects=0
2026-07-24 12:27:57,497 INFO trader_dost_arun.ops.alerts telegram disabled: ⚠️ <b>Health warning</b> bybit: score=30.0, p95=8549.4ms, stale=44.4s, reconnects=0
2026-07-24 12:27:57,519 INFO trader_dost_arun.ops.alerts telegram disabled: ⚠️ <b>Health warning</b> bybit: score=30.0, p95=8549.4ms, stale=44.5s, reconnects=0
2026-07-24 12:27:57,540 INFO trader_dost_arun.ops.alerts telegram disabled: ⚠️ <b>Health warning</b> bybit: score=30.0, p95=8549.4ms, stale=44.5s, reconnects=0
2026-07-24 12:27:57,561 INFO trader_dost_arun.ops.alerts telegram disabled: ⚠️ <b>Health warning</b> bybit: score=30.0, p95=8549.4ms, stale=44.5s, reconnects=0
2026-07-24 12:27:57,584 INFO trader_dost_arun.ops.alerts telegram disabled: ⚠️ <b>Health warning</b> bybit: score=30.0, p95=8549.4ms, stale=44.5s, reconnects=0
2026-07-24 12:27:57,607 INFO trader_dost_arun.ops.alerts telegram disabled: ⚠️ <b>Health warning</b> bybit: score=30.0, p95=8549.4ms, stale=44.5s, reconnects=0
2026-07-24 12:27:57,630 INFO trader_dost_arun.ops.alerts telegram disabled: ⚠️ <b>Health warning</b> bybit: score=30.0, p95=8549.4ms, stale=44.6s, reconnects=0
2026-07-24 12:27:57,654 INFO trader_dost_arun.ops.alerts telegram disabled: ⚠️ <b>Health warning</b> bybit: score=30.0, p95=8549.4ms, stale=44.6s, reconnects=0
2026-07-24 12:27:57,677 INFO trader_dost_arun.ops.alerts telegram disabled: ⚠️ <b>Health warning</b> bybit: score=30.0, p95=8549.4ms, stale=44.6s, reconnects=0
2026-07-24 12:27:57,700 INFO trader_dost_arun.ops.alerts telegram disabled: ⚠️ <b>Health warning</b> bybit: score=30.0, p95=8549.4ms, stale=44.6s, reconnects=0
2026-07-24 12:27:57,729 INFO trader_dost_arun.ops.alerts telegram disabled: ⚠️ <b>Health warning</b> bybit: score=30.0, p95=8549.4ms, stale=44.7s, reconnects=0
2026-07-24 12:27:57,752 INFO trader_dost_arun.ops.alerts telegram disabled: ⚠️ <b>Health warning</b> bybit: score=30.0, p95=8549.4ms, stale=44.7s, reconnects=0
2026-07-24 12:27:57,774 INFO trader_dost_arun.ops.alerts telegram disabled: ⚠️ <b>Health warning</b> bybit: score=30.0, p95=8549.4ms, stale=44.7s, reconnects=0
2026-07-24 12:27:57,798 INFO trader_dost_arun.ops.alerts telegram disabled: ⚠️ <b>Health warning</b> bybit: score=30.0, p95=8549.4ms, stale=44.7s, reconnects=0
2026-07-24 12:27:57,819 INFO trader_dost_arun.ops.alerts telegram disabled: ⚠️ <b>Health warning</b> bybit: score=30.0, p95=8549.4ms, stale=44.8s, reconnects=0
2026-07-24 12:27:57,840 INFO trader_dost_arun.ops.alerts telegram disabled: ⚠️ <b>Health warning</b> bybit: score=30.0, p95=8549.4ms, stale=44.8s, reconnects=0
2026-07-24 12:27:57,865 INFO trader_dost_arun.ops.alerts telegram disabled: ⚠️ <b>Health warning</b> bybit: score=30.0, p95=8549.4ms, stale=44.8s, reconnects=0
2026-07-24 12:27:57,888 INFO trader_dost_arun.ops.alerts telegram disabled: ⚠️ <b>Health warning</b> bybit: score=30.0, p95=8549.4ms, stale=44.8s, reconnects=0
2026-07-24 12:27:57,912 INFO trader_dost_arun.ops.alerts telegram disabled: ⚠️ <b>Health warning</b> bybit: score=30.0, p95=8549.4ms, stale=44.8s, reconnects=0
2026-07-24 12:27:57,934 INFO trader_dost_arun.ops.alerts telegram disabled: ⚠️ <b>Health warning</b> bybit: score=30.0, p95=8549.4ms, stale=44.9s, reconnects=0
2026-07-24 12:27:57,956 INFO trader_dost_arun.ops.alerts telegram disabled: ⚠️ <b>Health warning</b> bybit: score=30.0, p95=8549.4ms, stale=44.9s, reconnects=0
2026-07-24 12:27:57,981 INFO trader_dost_arun.ops.alerts telegram disabled: ⚠️ <b>Health warning</b> bybit: score=30.0, p95=8549.4ms, stale=44.9s, reconnects=0
2026-07-24 12:27:58,003 INFO trader_dost_arun.ops.alerts telegram disabled: ⚠️ <b>Health warning</b> bybit: score=30.0, p95=8549.4ms, stale=44.9s, reconnects=0
2026-07-24 12:27:58,024 INFO trader_dost_arun.ops.alerts telegram disabled: ⚠️ <b>Health warning</b> bybit: score=30.0, p95=8549.4ms, stale=45.0s, reconnects=0
2026-07-24 12:27:58,046 INFO trader_dost_arun.ops.alerts telegram disabled: ⚠️ <b>Health warning</b> bybit: score=30.0, p95=8549.4ms, stale=45.0s, reconnects=0
2026-07-24 12:27:58,068 INFO trader_dost_arun.ops.alerts telegram disabled: ⚠️ <b>Health warning</b> bybit: score=30.0, p95=8549.4ms, stale=45.0s, reconnects=0
2026-07-24 12:27:58,071 INFO trader_dost_arun.ops.alerts telegram disabled: ⚠️ <b>Health warning</b> bybit: score=30.0, p95=8549.4ms, stale=45.0s, reconnects=0
2026-07-24 12:27:58,074 INFO trader_dost_arun.ops.alerts telegram disabled: ⚠️ <b>Health warning</b> bybit: score=30.0, p95=8549.4ms, stale=45.0s, reconnects=0
2026-07-24 12:27:58,076 INFO trader_dost_arun.ops.alerts telegram disabled: ⚠️ <b>Health warning</b> bybit: score=30.0, p95=8549.4ms, stale=45.0s, reconnects=0
2026-07-24 12:27:58,079 INFO trader_dost_arun.ops.alerts telegram disabled: ⚠️ <b>Health warning</b> bybit: score=30.0, p95=8549.4ms, stale=45.0s, reconnects=0
2026-07-24 12:27:58,081 INFO trader_dost_arun.ops.alerts telegram disabled: ⚠️ <b>Health warning</b> bybit: score=30.0, p95=8549.4ms, stale=45.0s, reconnects=0
2026-07-24 12:27:58,084 INFO trader_dost_arun.ops.alerts telegram disabled: ⚠️ <b>Health warning</b> bybit: score=30.0, p95=8549.4ms, stale=45.0s, reconnects=0
2026-07-24 12:27:58,087 INFO trader_dost_arun.ops.alerts telegram disabled: ⚠️ <b>Health warning</b> bybit: score=30.0, p95=8549.4ms, stale=45.0s, reconnects=0
2026-07-24 12:27:58,089 INFO trader_dost_arun.ops.alerts telegram disabled: ⚠️ <b>Health warning</b> bybit: score=30.0, p95=8549.4ms, stale=45.0s, reconnects=0
2026-07-24 12:27:58,092 INFO trader_dost_arun.ops.alerts telegram disabled: ⚠️ <b>Health warning</b> bybit: score=30.0, p95=8549.4ms, stale=45.0s, reconnects=0
2026-07-24 12:27:58,095 INFO trader_dost_arun.ops.alerts telegram disabled: ⚠️ <b>Health warning</b> bybit: score=30.0, p95=8549.4ms, stale=45.0s, reconnects=0
2026-07-24 12:27:58,097 INFO trader_dost_arun.ops.alerts telegram disabled: ⚠️ <b>Health warning</b> bybit: score=30.0, p95=8549.4ms, stale=45.0s, reconnects=0
2026-07-24 12:27:58,100 INFO trader_dost_arun.ops.alerts telegram disabled: ⚠️ <b>Health warning</b> bybit: score=30.0, p95=8549.4ms, stale=45.0s, reconnects=0
2026-07-24 12:27:58,103 INFO trader_dost_arun.ops.alerts telegram disabled: ⚠️ <b>Health warning</b> bybit: score=30.0, p95=8549.4ms, stale=45.0s, reconnects=0
2026-07-24 12:27:58,106 INFO trader_dost_arun.ops.alerts telegram disabled: ⚠️ <b>Health warning</b> bybit: score=30.0, p95=8549.4ms, stale=45.0s, reconnects=0
2026-07-24 12:27:58,109 INFO trader_dost_arun.ops.alerts telegram disabled: ⚠️ <b>Health warning</b> bybit: score=30.0, p95=8549.4ms, stale=45.0s, reconnects=0
2026-07-24 12:27:58,112 INFO trader_dost_arun.ops.alerts telegram disabled: ⚠️ <b>Health warning</b> bybit: score=30.0, p95=8549.4ms, stale=45.0s, reconnects=0
2026-07-24 12:27:58,114 INFO trader_dost_arun.ops.alerts telegram disabled: ⚠️ <b>Health warning</b> bybit: score=30.0, p95=8549.4ms, stale=45.0s, reconnects=0
2026-07-24 12:27:58,118 INFO trader_dost_arun.ops.alerts telegram disabled: ⚠️ <b>Health warning</b> bybit: score=30.0, p95=8549.4ms, stale=45.1s, reconnects=0
2026-07-24 12:27:58,121 INFO trader_dost_arun.ops.alerts telegram disabled: ⚠️ <b>Health warning</b> bybit: score=30.0, p95=8549.4ms, stale=45.1s, reconnects=0
2026-07-24 12:27:58,124 INFO trader_dost_arun.ops.alerts telegram disabled: ⚠️ <b>Health warning</b> bybit: score=30.0, p95=8549.4ms, stale=45.1s, reconnects=0
2026-07-24 12:27:58,127 INFO trader_dost_arun.ops.alerts telegram disabled: ⚠️ <b>Health warning</b> bybit: score=30.0, p95=8549.4ms, stale=45.1s, reconnects=0
2026-07-24 12:27:58,130 INFO trader_dost_arun.ops.alerts telegram disabled: ⚠️ <b>Health warning</b> bybit: score=30.0, p95=8549.4ms, stale=45.1s, reconnects=0
2026-07-24 12:27:58,133 INFO trader_dost_arun.ops.alerts telegram disabled: ⚠️ <b>Health warning</b> bybit: score=30.0, p95=8549.4ms, stale=45.1s, reconnects=0
2026-07-24 12:27:58,136 INFO trader_dost_arun.ops.alerts telegram disabled: ⚠️ <b>Health warning</b> bybit: score=30.0, p95=8549.4ms, stale=45.1s, reconnects=0
2026-07-24 12:27:58,139 INFO trader_dost_arun.ops.alerts telegram disabled: ⚠️ <b>Health warning</b> bybit: score=30.0, p95=8549.4ms, stale=45.1s, reconnects=0
2026-07-24 12:27:58,142 INFO trader_dost_arun.ops.alerts telegram disabled: ⚠️ <b>Health warning</b> bybit: score=30.0, p95=8549.4ms, stale=45.1s, reconnects=0
2026-07-24 12:27:58,145 INFO trader_dost_arun.ops.alerts telegram disabled: ⚠️ <b>Health warning</b> bybit: score=30.0, p95=8549.4ms, stale=45.1s, reconnects=0
2026-07-24 12:27:58,148 INFO trader_dost_arun.ops.alerts telegram disabled: ⚠️ <b>Health warning</b> bybit: score=30.0, p95=8549.4ms, stale=45.1s, reconnects=0
2026-07-24 12:27:58,151 INFO trader_dost_arun.ops.alerts telegram disabled: ⚠️ <b>Health warning</b> bybit: score=30.0, p95=8549.4ms, stale=45.1s, reconnects=0
2026-07-24 12:27:58,154 INFO trader_dost_arun.ops.alerts telegram disabled: ⚠️ <b>Health warning</b> bybit: score=30.0, p95=8549.4ms, stale=45.1s, reconnects=0
2026-07-24 12:27:58,158 INFO trader_dost_arun.ops.alerts telegram disabled: ⚠️ <b>Health warning</b> bybit: score=30.0, p95=8549.4ms, stale=45.1s, reconnects=0
2026-07-24 12:27:58,162 INFO trader_dost_arun.ops.alerts telegram disabled: ⚠️ <b>Health warning</b> bybit: score=30.0, p95=8549.4ms, stale=45.1s, reconnects=0
2026-07-24 12:27:58,165 INFO trader_dost_arun.ops.alerts telegram disabled: ⚠️ <b>Health warning</b> bybit: score=30.0, p95=8549.4ms, stale=45.1s, reconnects=0
2026-07-24 12:27:58,168 INFO trader_dost_arun.ops.alerts telegram disabled: ⚠️ <b>Health warning</b> bybit: score=30.0, p95=8549.4ms, stale=45.1s, reconnects=0
2026-07-24 12:27:58,172 INFO trader_dost_arun.ops.alerts telegram disabled: ⚠️ <b>Health warning</b> bybit: score=30.0, p95=8549.4ms, stale=45.1s, reconnects=0
2026-07-24 12:27:58,175 INFO trader_dost_arun.ops.alerts telegram disabled: ⚠️ <b>Health warning</b> bybit: score=30.0, p95=8549.4ms, stale=45.1s, reconnects=0
2026-07-24 12:27:58,179 INFO trader_dost_arun.ops.alerts telegram disabled: ⚠️ <b>Health warning</b> bybit: score=30.0, p95=8549.4ms, stale=45.1s, reconnects=0
2026-07-24 12:27:58,182 INFO trader_dost_arun.ops.alerts telegram disabled: ⚠️ <b>Health warning</b> bybit: score=30.0, p95=8549.4ms, stale=45.1s, reconnects=0
2026-07-24 12:27:58,185 INFO trader_dost_arun.ops.alerts telegram disabled: ⚠️ <b>Health warning</b> bybit: score=30.0, p95=8549.4ms, stale=45.1s, reconnects=0
2026-07-24 12:27:58,189 INFO trader_dost_arun.ops.alerts telegram disabled: ⚠️ <b>Health warning</b> bybit: score=30.0, p95=8549.4ms, stale=45.1s, reconnects=0
2026-07-24 12:27:58,192 INFO trader_dost_arun.ops.alerts telegram disabled: ⚠️ <b>Health warning</b> bybit: score=30.0, p95=8549.4ms, stale=45.1s, reconnects=0
2026-07-24 12:27:58,195 INFO trader_dost_arun.ops.alerts telegram disabled: ⚠️ <b>Health warning</b> bybit: score=30.0, p95=8549.4ms, stale=45.1s, reconnects=0
2026-07-24 12:27:58,200 INFO trader_dost_arun.ops.alerts telegram disabled: ⚠️ <b>Health warning</b> bybit: score=30.0, p95=8549.4ms, stale=45.1s, reconnects=0
2026-07-24 12:27:58,203 INFO trader_dost_arun.ops.alerts telegram disabled: ⚠️ <b>Health warning</b> bybit: score=30.0, p95=8549.4ms, stale=45.1s, reconnects=0
2026-07-24 12:27:58,206 INFO trader_dost_arun.ops.alerts telegram disabled: ⚠️ <b>Health warning</b> bybit: score=30.0, p95=8549.4ms, stale=45.1s, reconnects=0
2026-07-24 12:27:58,209 INFO trader_dost_arun.ops.alerts telegram disabled: ⚠️ <b>Health warning</b> bybit: score=30.0, p95=8549.4ms, stale=45.1s, reconnects=0
2026-07-24 12:27:58,213 INFO trader_dost_arun.ops.alerts telegram disabled: ⚠️ <b>Health warning</b> bybit: score=30.0, p95=8549.4ms, stale=45.1s, reconnects=0
2026-07-24 12:27:58,216 INFO trader_dost_arun.ops.alerts telegram disabled: ⚠️ <b>Health warning</b> bybit: score=30.0, p95=8549.4ms, stale=45.1s, reconnects=0
2026-07-24 12:27:58,219 INFO trader_dost_arun.ops.alerts telegram disabled: ⚠️ <b>Health warning</b> bybit: score=30.0, p95=8549.4ms, stale=45.2s, reconnects=0
2026-07-24 12:27:58,222 INFO trader_dost_arun.ops.alerts telegram disabled: ⚠️ <b>Health warning</b> bybit: score=30.0, p95=8549.4ms, stale=45.2s, reconnects=0
2026-07-24 12:27:58,226 INFO trader_dost_arun.ops.alerts telegram disabled: ⚠️ <b>Health warning</b> bybit: score=30.0, p95=8549.4ms, stale=45.2s, reconnects=0
2026-07-24 12:27:58,229 INFO trader_dost_arun.ops.alerts telegram disabled: ⚠️ <b>Health warning</b> bybit: score=30.0, p95=8549.4ms, stale=45.2s, reconnects=0
2026-07-24 12:27:58,233 INFO trader_dost_arun.ops.alerts telegram disabled: ⚠️ <b>Health warning</b> bybit: score=30.0, p95=8549.4ms, stale=45.2s, reconnects=0
2026-07-24 12:27:58,236 INFO trader_dost_arun.ops.alerts telegram disabled: ⚠️ <b>Health warning</b> bybit: score=30.0, p95=8549.4ms, stale=45.2s, reconnects=0
2026-07-24 12:27:58,240 INFO trader_dost_arun.ops.alerts telegram disabled: ⚠️ <b>Health warning</b> bybit: score=30.0, p95=8549.4ms, stale=45.2s, reconnects=0
2026-07-24 12:27:58,243 INFO trader_dost_arun.ops.alerts telegram disabled: ⚠️ <b>Health warning</b> bybit: score=30.0, p95=8549.4ms, stale=45.2s, reconnects=0
2026-07-24 12:27:58,247 INFO trader_dost_arun.ops.alerts telegram disabled: ⚠️ <b>Health warning</b> bybit: score=30.0, p95=8549.4ms, stale=45.2s, reconnects=0
2026-07-24 12:27:58,251 INFO trader_dost_arun.ops.alerts telegram disabled: ⚠️ <b>Health warning</b> bybit: score=30.0, p95=8549.4ms, stale=45.2s, reconnects=0
2026-07-24 12:27:58,254 INFO trader_dost_arun.ops.alerts telegram disabled: ⚠️ <b>Health warning</b> bybit: score=30.0, p95=8549.4ms, stale=45.2s, reconnects=0
2026-07-24 12:27:58,258 INFO trader_dost_arun.ops.alerts telegram disabled: ⚠️ <b>Health warning</b> bybit: score=30.0, p95=8549.4ms, stale=45.2s, reconnects=0
2026-07-24 12:27:58,261 INFO trader_dost_arun.ops.alerts telegram disabled: ⚠️ <b>Health warning</b> bybit: score=30.0, p95=8549.4ms, stale=45.2s, reconnects=0
2026-07-24 12:27:58,265 INFO trader_dost_arun.ops.alerts telegram disabled: ⚠️ <b>Health warning</b> bybit: score=30.0, p95=8549.4ms, stale=45.2s, reconnects=0
2026-07-24 12:27:58,269 INFO trader_dost_arun.ops.alerts telegram disabled: ⚠️ <b>Health warning</b> bybit: score=30.0, p95=8549.4ms, stale=45.2s, reconnects=0
2026-07-24 12:27:58,272 INFO trader_dost_arun.ops.alerts telegram disabled: ⚠️ <b>Health warning</b> bybit: score=30.0, p95=8549.4ms, stale=45.2s, reconnects=0
2026-07-24 12:27:58,276 INFO trader_dost_arun.ops.alerts telegram disabled: ⚠️ <b>Health warning</b> bybit: score=30.0, p95=8549.4ms, stale=45.2s, reconnects=0
2026-07-24 12:27:58,279 INFO trader_dost_arun.ops.alerts telegram disabled: ⚠️ <b>Health warning</b> bybit: score=30.0, p95=8549.4ms, stale=45.2s, reconnects=0
2026-07-24 12:27:58,283 INFO trader_dost_arun.ops.alerts telegram disabled: ⚠️ <b>Health warning</b> bybit: score=30.0, p95=8549.4ms, stale=45.2s, reconnects=0
2026-07-24 12:27:58,287 INFO trader_dost_arun.ops.alerts telegram disabled: ⚠️ <b>Health warning</b> bybit: score=30.0, p95=8549.4ms, stale=45.2s, reconnects=0
2026-07-24 12:27:58,291 INFO trader_dost_arun.ops.alerts telegram disabled: ⚠️ <b>Health warning</b> bybit: score=30.0, p95=8549.4ms, stale=45.2s, reconnects=0
2026-07-24 12:27:58,294 INFO trader_dost_arun.ops.alerts telegram disabled: ⚠️ <b>Health warning</b> bybit: score=30.0, p95=8549.4ms, stale=45.2s, reconnects=0
2026-07-24 12:27:58,298 INFO trader_dost_arun.ops.alerts telegram disabled: ⚠️ <b>Health warning</b> bybit: score=30.0, p95=8549.4ms, stale=45.2s, reconnects=0
2026-07-24 12:27:58,302 INFO trader_dost_arun.ops.alerts telegram disabled: ⚠️ <b>Health warning</b> bybit: score=30.0, p95=8549.4ms, stale=45.2s, reconnects=0
2026-07-24 12:27:58,305 INFO trader_dost_arun.ops.alerts telegram disabled: ⚠️ <b>Health warning</b> bybit: score=30.0, p95=8549.4ms, stale=45.2s, reconnects=0
2026-07-24 12:27:58,309 INFO trader_dost_arun.ops.alerts telegram disabled: ⚠️ <b>Health warning</b> bybit: score=30.0, p95=8549.4ms, stale=45.2s, reconnects=0
2026-07-24 12:27:58,313 INFO trader_dost_arun.ops.alerts telegram disabled: ⚠️ <b>Health warning</b> bybit: score=30.0, p95=8549.4ms, stale=45.2s, reconnects=0
2026-07-24 12:27:58,316 INFO trader_dost_arun.ops.alerts telegram disabled: ⚠️ <b>Health warning</b> bybit: score=30.0, p95=8549.4ms, stale=45.2s, reconnects=0
2026-07-24 12:27:58,320 INFO trader_dost_arun.ops.alerts telegram disabled: ⚠️ <b>Health warning</b> bybit: score=30.0, p95=8549.4ms, stale=45.3s, reconnects=0
2026-07-24 12:27:58,324 INFO trader_dost_arun.ops.alerts telegram disabled: ⚠️ <b>Health warning</b> bybit: score=30.0, p95=8549.4ms, stale=45.3s, reconnects=0
2026-07-24 12:27:58,328 INFO trader_dost_arun.ops.alerts telegram disabled: ⚠️ <b>Health warning</b> bybit: score=30.0, p95=8549.4ms, stale=45.3s, reconnects=0
2026-07-24 12:27:58,332 INFO trader_dost_arun.ops.alerts telegram disabled: ⚠️ <b>Health warning</b> bybit: score=30.0, p95=8549.4ms, stale=45.3s, reconnects=0
2026-07-24 12:27:58,336 INFO trader_dost_arun.ops.alerts telegram disabled: ⚠️ <b>Health warning</b> bybit: score=30.0, p95=8549.4ms, stale=45.3s, reconnects=0
2026-07-24 12:27:58,339 INFO trader_dost_arun.ops.alerts telegram disabled: ⚠️ <b>Health warning</b> bybit: score=30.0, p95=8549.4ms, stale=45.3s, reconnects=0
2026-07-24 12:27:58,343 INFO trader_dost_arun.ops.alerts telegram disabled: ⚠️ <b>Health warning</b> bybit: score=30.0, p95=8549.4ms, stale=45.3s, reconnects=0
2026-07-24 12:27:58,347 INFO trader_dost_arun.ops.alerts telegram disabled: ⚠️ <b>Health warning</b> bybit: score=30.0, p95=8549.4ms, stale=45.3s, reconnects=0
2026-07-24 12:27:58,351 INFO trader_dost_arun.ops.alerts telegram disabled: ⚠️ <b>Health warning</b> bybit: score=30.0, p95=8549.4ms, stale=45.3s, reconnects=0
2026-07-24 12:27:58,355 INFO trader_dost_arun.ops.alerts telegram disabled: ⚠️ <b>Health warning</b> bybit: score=30.0, p95=8549.4ms, stale=45.3s, reconnects=0
2026-07-24 12:27:58,359 INFO trader_dost_arun.ops.alerts telegram disabled: ⚠️ <b>Health warning</b> bybit: score=30.0, p95=8549.4ms, stale=45.3s, reconnects=0
2026-07-24 12:27:58,362 INFO trader_dost_arun.ops.alerts telegram disabled: ⚠️ <b>Health warning</b> bybit: score=30.0, p95=8549.4ms, stale=45.3s, reconnects=0
2026-07-24 12:27:58,366 INFO trader_dost_arun.ops.alerts telegram disabled: ⚠️ <b>Health warning</b> bybit: score=30.0, p95=8549.4ms, stale=45.3s, reconnects=0
2026-07-24 12:27:58,371 INFO trader_dost_arun.ops.alerts telegram disabled: ⚠️ <b>Health warning</b> bybit: score=30.0, p95=8549.4ms, stale=45.3s, reconnects=0
2026-07-24 12:27:58,376 INFO trader_dost_arun.ops.alerts telegram disabled: ⚠️ <b>Health warning</b> bybit: score=30.0, p95=8549.4ms, stale=45.3s, reconnects=0
2026-07-24 12:27:58,380 INFO trader_dost_arun.ops.alerts telegram disabled: ⚠️ <b>Health warning</b> bybit: score=30.0, p95=8549.4ms, stale=45.3s, reconnects=0
2026-07-24 12:27:58,384 INFO trader_dost_arun.ops.alerts telegram disabled: ⚠️ <b>Health warning</b> bybit: score=30.0, p95=8549.4ms, stale=45.3s, reconnects=0
2026-07-24 12:27:58,388 INFO trader_dost_arun.ops.alerts telegram disabled: ⚠️ <b>Health warning</b> bybit: score=30.0, p95=8549.4ms, stale=45.3s, reconnects=0
2026-07-24 12:27:58,392 INFO trader_dost_arun.ops.alerts telegram disabled: ⚠️ <b>Health warning</b> bybit: score=30.0, p95=8549.4ms, stale=45.3s, reconnects=0
2026-07-24 12:27:58,396 INFO trader_dost_arun.ops.alerts telegram disabled: ⚠️ <b>Health warning</b> bybit: score=30.0, p95=8549.4ms, stale=45.3s, reconnects=0
2026-07-24 12:27:58,400 INFO trader_dost_arun.ops.alerts telegram disabled: ⚠️ <b>Health warning</b> bybit: score=30.0, p95=8549.4ms, stale=45.3s, reconnects=0
2026-07-24 12:27:58,404 INFO trader_dost_arun.ops.alerts telegram disabled: ⚠️ <b>Health warning</b> bybit: score=30.0, p95=8549.4ms, stale=45.3s, reconnects=0
2026-07-24 12:27:58,408 INFO trader_dost_arun.ops.alerts telegram disabled: ⚠️ <b>Health warning</b> bybit: score=30.0, p95=8549.4ms, stale=45.3s, reconnects=0
2026-07-24 12:27:58,413 INFO trader_dost_arun.ops.alerts telegram disabled: ⚠️ <b>Health warning</b> bybit: score=30.0, p95=8549.4ms, stale=45.3s, reconnects=0
2026-07-24 12:27:58,418 INFO trader_dost_arun.ops.alerts telegram disabled: ⚠️ <b>Health warning</b> bybit: score=30.0, p95=8549.4ms, stale=45.4s, reconnects=0
2026-07-24 12:27:58,422 INFO trader_dost_arun.ops.alerts telegram disabled: ⚠️ <b>Health warning</b> bybit: score=30.0, p95=8549.4ms, stale=45.4s, reconnects=0
2026-07-24 12:27:58,426 INFO trader_dost_arun.ops.alerts telegram disabled: ⚠️ <b>Health warning</b> bybit: score=30.0, p95=8549.4ms, stale=45.4s, reconnects=0
2026-07-24 12:27:58,430 INFO trader_dost_arun.ops.alerts telegram disabled: ⚠️ <b>Health warning</b> bybit: score=30.0, p95=8549.4ms, stale=45.4s, reconnects=0
2026-07-24 12:27:58,434 INFO trader_dost_arun.ops.alerts telegram disabled: ⚠️ <b>Health warning</b> bybit: score=30.0, p95=8549.4ms, stale=45.4s, reconnects=0
2026-07-24 12:27:58,438 INFO trader_dost_arun.ops.alerts telegram disabled: ⚠️ <b>Health warning</b> bybit: score=30.0, p95=8549.4ms, stale=45.4s, reconnects=0
2026-07-24 12:27:58,443 INFO trader_dost_arun.ops.alerts telegram disabled: ⚠️ <b>Health warning</b> bybit: score=30.0, p95=8549.4ms, stale=45.4s, reconnects=0
2026-07-24 12:27:58,447 INFO trader_dost_arun.ops.alerts telegram disabled: ⚠️ <b>Health warning</b> bybit: score=30.0, p95=8549.4ms, stale=45.4s, reconnects=0
2026-07-24 12:27:58,451 INFO trader_dost_arun.ops.alerts telegram disabled: ⚠️ <b>Health warning</b> bybit: score=30.0, p95=8549.4ms, stale=45.4s, reconnects=0
2026-07-24 12:27:58,455 INFO trader_dost_arun.ops.alerts telegram disabled: ⚠️ <b>Health warning</b> bybit: score=30.0, p95=8549.4ms, stale=45.4s, reconnects=0
2026-07-24 12:27:58,460 INFO trader_dost_arun.ops.alerts telegram disabled: ⚠️ <b>Health warning</b> bybit: score=30.0, p95=8549.4ms, stale=45.4s, reconnects=0
2026-07-24 12:27:58,464 INFO trader_dost_arun.ops.alerts telegram disabled: ⚠️ <b>Health warning</b> bybit: score=30.0, p95=8549.4ms, stale=45.4s, reconnects=0
2026-07-24 12:27:58,468 INFO trader_dost_arun.ops.alerts telegram disabled: ⚠️ <b>Health warning</b> bybit: score=30.0, p95=8549.4ms, stale=45.4s, reconnects=0
2026-07-24 12:27:58,472 INFO trader_dost_arun.ops.alerts telegram disabled: ⚠️ <b>Health warning</b> bybit: score=30.0, p95=8549.4ms, stale=45.4s, reconnects=0
2026-07-24 12:27:58,476 INFO trader_dost_arun.ops.alerts telegram disabled: ⚠️ <b>Health warning</b> bybit: score=30.0, p95=8549.4ms, stale=45.4s, reconnects=0
2026-07-24 12:27:58,480 INFO trader_dost_arun.ops.alerts telegram disabled: ⚠️ <b>Health warning</b> bybit: score=30.0, p95=8549.4ms, stale=45.4s, reconnects=0
2026-07-24 12:27:58,484 INFO trader_dost_arun.ops.alerts telegram disabled: ⚠️ <b>Health warning</b> bybit: score=30.0, p95=8549.4ms, stale=45.4s, reconnects=0
2026-07-24 12:27:58,488 INFO trader_dost_arun.ops.alerts telegram disabled: ⚠️ <b>Health warning</b> bybit: score=30.0, p95=8549.4ms, stale=45.4s, reconnects=0
2026-07-24 12:27:58,493 INFO trader_dost_arun.ops.alerts telegram disabled: ⚠️ <b>Health warning</b> bybit: score=30.0, p95=8549.4ms, stale=45.4s, reconnects=0
2026-07-24 12:27:58,497 INFO trader_dost_arun.ops.alerts telegram disabled: ⚠️ <b>Health warning</b> bybit: score=30.0, p95=8549.4ms, stale=45.4s, reconnects=0
2026-07-24 12:27:58,501 INFO trader_dost_arun.ops.alerts telegram disabled: ⚠️ <b>Health warning</b> bybit: score=30.0, p95=8549.4ms, stale=45.4s, reconnects=0
2026-07-24 12:27:58,505 INFO trader_dost_arun.ops.alerts telegram disabled: ⚠️ <b>Health warning</b> bybit: score=30.0, p95=8549.4ms, stale=45.4s, reconnects=0
2026-07-24 12:27:58,509 INFO trader_dost_arun.ops.alerts telegram disabled: ⚠️ <b>Health warning</b> bybit: score=30.0, p95=8549.4ms, stale=45.4s, reconnects=0
2026-07-24 12:27:58,513 INFO trader_dost_arun.ops.alerts telegram disabled: ⚠️ <b>Health warning</b> bybit: score=30.0, p95=8549.4ms, stale=45.4s, reconnects=0
2026-07-24 12:27:58,518 INFO trader_dost_arun.ops.alerts telegram disabled: ⚠️ <b>Health warning</b> bybit: score=30.0, p95=8549.4ms, stale=45.5s, reconnects=0
2026-07-24 12:27:58,522 INFO trader_dost_arun.ops.alerts telegram disabled: ⚠️ <b>Health warning</b> bybit: score=30.0, p95=8549.4ms, stale=45.5s, reconnects=0
2026-07-24 12:27:58,526 INFO trader_dost_arun.ops.alerts telegram disabled: ⚠️ <b>Health warning</b> bybit: score=30.0, p95=8549.4ms, stale=45.5s, reconnects=0
2026-07-24 12:27:58,530 INFO trader_dost_arun.ops.alerts telegram disabled: ⚠️ <b>Health warning</b> bybit: score=30.0, p95=8549.4ms, stale=45.5s, reconnects=0
2026-07-24 12:27:58,534 INFO trader_dost_arun.ops.alerts telegram disabled: ⚠️ <b>Health warning</b> bybit: score=30.0, p95=8549.4ms, stale=45.5s, reconnects=0
2026-07-24 12:27:58,538 INFO trader_dost_arun.ops.alerts telegram disabled: ⚠️ <b>Health warning</b> bybit: score=30.0, p95=8549.4ms, stale=45.5s, reconnects=0
2026-07-24 12:27:58,542 INFO trader_dost_arun.ops.alerts telegram disabled: ⚠️ <b>Health warning</b> bybit: score=30.0, p95=8549.4ms, stale=45.5s, reconnects=0
2026-07-24 12:27:58,547 INFO trader_dost_arun.ops.alerts telegram disabled: ⚠️ <b>Health warning</b> bybit: score=30.0, p95=8549.4ms, stale=45.5s, reconnects=0
2026-07-24 12:27:58,551 INFO trader_dost_arun.ops.alerts telegram disabled: ⚠️ <b>Health warning</b> bybit: score=30.0, p95=8549.4ms, stale=45.5s, reconnects=0
2026-07-24 12:27:58,555 INFO trader_dost_arun.ops.alerts telegram disabled: ⚠️ <b>Health warning</b> bybit: score=30.0, p95=8549.4ms, stale=45.5s, reconnects=0
2026-07-24 12:27:58,560 INFO trader_dost_arun.ops.alerts telegram disabled: ⚠️ <b>Health warning</b> bybit: score=30.0, p95=8549.4ms, stale=45.5s, reconnects=0
2026-07-24 12:27:58,564 INFO trader_dost_arun.ops.alerts telegram disabled: ⚠️ <b>Health warning</b> bybit: score=30.0, p95=8549.4ms, stale=45.5s, reconnects=0
2026-07-24 12:27:58,568 INFO trader_dost_arun.ops.alerts telegram disabled: ⚠️ <b>Health warning</b> bybit: score=30.0, p95=8549.4ms, stale=45.5s, reconnects=0
2026-07-24 12:27:58,572 INFO trader_dost_arun.ops.alerts telegram disabled: ⚠️ <b>Health warning</b> bybit: score=30.0, p95=8549.4ms, stale=45.5s, reconnects=0
2026-07-24 12:27:58,577 INFO trader_dost_arun.ops.alerts telegram disabled: ⚠️ <b>Health warning</b> bybit: score=30.0, p95=8549.4ms, stale=45.5s, reconnects=0
2026-07-24 12:27:58,581 INFO trader_dost_arun.ops.alerts telegram disabled: ⚠️ <b>Health warning</b> bybit: score=30.0, p95=8549.4ms, stale=45.5s, reconnects=0
2026-07-24 12:27:58,585 INFO trader_dost_arun.ops.alerts telegram disabled: ⚠️ <b>Health warning</b> bybit: score=30.0, p95=8549.4ms, stale=45.5s, reconnects=0
2026-07-24 12:27:58,589 INFO trader_dost_arun.ops.alerts telegram disabled: ⚠️ <b>Health warning</b> bybit: score=30.0, p95=8549.4ms, stale=45.5s, reconnects=0
2026-07-24 12:27:58,594 INFO trader_dost_arun.ops.alerts telegram disabled: ⚠️ <b>Health warning</b> bybit: score=30.0, p95=8549.4ms, stale=45.5s, reconnects=0
2026-07-24 12:27:58,598 INFO trader_dost_arun.ops.alerts telegram disabled: ⚠️ <b>Health warning</b> bybit: score=30.0, p95=8549.4ms, stale=45.5s, reconnects=0
2026-07-24 12:27:58,603 INFO trader_dost_arun.ops.alerts telegram disabled: ⚠️ <b>Health warning</b> bybit: score=30.0, p95=8549.4ms, stale=45.5s, reconnects=0
2026-07-24 12:27:58,607 INFO trader_dost_arun.ops.alerts telegram disabled: ⚠️ <b>Health warning</b> bybit: score=30.0, p95=8549.4ms, stale=45.5s, reconnects=0
2026-07-24 12:27:58,612 INFO trader_dost_arun.ops.alerts telegram disabled: ⚠️ <b>Health warning</b> bybit: score=30.0, p95=8549.4ms, stale=45.5s, reconnects=0
2026-07-24 12:27:58,616 INFO trader_dost_arun.ops.alerts telegram disabled: ⚠️ <b>Health warning</b> bybit: score=30.0, p95=8549.4ms, stale=45.5s, reconnects=0
2026-07-24 12:27:58,620 INFO trader_dost_arun.ops.alerts telegram disabled: ⚠️ <b>Health warning</b> bybit: score=30.0, p95=8549.4ms, stale=45.6s, reconnects=0
2026-07-24 12:27:58,625 INFO trader_dost_arun.ops.alerts telegram disabled: ⚠️ <b>Health warning</b> bybit: score=30.0, p95=8549.4ms, stale=45.6s, reconnects=0
2026-07-24 12:27:58,629 INFO trader_dost_arun.ops.alerts telegram disabled: ⚠️ <b>Health warning</b> bybit: score=30.0, p95=8549.4ms, stale=45.6s, reconnects=0
2026-07-24 12:27:58,634 INFO trader_dost_arun.ops.alerts telegram disabled: ⚠️ <b>Health warning</b> bybit: score=30.0, p95=8549.4ms, stale=45.6s, reconnects=0
